Date,AQI,City,AQI_Bucket
01-01-2019,118,Bengaluru,Moderate
02-01-2019,92,Bengaluru,Satisfactory
03-01-2019,93,Bengaluru,Satisfactory
04-01-2019,104,Bengaluru,Moderate
05-01-2019,102,Bengaluru,Moderate
06-01-2019,115,Bengaluru,Moderate
07-01-2019,113,Bengaluru,Moderate
08-01-2019,108,Bengaluru,Moderate
09-01-2019,133,Bengaluru,Moderate
10-01-2019,125,Bengaluru,Moderate
11-01-2019,135,Bengaluru,Moderate
12-01-2019,133,Bengaluru,Moderate
13-01-2019,127,Bengaluru,Moderate
14-01-2019,108,Bengaluru,Moderate
15-01-2019,105,Bengaluru,Moderate
16-01-2019,113,Bengaluru,Moderate
17-01-2019,116,Bengaluru,Moderate
18-01-2019,152,Bengaluru,Moderate
19-01-2019,116,Bengaluru,Moderate
20-01-2019,84,Bengaluru,Satisfactory
21-01-2019,103,Bengaluru,Moderate
22-01-2019,162,Bengaluru,Moderate
23-01-2019,125,Bengaluru,Moderate
24-01-2019,122,Bengaluru,Moderate
25-01-2019,93,Bengaluru,Satisfactory
26-01-2019,101,Bengaluru,Moderate
27-01-2019,96,Bengaluru,Satisfactory
28-01-2019,82,Bengaluru,Satisfactory
29-01-2019,59,Bengaluru,Satisfactory
30-01-2019,95,Bengaluru,Satisfactory
31-01-2019,112,Bengaluru,Moderate
01-02-2019,93,Bengaluru,Satisfactory
02-02-2019,101,Bengaluru,Moderate
03-02-2019,95,Bengaluru,Satisfactory
04-02-2019,67,Bengaluru,Satisfactory
05-02-2019,81,Bengaluru,Satisfactory
06-02-2019,107,Bengaluru,Moderate
07-02-2019,152,Bengaluru,Moderate
08-02-2019,106,Bengaluru,Moderate
09-02-2019,165,Bengaluru,Moderate
10-02-2019,107,Bengaluru,Moderate
11-02-2019,72,Bengaluru,Satisfactory
12-02-2019,83,Bengaluru,Satisfactory
13-02-2019,100,Bengaluru,Satisfactory
14-02-2019,78,Bengaluru,Satisfactory
15-02-2019,125,Bengaluru,Moderate
16-02-2019,94,Bengaluru,Satisfactory
17-02-2019,119,Bengaluru,Moderate
18-02-2019,104,Bengaluru,Moderate
19-02-2019,112,Bengaluru,Moderate
20-02-2019,77,Bengaluru,Satisfactory
21-02-2019,84,Bengaluru,Satisfactory
22-02-2019,92,Bengaluru,Satisfactory
23-02-2019,106,Bengaluru,Moderate
24-02-2019,102,Bengaluru,Moderate
25-02-2019,94,Bengaluru,Satisfactory
26-02-2019,128,Bengaluru,Moderate
27-02-2019,111,Bengaluru,Moderate
28-02-2019,127,Bengaluru,Moderate
01-03-2019,149,Bengaluru,Moderate
02-03-2019,104,Bengaluru,Moderate
03-03-2019,141,Bengaluru,Moderate
04-03-2019,130,Bengaluru,Moderate
05-03-2019,110,Bengaluru,Moderate
06-03-2019,116,Bengaluru,Moderate
07-03-2019,143,Bengaluru,Moderate
08-03-2019,164,Bengaluru,Moderate
09-03-2019,144,Bengaluru,Moderate
10-03-2019,95,Bengaluru,Satisfactory
11-03-2019,81,Bengaluru,Satisfactory
12-03-2019,103,Bengaluru,Moderate
13-03-2019,115,Bengaluru,Moderate
14-03-2019,114,Bengaluru,Moderate
15-03-2019,98,Bengaluru,Satisfactory
16-03-2019,107,Bengaluru,Moderate
17-03-2019,104,Bengaluru,Moderate
18-03-2019,128,Bengaluru,Moderate
19-03-2019,117,Bengaluru,Moderate
20-03-2019,92,Bengaluru,Satisfactory
21-03-2019,142,Bengaluru,Moderate
22-03-2019,129,Bengaluru,Moderate
23-03-2019,121,Bengaluru,Moderate
24-03-2019,111,Bengaluru,Moderate
25-03-2019,98,Bengaluru,Satisfactory
26-03-2019,115,Bengaluru,Moderate
27-03-2019,121,Bengaluru,Moderate
28-03-2019,140,Bengaluru,Moderate
29-03-2019,158,Bengaluru,Moderate
30-03-2019,134,Bengaluru,Moderate
31-03-2019,139,Bengaluru,Moderate
01-04-2019,126,Bengaluru,Moderate
02-04-2019,151,Bengaluru,Moderate
03-04-2019,122,Bengaluru,Moderate
04-04-2019,120,Bengaluru,Moderate
05-04-2019,113,Bengaluru,Moderate
06-04-2019,120,Bengaluru,Moderate
07-04-2019,120,Bengaluru,Moderate
08-04-2019,109,Bengaluru,Moderate
09-04-2019,122,Bengaluru,Moderate
10-04-2019,119,Bengaluru,Moderate
11-04-2019,103,Bengaluru,Moderate
12-04-2019,118,Bengaluru,Moderate
13-04-2019,112,Bengaluru,Moderate
14-04-2019,104,Bengaluru,Moderate
15-04-2019,111,Bengaluru,Moderate
16-04-2019,105,Bengaluru,Moderate
17-04-2019,104,Bengaluru,Moderate
18-04-2019,101,Bengaluru,Moderate
19-04-2019,93,Bengaluru,Satisfactory
20-04-2019,127,Bengaluru,Moderate
21-04-2019,104,Bengaluru,Moderate
22-04-2019,88,Bengaluru,Satisfactory
23-04-2019,106,Bengaluru,Moderate
24-04-2019,97,Bengaluru,Satisfactory
25-04-2019,119,Bengaluru,Moderate
26-04-2019,135,Bengaluru,Moderate
27-04-2019,134,Bengaluru,Moderate
28-04-2019,132,Bengaluru,Moderate
29-04-2019,132,Bengaluru,Moderate
30-04-2019,113,Bengaluru,Moderate
01-05-2019,95,Bengaluru,Satisfactory
02-05-2019,102,Bengaluru,Moderate
03-05-2019,112,Bengaluru,Moderate
04-05-2019,131,Bengaluru,Moderate
05-05-2019,135,Bengaluru,Moderate
06-05-2019,146,Bengaluru,Moderate
07-05-2019,101,Bengaluru,Moderate
08-05-2019,69,Bengaluru,Satisfactory
09-05-2019,80,Bengaluru,Satisfactory
10-05-2019,97,Bengaluru,Satisfactory
11-05-2019,95,Bengaluru,Satisfactory
12-05-2019,80,Bengaluru,Satisfactory
13-05-2019,89,Bengaluru,Satisfactory
14-05-2019,77,Bengaluru,Satisfactory
15-05-2019,80,Bengaluru,Satisfactory
16-05-2019,86,Bengaluru,Satisfactory
17-05-2019,91,Bengaluru,Satisfactory
18-05-2019,103,Bengaluru,Moderate
19-05-2019,112,Bengaluru,Moderate
20-05-2019,96,Bengaluru,Satisfactory
21-05-2019,102,Bengaluru,Moderate
22-05-2019,108,Bengaluru,Moderate
23-05-2019,86,Bengaluru,Satisfactory
24-05-2019,81,Bengaluru,Satisfactory
25-05-2019,66,Bengaluru,Satisfactory
26-05-2019,89,Bengaluru,Satisfactory
27-05-2019,84,Bengaluru,Satisfactory
28-05-2019,77,Bengaluru,Satisfactory
29-05-2019,97,Bengaluru,Satisfactory
30-05-2019,75,Bengaluru,Satisfactory
31-05-2019,84,Bengaluru,Satisfactory
01-06-2019,58,Bengaluru,Satisfactory
02-06-2019,79,Bengaluru,Satisfactory
03-06-2019,69,Bengaluru,Satisfactory
04-06-2019,58,Bengaluru,Satisfactory
05-06-2019,65,Bengaluru,Satisfactory
06-06-2019,58,Bengaluru,Satisfactory
07-06-2019,80,Bengaluru,Satisfactory
08-06-2019,53,Bengaluru,Satisfactory
09-06-2019,55,Bengaluru,Satisfactory
10-06-2019,43,Bengaluru,Good
11-06-2019,41,Bengaluru,Good
12-06-2019,47,Bengaluru,Good
13-06-2019,39,Bengaluru,Good
14-06-2019,52,Bengaluru,Satisfactory
15-06-2019,55,Bengaluru,Satisfactory
16-06-2019,57,Bengaluru,Satisfactory
17-06-2019,52,Bengaluru,Satisfactory
18-06-2019,64,Bengaluru,Satisfactory
19-06-2019,76,Bengaluru,Satisfactory
20-06-2019,61,Bengaluru,Satisfactory
21-06-2019,55,Bengaluru,Satisfactory
22-06-2019,55,Bengaluru,Satisfactory
23-06-2019,57,Bengaluru,Satisfactory
24-06-2019,48,Bengaluru,Good
25-06-2019,62,Bengaluru,Satisfactory
26-06-2019,67,Bengaluru,Satisfactory
27-06-2019,65,Bengaluru,Satisfactory
28-06-2019,69,Bengaluru,Satisfactory
29-06-2019,78,Bengaluru,Satisfactory
30-06-2019,62,Bengaluru,Satisfactory
01-07-2019,62,Bengaluru,Satisfactory
02-07-2019,62,Bengaluru,Satisfactory
03-07-2019,57,Bengaluru,Satisfactory
04-07-2019,54,Bengaluru,Satisfactory
05-07-2019,60,Bengaluru,Satisfactory
06-07-2019,53,Bengaluru,Satisfactory
07-07-2019,62,Bengaluru,Satisfactory
08-07-2019,57,Bengaluru,Satisfactory
09-07-2019,58,Bengaluru,Satisfactory
10-07-2019,54,Bengaluru,Satisfactory
11-07-2019,70,Bengaluru,Satisfactory
12-07-2019,63,Bengaluru,Satisfactory
13-07-2019,56,Bengaluru,Satisfactory
14-07-2019,58,Bengaluru,Satisfactory
15-07-2019,58,Bengaluru,Satisfactory
16-07-2019,51,Bengaluru,Satisfactory
17-07-2019,58,Bengaluru,Satisfactory
18-07-2019,64,Bengaluru,Satisfactory
19-07-2019,53,Bengaluru,Satisfactory
20-07-2019,37,Bengaluru,Good
21-07-2019,58,Bengaluru,Satisfactory
22-07-2019,45,Bengaluru,Good
23-07-2019,42,Bengaluru,Good
24-07-2019,54,Bengaluru,Satisfactory
25-07-2019,56,Bengaluru,Satisfactory
26-07-2019,54,Bengaluru,Satisfactory
27-07-2019,52,Bengaluru,Satisfactory
28-07-2019,53,Bengaluru,Satisfactory
29-07-2019,53,Bengaluru,Satisfactory
30-07-2019,50,Bengaluru,Good
31-07-2019,55,Bengaluru,Satisfactory
01-08-2019,54,Bengaluru,Satisfactory
02-08-2019,51,Bengaluru,Satisfactory
03-08-2019,44,Bengaluru,Good
04-08-2019,47,Bengaluru,Good
05-08-2019,38,Bengaluru,Good
06-08-2019,42,Bengaluru,Good
07-08-2019,45,Bengaluru,Good
08-08-2019,36,Bengaluru,Good
09-08-2019,38,Bengaluru,Good
10-08-2019,42,Bengaluru,Good
11-08-2019,43,Bengaluru,Good
12-08-2019,41,Bengaluru,Good
13-08-2019,47,Bengaluru,Good
14-08-2019,61,Bengaluru,Satisfactory
15-08-2019,47,Bengaluru,Good
16-08-2019,38,Bengaluru,Good
17-08-2019,53,Bengaluru,Satisfactory
18-08-2019,54,Bengaluru,Satisfactory
19-08-2019,48,Bengaluru,Good
20-08-2019,61,Bengaluru,Satisfactory
21-08-2019,64,Bengaluru,Satisfactory
22-08-2019,57,Bengaluru,Satisfactory
23-08-2019,51,Bengaluru,Satisfactory
24-08-2019,47,Bengaluru,Good
25-08-2019,69,Bengaluru,Satisfactory
26-08-2019,40,Bengaluru,Good
27-08-2019,50,Bengaluru,Good
28-08-2019,50,Bengaluru,Good
29-08-2019,44,Bengaluru,Good
30-08-2019,44,Bengaluru,Good
31-08-2019,57,Bengaluru,Satisfactory
01-09-2019,57,Bengaluru,Satisfactory
02-09-2019,42,Bengaluru,Good
03-09-2019,42,Bengaluru,Good
04-09-2019,40,Bengaluru,Good
05-09-2019,46,Bengaluru,Good
06-09-2019,48,Bengaluru,Good
07-09-2019,48,Bengaluru,Good
08-09-2019,50,Bengaluru,Good
09-09-2019,46,Bengaluru,Good
10-09-2019,59,Bengaluru,Satisfactory
11-09-2019,52,Bengaluru,Satisfactory
12-09-2019,59,Bengaluru,Satisfactory
13-09-2019,55,Bengaluru,Satisfactory
14-09-2019,60,Bengaluru,Satisfactory
15-09-2019,56,Bengaluru,Satisfactory
16-09-2019,48,Bengaluru,Good
17-09-2019,91,Bengaluru,Satisfactory
18-09-2019,54,Bengaluru,Satisfactory
19-09-2019,60,Bengaluru,Satisfactory
20-09-2019,53,Bengaluru,Satisfactory
21-09-2019,64,Bengaluru,Satisfactory
22-09-2019,54,Bengaluru,Satisfactory
23-09-2019,67,Bengaluru,Satisfactory
24-09-2019,97,Bengaluru,Satisfactory
25-09-2019,50,Bengaluru,Good
26-09-2019,43,Bengaluru,Good
27-09-2019,68,Bengaluru,Satisfactory
28-09-2019,78,Bengaluru,Satisfactory
29-09-2019,91,Bengaluru,Satisfactory
30-09-2019,54,Bengaluru,Satisfactory
01-10-2019,68,Bengaluru,Satisfactory
02-10-2019,55,Bengaluru,Satisfactory
03-10-2019,61,Bengaluru,Satisfactory
04-10-2019,73,Bengaluru,Satisfactory
05-10-2019,78,Bengaluru,Satisfactory
06-10-2019,68,Bengaluru,Satisfactory
07-10-2019,71,Bengaluru,Satisfactory
08-10-2019,76,Bengaluru,Satisfactory
09-10-2019,76,Bengaluru,Satisfactory
10-10-2019,106,Bengaluru,Moderate
11-10-2019,77,Bengaluru,Satisfactory
12-10-2019,78,Bengaluru,Satisfactory
13-10-2019,55,Bengaluru,Satisfactory
14-10-2019,52,Bengaluru,Satisfactory
15-10-2019,60,Bengaluru,Satisfactory
16-10-2019,61,Bengaluru,Satisfactory
17-10-2019,58,Bengaluru,Satisfactory
18-10-2019,50,Bengaluru,Good
19-10-2019,55,Bengaluru,Satisfactory
20-10-2019,50,Bengaluru,Good
21-10-2019,52,Bengaluru,Satisfactory
22-10-2019,56,Bengaluru,Satisfactory
23-10-2019,49,Bengaluru,Good
24-10-2019,41,Bengaluru,Good
25-10-2019,50,Bengaluru,Good
26-10-2019,45,Bengaluru,Good
27-10-2019,62,Bengaluru,Satisfactory
28-10-2019,84,Bengaluru,Satisfactory
29-10-2019,80,Bengaluru,Satisfactory
30-10-2019,66,Bengaluru,Satisfactory
31-10-2019,56,Bengaluru,Satisfactory
01-11-2019,77,Bengaluru,Satisfactory
02-11-2019,60,Bengaluru,Satisfactory
03-11-2019,82,Bengaluru,Satisfactory
04-11-2019,84,Bengaluru,Satisfactory
05-11-2019,138,Bengaluru,Moderate
06-11-2019,161,Bengaluru,Moderate
07-11-2019,156,Bengaluru,Moderate
08-11-2019,144,Bengaluru,Moderate
09-11-2019,99,Bengaluru,Satisfactory
10-11-2019,90,Bengaluru,Satisfactory
11-11-2019,134,Bengaluru,Moderate
12-11-2019,72,Bengaluru,Satisfactory
13-11-2019,77,Bengaluru,Satisfactory
14-11-2019,64,Bengaluru,Satisfactory
15-11-2019,65,Bengaluru,Satisfactory
16-11-2019,60,Bengaluru,Satisfactory
17-11-2019,63,Bengaluru,Satisfactory
18-11-2019,64,Bengaluru,Satisfactory
19-11-2019,54,Bengaluru,Satisfactory
20-11-2019,60,Bengaluru,Satisfactory
21-11-2019,64,Bengaluru,Satisfactory
22-11-2019,85,Bengaluru,Satisfactory
23-11-2019,73,Bengaluru,Satisfactory
24-11-2019,68,Bengaluru,Satisfactory
25-11-2019,69,Bengaluru,Satisfactory
26-11-2019,71,Bengaluru,Satisfactory
27-11-2019,67,Bengaluru,Satisfactory
28-11-2019,63,Bengaluru,Satisfactory
29-11-2019,60,Bengaluru,Satisfactory
30-11-2019,60,Bengaluru,Satisfactory
01-12-2019,50,Bengaluru,Good
02-12-2019,48,Bengaluru,Good
03-12-2019,62,Bengaluru,Satisfactory
04-12-2019,75,Bengaluru,Satisfactory
05-12-2019,86,Bengaluru,Satisfactory
06-12-2019,107,Bengaluru,Moderate
07-12-2019,84,Bengaluru,Satisfactory
08-12-2019,50,Bengaluru,Good
09-12-2019,54,Bengaluru,Satisfactory
10-12-2019,59,Bengaluru,Satisfactory
11-12-2019,63,Bengaluru,Satisfactory
12-12-2019,62,Bengaluru,Satisfactory
13-12-2019,65,Bengaluru,Satisfactory
14-12-2019,61,Bengaluru,Satisfactory
15-12-2019,59,Bengaluru,Satisfactory
16-12-2019,64,Bengaluru,Satisfactory
17-12-2019,55,Bengaluru,Satisfactory
18-12-2019,79,Bengaluru,Satisfactory
19-12-2019,70,Bengaluru,Satisfactory
20-12-2019,82,Bengaluru,Satisfactory
21-12-2019,88,Bengaluru,Satisfactory
22-12-2019,80,Bengaluru,Satisfactory
23-12-2019,82,Bengaluru,Satisfactory
24-12-2019,77,Bengaluru,Satisfactory
25-12-2019,62,Bengaluru,Satisfactory
26-12-2019,101,Bengaluru,Moderate
27-12-2019,86,Bengaluru,Satisfactory
28-12-2019,72,Bengaluru,Satisfactory
29-12-2019,77,Bengaluru,Satisfactory
30-12-2019,90,Bengaluru,Satisfactory
31-12-2019,81,Bengaluru,Satisfactory
01-01-2020,76,Bengaluru,Satisfactory
02-01-2020,69,Bengaluru,Satisfactory
03-01-2020,68,Bengaluru,Satisfactory
04-01-2020,85,Bengaluru,Satisfactory
05-01-2020,120,Bengaluru,Moderate
06-01-2020,67,Bengaluru,Satisfactory
07-01-2020,60,Bengaluru,Satisfactory
08-01-2020,95,Bengaluru,Satisfactory
09-01-2020,84,Bengaluru,Satisfactory
10-01-2020,84,Bengaluru,Satisfactory
11-01-2020,67,Bengaluru,Satisfactory
12-01-2020,71,Bengaluru,Satisfactory
13-01-2020,106,Bengaluru,Moderate
14-01-2020,121,Bengaluru,Moderate
15-01-2020,100,Bengaluru,Satisfactory
16-01-2020,119,Bengaluru,Moderate
17-01-2020,95,Bengaluru,Satisfactory
18-01-2020,74,Bengaluru,Satisfactory
19-01-2020,62,Bengaluru,Satisfactory
20-01-2020,72,Bengaluru,Satisfactory
21-01-2020,85,Bengaluru,Satisfactory
22-01-2020,68,Bengaluru,Satisfactory
23-01-2020,66,Bengaluru,Satisfactory
24-01-2020,94,Bengaluru,Satisfactory
25-01-2020,89,Bengaluru,Satisfactory
26-01-2020,87,Bengaluru,Satisfactory
27-01-2020,81,Bengaluru,Satisfactory
28-01-2020,96,Bengaluru,Satisfactory
29-01-2020,116,Bengaluru,Moderate
30-01-2020,102,Bengaluru,Moderate
31-01-2020,111,Bengaluru,Moderate
01-02-2020,99,Bengaluru,Satisfactory
02-02-2020,86,Bengaluru,Satisfactory
03-02-2020,71,Bengaluru,Satisfactory
04-02-2020,72,Bengaluru,Satisfactory
05-02-2020,72,Bengaluru,Satisfactory
06-02-2020,90,Bengaluru,Satisfactory
07-02-2020,92,Bengaluru,Satisfactory
08-02-2020,105,Bengaluru,Moderate
09-02-2020,93,Bengaluru,Satisfactory
10-02-2020,87,Bengaluru,Satisfactory
11-02-2020,66,Bengaluru,Satisfactory
12-02-2020,73,Bengaluru,Satisfactory
13-02-2020,76,Bengaluru,Satisfactory
14-02-2020,107,Bengaluru,Moderate
15-02-2020,123,Bengaluru,Moderate
16-02-2020,110,Bengaluru,Moderate
17-02-2020,92,Bengaluru,Satisfactory
18-02-2020,91,Bengaluru,Satisfactory
19-02-2020,89,Bengaluru,Satisfactory
20-02-2020,89,Bengaluru,Satisfactory
21-02-2020,76,Bengaluru,Satisfactory
22-02-2020,74,Bengaluru,Satisfactory
23-02-2020,80,Bengaluru,Satisfactory
24-02-2020,72,Bengaluru,Satisfactory
25-02-2020,102,Bengaluru,Moderate
26-02-2020,94,Bengaluru,Satisfactory
27-02-2020,91,Bengaluru,Satisfactory
28-02-2020,90,Bengaluru,Satisfactory
01-03-2020,86,Bengaluru,Satisfactory
02-03-2020,128,Bengaluru,Moderate
03-03-2020,161,Bengaluru,Moderate
04-03-2020,129,Bengaluru,Moderate
05-03-2020,121,Bengaluru,Moderate
06-03-2020,91,Bengaluru,Satisfactory
07-03-2020,86,Bengaluru,Satisfactory
08-03-2020,85,Bengaluru,Satisfactory
09-03-2020,90,Bengaluru,Satisfactory
10-03-2020,84,Bengaluru,Satisfactory
11-03-2020,88,Bengaluru,Satisfactory
12-03-2020,85,Bengaluru,Satisfactory
13-03-2020,81,Bengaluru,Satisfactory
14-03-2020,76,Bengaluru,Satisfactory
15-03-2020,80,Bengaluru,Satisfactory
16-03-2020,67,Bengaluru,Satisfactory
17-03-2020,75,Bengaluru,Satisfactory
18-03-2020,71,Bengaluru,Satisfactory
19-03-2020,84,Bengaluru,Satisfactory
20-03-2020,94,Bengaluru,Satisfactory
21-03-2020,105,Bengaluru,Moderate
22-03-2020,79,Bengaluru,Satisfactory
23-03-2020,78,Bengaluru,Satisfactory
24-03-2020,111,Bengaluru,Moderate
25-03-2020,57,Bengaluru,Satisfactory
26-03-2020,58,Bengaluru,Satisfactory
27-03-2020,54,Bengaluru,Satisfactory
28-03-2020,53,Bengaluru,Satisfactory
29-03-2020,57,Bengaluru,Satisfactory
30-03-2020,63,Bengaluru,Satisfactory
31-03-2020,55,Bengaluru,Satisfactory
01-04-2020,52,Bengaluru,Satisfactory
02-04-2020,59,Bengaluru,Satisfactory
03-04-2020,69,Bengaluru,Satisfactory
04-04-2020,64,Bengaluru,Satisfactory
05-04-2020,64,Bengaluru,Satisfactory
06-04-2020,58,Bengaluru,Satisfactory
07-04-2020,48,Bengaluru,Good
08-04-2020,52,Bengaluru,Satisfactory
09-04-2020,54,Bengaluru,Satisfactory
10-04-2020,55,Bengaluru,Satisfactory
11-04-2020,49,Bengaluru,Good
12-04-2020,58,Bengaluru,Satisfactory
13-04-2020,49,Bengaluru,Good
14-04-2020,58,Bengaluru,Satisfactory
15-04-2020,64,Bengaluru,Satisfactory
16-04-2020,52,Bengaluru,Satisfactory
17-04-2020,66,Bengaluru,Satisfactory
18-04-2020,68,Bengaluru,Satisfactory
19-04-2020,52,Bengaluru,Satisfactory
20-04-2020,41,Bengaluru,Good
21-04-2020,59,Bengaluru,Satisfactory
22-04-2020,55,Bengaluru,Satisfactory
23-04-2020,59,Bengaluru,Satisfactory
24-04-2020,65,Bengaluru,Satisfactory
25-04-2020,58,Bengaluru,Satisfactory
26-04-2020,58,Bengaluru,Satisfactory
27-04-2020,43,Bengaluru,Good
28-04-2020,60,Bengaluru,Satisfactory
29-04-2020,48,Bengaluru,Good
30-04-2020,50,Bengaluru,Good
01-05-2020,61,Bengaluru,Satisfactory
02-05-2020,58,Bengaluru,Satisfactory
03-05-2020,56,Bengaluru,Satisfactory
04-05-2020,66,Bengaluru,Satisfactory
05-05-2020,78,Bengaluru,Satisfactory
06-05-2020,71,Bengaluru,Satisfactory
07-05-2020,70,Bengaluru,Satisfactory
08-05-2020,58,Bengaluru,Satisfactory
09-05-2020,64,Bengaluru,Satisfactory
10-05-2020,68,Bengaluru,Satisfactory
11-05-2020,60,Bengaluru,Satisfactory
12-05-2020,75,Bengaluru,Satisfactory
13-05-2020,51,Bengaluru,Satisfactory
14-05-2020,56,Bengaluru,Satisfactory
15-05-2020,50,Bengaluru,Good
16-05-2020,59,Bengaluru,Satisfactory
17-05-2020,55,Bengaluru,Satisfactory
18-05-2020,54,Bengaluru,Satisfactory
19-05-2020,66,Bengaluru,Satisfactory
20-05-2020,78,Bengaluru,Satisfactory
21-05-2020,56,Bengaluru,Satisfactory
22-05-2020,55,Bengaluru,Satisfactory
23-05-2020,56,Bengaluru,Satisfactory
24-05-2020,57,Bengaluru,Satisfactory
25-05-2020,55,Bengaluru,Satisfactory
26-05-2020,58,Bengaluru,Satisfactory
27-05-2020,60,Bengaluru,Satisfactory
28-05-2020,58,Bengaluru,Satisfactory
29-05-2020,49,Bengaluru,Good
30-05-2020,56,Bengaluru,Satisfactory
31-05-2020,54,Bengaluru,Satisfactory
01-06-2020,36,Bengaluru,Good
02-06-2020,32,Bengaluru,Good
03-06-2020,36,Bengaluru,Good
04-06-2020,34,Bengaluru,Good
05-06-2020,51,Bengaluru,Satisfactory
06-06-2020,60,Bengaluru,Satisfactory
07-06-2020,50,Bengaluru,Good
08-06-2020,47,Bengaluru,Good
09-06-2020,53,Bengaluru,Satisfactory
10-06-2020,72,Bengaluru,Satisfactory
11-06-2020,42,Bengaluru,Good
12-06-2020,42,Bengaluru,Good
13-06-2020,45,Bengaluru,Good
14-06-2020,42,Bengaluru,Good
15-06-2020,36,Bengaluru,Good
16-06-2020,53,Bengaluru,Satisfactory
17-06-2020,54,Bengaluru,Satisfactory
18-06-2020,62,Bengaluru,Satisfactory
19-06-2020,60,Bengaluru,Satisfactory
20-06-2020,52,Bengaluru,Satisfactory
21-06-2020,46,Bengaluru,Good
22-06-2020,41,Bengaluru,Good
23-06-2020,47,Bengaluru,Good
24-06-2020,57,Bengaluru,Satisfactory
25-06-2020,44,Bengaluru,Good
26-06-2020,40,Bengaluru,Good
27-06-2020,35,Bengaluru,Good
28-06-2020,46,Bengaluru,Good
29-06-2020,51,Bengaluru,Satisfactory
30-06-2020,36,Bengaluru,Good
01-07-2020,41,Bengaluru,Good
02-07-2020,36,Bengaluru,Good
03-07-2020,38,Bengaluru,Good
04-07-2020,36,Bengaluru,Good
05-07-2020,42,Bengaluru,Good
06-07-2020,38,Bengaluru,Good
07-07-2020,42,Bengaluru,Good
08-07-2020,44,Bengaluru,Good
09-07-2020,35,Bengaluru,Good
10-07-2020,34,Bengaluru,Good
11-07-2020,40,Bengaluru,Good
12-07-2020,36,Bengaluru,Good
13-07-2020,38,Bengaluru,Good
14-07-2020,38,Bengaluru,Good
15-07-2020,34,Bengaluru,Good
16-07-2020,30,Bengaluru,Good
17-07-2020,34,Bengaluru,Good
18-07-2020,35,Bengaluru,Good
19-07-2020,33,Bengaluru,Good
20-07-2020,40,Bengaluru,Good
21-07-2020,31,Bengaluru,Good
22-07-2020,47,Bengaluru,Good
23-07-2020,49,Bengaluru,Good
24-07-2020,40,Bengaluru,Good
25-07-2020,40,Bengaluru,Good
26-07-2020,37,Bengaluru,Good
27-07-2020,39,Bengaluru,Good
28-07-2020,40,Bengaluru,Good
29-07-2020,43,Bengaluru,Good
30-07-2020,53,Bengaluru,Satisfactory
31-07-2020,36,Bengaluru,Good
01-08-2020,29,Bengaluru,Good
02-08-2020,43,Bengaluru,Good
03-08-2020,36,Bengaluru,Good
04-08-2020,35,Bengaluru,Good
05-08-2020,35,Bengaluru,Good
06-08-2020,41,Bengaluru,Good
07-08-2020,41,Bengaluru,Good
08-08-2020,42,Bengaluru,Good
09-08-2020,36,Bengaluru,Good
10-08-2020,34,Bengaluru,Good
11-08-2020,55,Bengaluru,Satisfactory
12-08-2020,48,Bengaluru,Good
13-08-2020,60,Bengaluru,Satisfactory
14-08-2020,60,Bengaluru,Satisfactory
15-08-2020,54,Bengaluru,Satisfactory
16-08-2020,55,Bengaluru,Satisfactory
17-08-2020,49,Bengaluru,Good
18-08-2020,43,Bengaluru,Good
19-08-2020,46,Bengaluru,Good
20-08-2020,51,Bengaluru,Satisfactory
21-08-2020,52,Bengaluru,Satisfactory
22-08-2020,47,Bengaluru,Good
23-08-2020,39,Bengaluru,Good
24-08-2020,49,Bengaluru,Good
25-08-2020,46,Bengaluru,Good
26-08-2020,55,Bengaluru,Satisfactory
27-08-2020,55,Bengaluru,Satisfactory
28-08-2020,55,Bengaluru,Satisfactory
29-08-2020,65,Bengaluru,Satisfactory
30-08-2020,57,Bengaluru,Satisfactory
31-08-2020,61,Bengaluru,Satisfactory
01-09-2020,52,Bengaluru,Satisfactory
02-09-2020,76,Bengaluru,Satisfactory
03-09-2020,50,Bengaluru,Good
04-09-2020,47,Bengaluru,Good
05-09-2020,64,Bengaluru,Satisfactory
06-09-2020,69,Bengaluru,Satisfactory
07-09-2020,48,Bengaluru,Good
08-09-2020,39,Bengaluru,Good
09-09-2020,35,Bengaluru,Good
10-09-2020,34,Bengaluru,Good
11-09-2020,34,Bengaluru,Good
12-09-2020,33,Bengaluru,Good
13-09-2020,66,Bengaluru,Satisfactory
14-09-2020,40,Bengaluru,Good
15-09-2020,47,Bengaluru,Good
16-09-2020,40,Bengaluru,Good
17-09-2020,56,Bengaluru,Satisfactory
18-09-2020,46,Bengaluru,Good
19-09-2020,47,Bengaluru,Good
20-09-2020,38,Bengaluru,Good
21-09-2020,32,Bengaluru,Good
22-09-2020,41,Bengaluru,Good
23-09-2020,48,Bengaluru,Good
24-09-2020,65,Bengaluru,Satisfactory
25-09-2020,46,Bengaluru,Good
26-09-2020,50,Bengaluru,Good
27-09-2020,49,Bengaluru,Good
28-09-2020,55,Bengaluru,Satisfactory
29-09-2020,62,Bengaluru,Satisfactory
30-09-2020,50,Bengaluru,Good
01-10-2020,50,Bengaluru,Good
02-10-2020,56,Bengaluru,Satisfactory
03-10-2020,48,Bengaluru,Good
04-10-2020,59,Bengaluru,Satisfactory
05-10-2020,47,Bengaluru,Good
06-10-2020,63,Bengaluru,Satisfactory
07-10-2020,60,Bengaluru,Satisfactory
08-10-2020,72,Bengaluru,Satisfactory
09-10-2020,76,Bengaluru,Satisfactory
10-10-2020,57,Bengaluru,Satisfactory
11-10-2020,42,Bengaluru,Good
12-10-2020,43,Bengaluru,Good
13-10-2020,51,Bengaluru,Satisfactory
14-10-2020,43,Bengaluru,Good
15-10-2020,45,Bengaluru,Good
16-10-2020,58,Bengaluru,Satisfactory
17-10-2020,80,Bengaluru,Satisfactory
18-10-2020,72,Bengaluru,Satisfactory
19-10-2020,70,Bengaluru,Satisfactory
20-10-2020,76,Bengaluru,Satisfactory
21-10-2020,56,Bengaluru,Satisfactory
22-10-2020,59,Bengaluru,Satisfactory
23-10-2020,50,Bengaluru,Good
24-10-2020,44,Bengaluru,Good
25-10-2020,67,Bengaluru,Satisfactory
26-10-2020,78,Bengaluru,Satisfactory
27-10-2020,89,Bengaluru,Satisfactory
28-10-2020,96,Bengaluru,Satisfactory
29-10-2020,95,Bengaluru,Satisfactory
30-10-2020,77,Bengaluru,Satisfactory
31-10-2020,101,Bengaluru,Moderate
01-11-2020,114,Bengaluru,Moderate
02-11-2020,140,Bengaluru,Moderate
03-11-2020,119,Bengaluru,Moderate
04-11-2020,94,Bengaluru,Satisfactory
05-11-2020,73,Bengaluru,Satisfactory
06-11-2020,74,Bengaluru,Satisfactory
07-11-2020,53,Bengaluru,Satisfactory
08-11-2020,59,Bengaluru,Satisfactory
09-11-2020,108,Bengaluru,Moderate
10-11-2020,93,Bengaluru,Satisfactory
11-11-2020,87,Bengaluru,Satisfactory
12-11-2020,63,Bengaluru,Satisfactory
13-11-2020,55,Bengaluru,Satisfactory
14-11-2020,48,Bengaluru,Good
15-11-2020,58,Bengaluru,Satisfactory
16-11-2020,42,Bengaluru,Good
17-11-2020,43,Bengaluru,Good
18-11-2020,46,Bengaluru,Good
19-11-2020,57,Bengaluru,Satisfactory
20-11-2020,52,Bengaluru,Satisfactory
21-11-2020,68,Bengaluru,Satisfactory
22-11-2020,73,Bengaluru,Satisfactory
23-11-2020,72,Bengaluru,Satisfactory
24-11-2020,67,Bengaluru,Satisfactory
25-11-2020,84,Bengaluru,Satisfactory
26-11-2020,44,Bengaluru,Good
27-11-2020,48,Bengaluru,Good
28-11-2020,50,Bengaluru,Good
29-11-2020,57,Bengaluru,Satisfactory
30-11-2020,53,Bengaluru,Satisfactory
01-12-2020,63,Bengaluru,Satisfactory
02-12-2020,65,Bengaluru,Satisfactory
03-12-2020,62,Bengaluru,Satisfactory
04-12-2020,63,Bengaluru,Satisfactory
05-12-2020,49,Bengaluru,Good
06-12-2020,51,Bengaluru,Satisfactory
07-12-2020,44,Bengaluru,Good
08-12-2020,52,Bengaluru,Satisfactory
09-12-2020,50,Bengaluru,Good
10-12-2020,57,Bengaluru,Satisfactory
11-12-2020,81,Bengaluru,Satisfactory
12-12-2020,83,Bengaluru,Satisfactory
13-12-2020,103,Bengaluru,Moderate
14-12-2020,104,Bengaluru,Moderate
15-12-2020,104,Bengaluru,Moderate
16-12-2020,84,Bengaluru,Satisfactory
17-12-2020,68,Bengaluru,Satisfactory
18-12-2020,69,Bengaluru,Satisfactory
19-12-2020,92,Bengaluru,Satisfactory
20-12-2020,106,Bengaluru,Moderate
21-12-2020,120,Bengaluru,Moderate
22-12-2020,117,Bengaluru,Moderate
23-12-2020,94,Bengaluru,Satisfactory
24-12-2020,90,Bengaluru,Satisfactory
25-12-2020,102,Bengaluru,Moderate
26-12-2020,88,Bengaluru,Satisfactory
27-12-2020,110,Bengaluru,Moderate
28-12-2020,111,Bengaluru,Moderate
29-12-2020,122,Bengaluru,Moderate
30-12-2020,101,Bengaluru,Moderate
31-12-2020,81,Bengaluru,Satisfactory
01-01-2021,98,Bengaluru,Satisfactory
02-01-2021,107,Bengaluru,Moderate
03-01-2021,80,Bengaluru,Satisfactory
04-01-2021,80,Bengaluru,Satisfactory
05-01-2021,58,Bengaluru,Satisfactory
06-01-2021,38,Bengaluru,Good
07-01-2021,43,Bengaluru,Good
08-01-2021,58,Bengaluru,Satisfactory
09-01-2021,48,Bengaluru,Good
10-01-2021,81,Bengaluru,Satisfactory
11-01-2021,64,Bengaluru,Satisfactory
12-01-2021,63,Bengaluru,Satisfactory
13-01-2021,82,Bengaluru,Satisfactory
14-01-2021,75,Bengaluru,Satisfactory
15-01-2021,82,Bengaluru,Satisfactory
16-01-2021,87,Bengaluru,Satisfactory
17-01-2021,84,Bengaluru,Satisfactory
18-01-2021,71,Bengaluru,Satisfactory
19-01-2021,80,Bengaluru,Satisfactory
20-01-2021,96,Bengaluru,Satisfactory
21-01-2021,98,Bengaluru,Satisfactory
22-01-2021,79,Bengaluru,Satisfactory
23-01-2021,104,Bengaluru,Moderate
24-01-2021,94,Bengaluru,Satisfactory
25-01-2021,85,Bengaluru,Satisfactory
26-01-2021,76,Bengaluru,Satisfactory
27-01-2021,80,Bengaluru,Satisfactory
28-01-2021,110,Bengaluru,Moderate
29-01-2021,106,Bengaluru,Moderate
30-01-2021,111,Bengaluru,Moderate
31-01-2021,103,Bengaluru,Moderate
01-02-2021,87,Bengaluru,Satisfactory
02-02-2021,92,Bengaluru,Satisfactory
03-02-2021,107,Bengaluru,Moderate
04-02-2021,91,Bengaluru,Satisfactory
05-02-2021,84,Bengaluru,Satisfactory
06-02-2021,88,Bengaluru,Satisfactory
07-02-2021,86,Bengaluru,Satisfactory
08-02-2021,87,Bengaluru,Satisfactory
09-02-2021,85,Bengaluru,Satisfactory
10-02-2021,86,Bengaluru,Satisfactory
11-02-2021,101,Bengaluru,Moderate
12-02-2021,95,Bengaluru,Satisfactory
13-02-2021,86,Bengaluru,Satisfactory
14-02-2021,106,Bengaluru,Moderate
15-02-2021,92,Bengaluru,Satisfactory
16-02-2021,95,Bengaluru,Satisfactory
17-02-2021,85,Bengaluru,Satisfactory
18-02-2021,79,Bengaluru,Satisfactory
19-02-2021,88,Bengaluru,Satisfactory
20-02-2021,57,Bengaluru,Satisfactory
21-02-2021,47,Bengaluru,Good
22-02-2021,49,Bengaluru,Good
23-02-2021,56,Bengaluru,Satisfactory
24-02-2021,77,Bengaluru,Satisfactory
25-02-2021,80,Bengaluru,Satisfactory
26-02-2021,109,Bengaluru,Moderate
27-02-2021,102,Bengaluru,Moderate
28-02-2021,89,Bengaluru,Satisfactory
01-03-2021,79,Bengaluru,Satisfactory
02-03-2021,88,Bengaluru,Satisfactory
03-03-2021,102,Bengaluru,Moderate
04-03-2021,86,Bengaluru,Satisfactory
05-03-2021,70,Bengaluru,Satisfactory
06-03-2021,75,Bengaluru,Satisfactory
07-03-2021,84,Bengaluru,Satisfactory
08-03-2021,58,Bengaluru,Satisfactory
09-03-2021,55,Bengaluru,Satisfactory
10-03-2021,50,Bengaluru,Good
11-03-2021,55,Bengaluru,Satisfactory
12-03-2021,62,Bengaluru,Satisfactory
13-03-2021,68,Bengaluru,Satisfactory
14-03-2021,67,Bengaluru,Satisfactory
15-03-2021,65,Bengaluru,Satisfactory
16-03-2021,84,Bengaluru,Satisfactory
17-03-2021,84,Bengaluru,Satisfactory
18-03-2021,92,Bengaluru,Satisfactory
19-03-2021,101,Bengaluru,Moderate
20-03-2021,90,Bengaluru,Satisfactory
21-03-2021,96,Bengaluru,Satisfactory
22-03-2021,96,Bengaluru,Satisfactory
23-03-2021,93,Bengaluru,Satisfactory
24-03-2021,84,Bengaluru,Satisfactory
25-03-2021,79,Bengaluru,Satisfactory
26-03-2021,94,Bengaluru,Satisfactory
27-03-2021,96,Bengaluru,Satisfactory
28-03-2021,104,Bengaluru,Moderate
29-03-2021,92,Bengaluru,Satisfactory
30-03-2021,82,Bengaluru,Satisfactory
31-03-2021,108,Bengaluru,Moderate
01-04-2021,94,Bengaluru,Satisfactory
02-04-2021,83,Bengaluru,Satisfactory
03-04-2021,104,Bengaluru,Moderate
04-04-2021,114,Bengaluru,Moderate
05-04-2021,111,Bengaluru,Moderate
06-04-2021,114,Bengaluru,Moderate
07-04-2021,101,Bengaluru,Moderate
08-04-2021,105,Bengaluru,Moderate
09-04-2021,102,Bengaluru,Moderate
10-04-2021,103,Bengaluru,Moderate
11-04-2021,82,Bengaluru,Satisfactory
12-04-2021,67,Bengaluru,Satisfactory
13-04-2021,59,Bengaluru,Satisfactory
14-04-2021,65,Bengaluru,Satisfactory
15-04-2021,72,Bengaluru,Satisfactory
16-04-2021,64,Bengaluru,Satisfactory
17-04-2021,78,Bengaluru,Satisfactory
18-04-2021,78,Bengaluru,Satisfactory
19-04-2021,75,Bengaluru,Satisfactory
20-04-2021,89,Bengaluru,Satisfactory
21-04-2021,101,Bengaluru,Moderate
22-04-2021,80,Bengaluru,Satisfactory
23-04-2021,87,Bengaluru,Satisfactory
24-04-2021,62,Bengaluru,Satisfactory
25-04-2021,65,Bengaluru,Satisfactory
26-04-2021,82,Bengaluru,Satisfactory
27-04-2021,95,Bengaluru,Satisfactory
28-04-2021,104,Bengaluru,Moderate
29-04-2021,88,Bengaluru,Satisfactory
30-04-2021,80,Bengaluru,Satisfactory
01-05-2021,93,Bengaluru,Satisfactory
02-05-2021,78,Bengaluru,Satisfactory
03-05-2021,54,Bengaluru,Satisfactory
04-05-2021,64,Bengaluru,Satisfactory
05-05-2021,68,Bengaluru,Satisfactory
06-05-2021,61,Bengaluru,Satisfactory
07-05-2021,52,Bengaluru,Satisfactory
08-05-2021,61,Bengaluru,Satisfactory
09-05-2021,51,Bengaluru,Satisfactory
10-05-2021,53,Bengaluru,Satisfactory
11-05-2021,54,Bengaluru,Satisfactory
12-05-2021,57,Bengaluru,Satisfactory
13-05-2021,46,Bengaluru,Good
14-05-2021,43,Bengaluru,Good
15-05-2021,43,Bengaluru,Good
16-05-2021,48,Bengaluru,Good
17-05-2021,43,Bengaluru,Good
18-05-2021,54,Bengaluru,Satisfactory
19-05-2021,33,Bengaluru,Good
20-05-2021,35,Bengaluru,Good
21-05-2021,33,Bengaluru,Good
22-05-2021,38,Bengaluru,Good
23-05-2021,38,Bengaluru,Good
24-05-2021,50,Bengaluru,Good
25-05-2021,46,Bengaluru,Good
26-05-2021,44,Bengaluru,Good
27-05-2021,62,Bengaluru,Satisfactory
28-05-2021,59,Bengaluru,Satisfactory
29-05-2021,49,Bengaluru,Good
30-05-2021,45,Bengaluru,Good
31-05-2021,38,Bengaluru,Good
01-06-2021,38,Bengaluru,Good
02-06-2021,42,Bengaluru,Good
03-06-2021,52,Bengaluru,Satisfactory
04-06-2021,44,Bengaluru,Good
05-06-2021,32,Bengaluru,Good
06-06-2021,39,Bengaluru,Good
07-06-2021,46,Bengaluru,Good
08-06-2021,51,Bengaluru,Satisfactory
09-06-2021,46,Bengaluru,Good
10-06-2021,42,Bengaluru,Good
11-06-2021,42,Bengaluru,Good
12-06-2021,47,Bengaluru,Good
13-06-2021,48,Bengaluru,Good
14-06-2021,36,Bengaluru,Good
15-06-2021,36,Bengaluru,Good
16-06-2021,57,Bengaluru,Satisfactory
17-06-2021,61,Bengaluru,Satisfactory
18-06-2021,67,Bengaluru,Satisfactory
19-06-2021,78,Bengaluru,Satisfactory
20-06-2021,80,Bengaluru,Satisfactory
21-06-2021,64,Bengaluru,Satisfactory
22-06-2021,64,Bengaluru,Satisfactory
23-06-2021,95,Bengaluru,Satisfactory
24-06-2021,81,Bengaluru,Satisfactory
25-06-2021,90,Bengaluru,Satisfactory
26-06-2021,67,Bengaluru,Satisfactory
27-06-2021,41,Bengaluru,Good
28-06-2021,45,Bengaluru,Good
29-06-2021,63,Bengaluru,Satisfactory
30-06-2021,52,Bengaluru,Satisfactory
01-07-2021,53,Bengaluru,Satisfactory
02-07-2021,50,Bengaluru,Good
03-07-2021,54,Bengaluru,Satisfactory
04-07-2021,47,Bengaluru,Good
05-07-2021,42,Bengaluru,Good
06-07-2021,46,Bengaluru,Good
07-07-2021,61,Bengaluru,Satisfactory
08-07-2021,54,Bengaluru,Satisfactory
09-07-2021,70,Bengaluru,Satisfactory
10-07-2021,52,Bengaluru,Satisfactory
11-07-2021,51,Bengaluru,Satisfactory
12-07-2021,51,Bengaluru,Satisfactory
13-07-2021,59,Bengaluru,Satisfactory
14-07-2021,47,Bengaluru,Good
15-07-2021,43,Bengaluru,Good
16-07-2021,45,Bengaluru,Good
17-07-2021,47,Bengaluru,Good
18-07-2021,47,Bengaluru,Good
19-07-2021,43,Bengaluru,Good
20-07-2021,57,Bengaluru,Satisfactory
21-07-2021,58,Bengaluru,Satisfactory
22-07-2021,47,Bengaluru,Good
23-07-2021,54,Bengaluru,Satisfactory
24-07-2021,57,Bengaluru,Satisfactory
25-07-2021,40,Bengaluru,Good
26-07-2021,50,Bengaluru,Good
27-07-2021,58,Bengaluru,Satisfactory
28-07-2021,55,Bengaluru,Satisfactory
29-07-2021,66,Bengaluru,Satisfactory
30-07-2021,57,Bengaluru,Satisfactory
31-07-2021,69,Bengaluru,Satisfactory
01-08-2021,57,Bengaluru,Satisfactory
02-08-2021,66,Bengaluru,Satisfactory
03-08-2021,67,Bengaluru,Satisfactory
04-08-2021,60,Bengaluru,Satisfactory
05-08-2021,52,Bengaluru,Satisfactory
06-08-2021,64,Bengaluru,Satisfactory
07-08-2021,57,Bengaluru,Satisfactory
08-08-2021,48,Bengaluru,Good
09-08-2021,69,Bengaluru,Satisfactory
10-08-2021,53,Bengaluru,Satisfactory
11-08-2021,59,Bengaluru,Satisfactory
12-08-2021,78,Bengaluru,Satisfactory
13-08-2021,60,Bengaluru,Satisfactory
14-08-2021,69,Bengaluru,Satisfactory
15-08-2021,61,Bengaluru,Satisfactory
16-08-2021,57,Bengaluru,Satisfactory
17-08-2021,58,Bengaluru,Satisfactory
18-08-2021,58,Bengaluru,Satisfactory
19-08-2021,51,Bengaluru,Satisfactory
20-08-2021,57,Bengaluru,Satisfactory
21-08-2021,64,Bengaluru,Satisfactory
22-08-2021,61,Bengaluru,Satisfactory
23-08-2021,54,Bengaluru,Satisfactory
24-08-2021,51,Bengaluru,Satisfactory
25-08-2021,53,Bengaluru,Satisfactory
26-08-2021,56,Bengaluru,Satisfactory
27-08-2021,62,Bengaluru,Satisfactory
28-08-2021,43,Bengaluru,Good
29-08-2021,38,Bengaluru,Good
30-08-2021,43,Bengaluru,Good
31-08-2021,63,Bengaluru,Satisfactory
01-09-2021,67,Bengaluru,Satisfactory
02-09-2021,59,Bengaluru,Satisfactory
03-09-2021,45,Bengaluru,Good
04-09-2021,55,Bengaluru,Satisfactory
05-09-2021,46,Bengaluru,Good
06-09-2021,40,Bengaluru,Good
07-09-2021,41,Bengaluru,Good
08-09-2021,47,Bengaluru,Good
09-09-2021,63,Bengaluru,Satisfactory
10-09-2021,58,Bengaluru,Satisfactory
11-09-2021,61,Bengaluru,Satisfactory
12-09-2021,55,Bengaluru,Satisfactory
13-09-2021,50,Bengaluru,Good
14-09-2021,57,Bengaluru,Satisfactory
15-09-2021,65,Bengaluru,Satisfactory
16-09-2021,65,Bengaluru,Satisfactory
17-09-2021,74,Bengaluru,Satisfactory
18-09-2021,74,Bengaluru,Satisfactory
19-09-2021,83,Bengaluru,Satisfactory
20-09-2021,63,Bengaluru,Satisfactory
21-09-2021,54,Bengaluru,Satisfactory
22-09-2021,45,Bengaluru,Good
23-09-2021,55,Bengaluru,Satisfactory
24-09-2021,52,Bengaluru,Satisfactory
25-09-2021,64,Bengaluru,Satisfactory
26-09-2021,42,Bengaluru,Good
27-09-2021,42,Bengaluru,Good
28-09-2021,50,Bengaluru,Good
29-09-2021,66,Bengaluru,Satisfactory
30-09-2021,63,Bengaluru,Satisfactory
01-10-2021,67,Bengaluru,Satisfactory
02-10-2021,70,Bengaluru,Satisfactory
03-10-2021,51,Bengaluru,Satisfactory
04-10-2021,56,Bengaluru,Satisfactory
05-10-2021,64,Bengaluru,Satisfactory
06-10-2021,52,Bengaluru,Satisfactory
07-10-2021,49,Bengaluru,Good
08-10-2021,57,Bengaluru,Satisfactory
09-10-2021,48,Bengaluru,Good
10-10-2021,46,Bengaluru,Good
11-10-2021,51,Bengaluru,Satisfactory
12-10-2021,39,Bengaluru,Good
13-10-2021,53,Bengaluru,Satisfactory
14-10-2021,50,Bengaluru,Good
15-10-2021,128,Bengaluru,Moderate
16-10-2021,117,Bengaluru,Moderate
17-10-2021,62,Bengaluru,Satisfactory
18-10-2021,72,Bengaluru,Satisfactory
19-10-2021,76,Bengaluru,Satisfactory
20-10-2021,102,Bengaluru,Moderate
21-10-2021,84,Bengaluru,Satisfactory
22-10-2021,77,Bengaluru,Satisfactory
23-10-2021,73,Bengaluru,Satisfactory
24-10-2021,49,Bengaluru,Good
25-10-2021,60,Bengaluru,Satisfactory
26-10-2021,92,Bengaluru,Satisfactory
27-10-2021,106,Bengaluru,Moderate
28-10-2021,125,Bengaluru,Moderate
29-10-2021,111,Bengaluru,Moderate
30-10-2021,52,Bengaluru,Satisfactory
31-10-2021,67,Bengaluru,Satisfactory
01-11-2021,56,Bengaluru,Satisfactory
02-11-2021,50,Bengaluru,Good
03-11-2021,56,Bengaluru,Satisfactory
04-11-2021,58,Bengaluru,Satisfactory
05-11-2021,57,Bengaluru,Satisfactory
06-11-2021,70,Bengaluru,Satisfactory
07-11-2021,77,Bengaluru,Satisfactory
08-11-2021,101,Bengaluru,Moderate
09-11-2021,106,Bengaluru,Moderate
10-11-2021,104,Bengaluru,Moderate
11-11-2021,91,Bengaluru,Satisfactory
12-11-2021,64,Bengaluru,Satisfactory
13-11-2021,58,Bengaluru,Satisfactory
14-11-2021,49,Bengaluru,Good
15-11-2021,51,Bengaluru,Satisfactory
16-11-2021,58,Bengaluru,Satisfactory
17-11-2021,59,Bengaluru,Satisfactory
18-11-2021,61,Bengaluru,Satisfactory
19-11-2021,74,Bengaluru,Satisfactory
20-11-2021,47,Bengaluru,Good
21-11-2021,71,Bengaluru,Satisfactory
22-11-2021,62,Bengaluru,Satisfactory
23-11-2021,65,Bengaluru,Satisfactory
24-11-2021,63,Bengaluru,Satisfactory
25-11-2021,65,Bengaluru,Satisfactory
26-11-2021,74,Bengaluru,Satisfactory
27-11-2021,82,Bengaluru,Satisfactory
28-11-2021,74,Bengaluru,Satisfactory
29-11-2021,55,Bengaluru,Satisfactory
30-11-2021,54,Bengaluru,Satisfactory
01-12-2021,60,Bengaluru,Satisfactory
02-12-2021,86,Bengaluru,Satisfactory
03-12-2021,98,Bengaluru,Satisfactory
04-12-2021,95,Bengaluru,Satisfactory
05-12-2021,86,Bengaluru,Satisfactory
06-12-2021,86,Bengaluru,Satisfactory
07-12-2021,113,Bengaluru,Moderate
08-12-2021,81,Bengaluru,Satisfactory
09-12-2021,66,Bengaluru,Satisfactory
10-12-2021,51,Bengaluru,Satisfactory
11-12-2021,61,Bengaluru,Satisfactory
12-12-2021,47,Bengaluru,Good
13-12-2021,48,Bengaluru,Good
14-12-2021,46,Bengaluru,Good
15-12-2021,69,Bengaluru,Satisfactory
16-12-2021,88,Bengaluru,Satisfactory
17-12-2021,106,Bengaluru,Moderate
18-12-2021,121,Bengaluru,Moderate
19-12-2021,113,Bengaluru,Moderate
20-12-2021,92,Bengaluru,Satisfactory
21-12-2021,112,Bengaluru,Moderate
22-12-2021,152,Bengaluru,Moderate
23-12-2021,144,Bengaluru,Moderate
24-12-2021,145,Bengaluru,Moderate
25-12-2021,132,Bengaluru,Moderate
26-12-2021,112,Bengaluru,Moderate
27-12-2021,92,Bengaluru,Satisfactory
28-12-2021,74,Bengaluru,Satisfactory
29-12-2021,67,Bengaluru,Satisfactory
30-12-2021,73,Bengaluru,Satisfactory
31-12-2021,52,Bengaluru,Satisfactory
01-01-2022,51,Bengaluru,Satisfactory
02-01-2022,43,Bengaluru,Good
03-01-2022,55,Bengaluru,Satisfactory
04-01-2022,86,Bengaluru,Satisfactory
05-01-2022,88,Bengaluru,Satisfactory
06-01-2022,86,Bengaluru,Satisfactory
07-01-2022,79,Bengaluru,Satisfactory
08-01-2022,77,Bengaluru,Satisfactory
09-01-2022,71,Bengaluru,Satisfactory
10-01-2022,75,Bengaluru,Satisfactory
11-01-2022,74,Bengaluru,Satisfactory
12-01-2022,73,Bengaluru,Satisfactory
13-01-2022,76,Bengaluru,Satisfactory
14-01-2022,87,Bengaluru,Satisfactory
15-01-2022,88,Bengaluru,Satisfactory
16-01-2022,74,Bengaluru,Satisfactory
17-01-2022,52,Bengaluru,Satisfactory
18-01-2022,65,Bengaluru,Satisfactory
19-01-2022,84,Bengaluru,Satisfactory
20-01-2022,97,Bengaluru,Satisfactory
21-01-2022,102,Bengaluru,Moderate
22-01-2022,119,Bengaluru,Moderate
23-01-2022,100,Bengaluru,Satisfactory
24-01-2022,74,Bengaluru,Satisfactory
25-01-2022,103,Bengaluru,Moderate
26-01-2022,87,Bengaluru,Satisfactory
27-01-2022,72,Bengaluru,Satisfactory
28-01-2022,91,Bengaluru,Satisfactory
29-01-2022,108,Bengaluru,Moderate
30-01-2022,101,Bengaluru,Moderate
31-01-2022,104,Bengaluru,Moderate
01-02-2022,118,Bengaluru,Moderate
02-02-2022,108,Bengaluru,Moderate
03-02-2022,111,Bengaluru,Moderate
04-02-2022,102,Bengaluru,Moderate
05-02-2022,114,Bengaluru,Moderate
06-02-2022,96,Bengaluru,Satisfactory
07-02-2022,80,Bengaluru,Satisfactory
08-02-2022,100,Bengaluru,Satisfactory
09-02-2022,91,Bengaluru,Satisfactory
10-02-2022,90,Bengaluru,Satisfactory
11-02-2022,113,Bengaluru,Moderate
12-02-2022,74,Bengaluru,Satisfactory
13-02-2022,78,Bengaluru,Satisfactory
14-02-2022,77,Bengaluru,Satisfactory
15-02-2022,86,Bengaluru,Satisfactory
16-02-2022,97,Bengaluru,Satisfactory
17-02-2022,109,Bengaluru,Moderate
18-02-2022,99,Bengaluru,Satisfactory
19-02-2022,86,Bengaluru,Satisfactory
20-02-2022,98,Bengaluru,Satisfactory
21-02-2022,114,Bengaluru,Moderate
22-02-2022,124,Bengaluru,Moderate
23-02-2022,84,Bengaluru,Satisfactory
24-02-2022,69,Bengaluru,Satisfactory
25-02-2022,78,Bengaluru,Satisfactory
26-02-2022,96,Bengaluru,Satisfactory
27-02-2022,96,Bengaluru,Satisfactory
28-02-2022,73,Bengaluru,Satisfactory
01-03-2022,96,Bengaluru,Satisfactory
02-03-2022,88,Bengaluru,Satisfactory
03-03-2022,96,Bengaluru,Satisfactory
04-03-2022,100,Bengaluru,Satisfactory
05-03-2022,76,Bengaluru,Satisfactory
06-03-2022,78,Bengaluru,Satisfactory
07-03-2022,69,Bengaluru,Satisfactory
08-03-2022,81,Bengaluru,Satisfactory
09-03-2022,119,Bengaluru,Moderate
10-03-2022,104,Bengaluru,Moderate
11-03-2022,96,Bengaluru,Satisfactory
12-03-2022,108,Bengaluru,Moderate
13-03-2022,116,Bengaluru,Moderate
14-03-2022,113,Bengaluru,Moderate
15-03-2022,121,Bengaluru,Moderate
16-03-2022,127,Bengaluru,Moderate
17-03-2022,142,Bengaluru,Moderate
18-03-2022,122,Bengaluru,Moderate
19-03-2022,106,Bengaluru,Moderate
20-03-2022,87,Bengaluru,Satisfactory
21-03-2022,90,Bengaluru,Satisfactory
22-03-2022,86,Bengaluru,Satisfactory
23-03-2022,111,Bengaluru,Moderate
24-03-2022,99,Bengaluru,Satisfactory
25-03-2022,106,Bengaluru,Moderate
26-03-2022,99,Bengaluru,Satisfactory
27-03-2022,112,Bengaluru,Moderate
28-03-2022,109,Bengaluru,Moderate
29-03-2022,88,Bengaluru,Satisfactory
30-03-2022,100,Bengaluru,Satisfactory
31-03-2022,102,Bengaluru,Moderate
01-04-2022,97,Bengaluru,Satisfactory
02-04-2022,91,Bengaluru,Satisfactory
03-04-2022,104,Bengaluru,Moderate
04-04-2022,98,Bengaluru,Satisfactory
05-04-2022,94,Bengaluru,Satisfactory
06-04-2022,99,Bengaluru,Satisfactory
07-04-2022,99,Bengaluru,Satisfactory
08-04-2022,97,Bengaluru,Satisfactory
09-04-2022,76,Bengaluru,Satisfactory
10-04-2022,71,Bengaluru,Satisfactory
11-04-2022,73,Bengaluru,Satisfactory
12-04-2022,81,Bengaluru,Satisfactory
13-04-2022,65,Bengaluru,Satisfactory
14-04-2022,64,Bengaluru,Satisfactory
15-04-2022,72,Bengaluru,Satisfactory
16-04-2022,83,Bengaluru,Satisfactory
17-04-2022,77,Bengaluru,Satisfactory
18-04-2022,76,Bengaluru,Satisfactory
19-04-2022,73,Bengaluru,Satisfactory
20-04-2022,93,Bengaluru,Satisfactory
21-04-2022,122,Bengaluru,Moderate
22-04-2022,96,Bengaluru,Satisfactory
23-04-2022,76,Bengaluru,Satisfactory
24-04-2022,71,Bengaluru,Satisfactory
25-04-2022,103,Bengaluru,Moderate
26-04-2022,86,Bengaluru,Satisfactory
27-04-2022,108,Bengaluru,Moderate
28-04-2022,96,Bengaluru,Satisfactory
29-04-2022,96,Bengaluru,Satisfactory
30-04-2022,82,Bengaluru,Satisfactory
01-05-2022,87,Bengaluru,Satisfactory
02-05-2022,68,Bengaluru,Satisfactory
03-05-2022,77,Bengaluru,Satisfactory
04-05-2022,73,Bengaluru,Satisfactory
05-05-2022,68,Bengaluru,Satisfactory
06-05-2022,86,Bengaluru,Satisfactory
07-05-2022,77,Bengaluru,Satisfactory
08-05-2022,79,Bengaluru,Satisfactory
09-05-2022,76,Bengaluru,Satisfactory
10-05-2022,84,Bengaluru,Satisfactory
11-05-2022,74,Bengaluru,Satisfactory
12-05-2022,57,Bengaluru,Satisfactory
13-05-2022,65,Bengaluru,Satisfactory
14-05-2022,83,Bengaluru,Satisfactory
15-05-2022,70,Bengaluru,Satisfactory
16-05-2022,84,Bengaluru,Satisfactory
17-05-2022,61,Bengaluru,Satisfactory
18-05-2022,58,Bengaluru,Satisfactory
19-05-2022,57,Bengaluru,Satisfactory
20-05-2022,76,Bengaluru,Satisfactory
21-05-2022,58,Bengaluru,Satisfactory
22-05-2022,77,Bengaluru,Satisfactory
23-05-2022,70,Bengaluru,Satisfactory
24-05-2022,73,Bengaluru,Satisfactory
25-05-2022,74,Bengaluru,Satisfactory
26-05-2022,84,Bengaluru,Satisfactory
27-05-2022,73,Bengaluru,Satisfactory
28-05-2022,84,Bengaluru,Satisfactory
29-05-2022,64,Bengaluru,Satisfactory
30-05-2022,64,Bengaluru,Satisfactory
31-05-2022,65,Bengaluru,Satisfactory
01-06-2022,67,Bengaluru,Satisfactory
02-06-2022,67,Bengaluru,Satisfactory
03-06-2022,79,Bengaluru,Satisfactory
04-06-2022,78,Bengaluru,Satisfactory
05-06-2022,76,Bengaluru,Satisfactory
06-06-2022,62,Bengaluru,Satisfactory
07-06-2022,62,Bengaluru,Satisfactory
08-06-2022,59,Bengaluru,Satisfactory
09-06-2022,66,Bengaluru,Satisfactory
10-06-2022,68,Bengaluru,Satisfactory
11-06-2022,68,Bengaluru,Satisfactory
12-06-2022,56,Bengaluru,Satisfactory
13-06-2022,52,Bengaluru,Satisfactory
14-06-2022,61,Bengaluru,Satisfactory
15-06-2022,52,Bengaluru,Satisfactory
16-06-2022,57,Bengaluru,Satisfactory
17-06-2022,56,Bengaluru,Satisfactory
18-06-2022,51,Bengaluru,Satisfactory
19-06-2022,45,Bengaluru,Good
20-06-2022,45,Bengaluru,Good
21-06-2022,51,Bengaluru,Satisfactory
22-06-2022,46,Bengaluru,Good
23-06-2022,54,Bengaluru,Satisfactory
24-06-2022,53,Bengaluru,Satisfactory
25-06-2022,62,Bengaluru,Satisfactory
26-06-2022,65,Bengaluru,Satisfactory
27-06-2022,65,Bengaluru,Satisfactory
28-06-2022,61,Bengaluru,Satisfactory
29-06-2022,62,Bengaluru,Satisfactory
30-06-2022,55,Bengaluru,Satisfactory
01-07-2022,56,Bengaluru,Satisfactory
02-07-2022,77,Bengaluru,Satisfactory
03-07-2022,79,Bengaluru,Satisfactory
04-07-2022,51,Bengaluru,Satisfactory
05-07-2022,52,Bengaluru,Satisfactory
06-07-2022,57,Bengaluru,Satisfactory
07-07-2022,53,Bengaluru,Satisfactory
08-07-2022,57,Bengaluru,Satisfactory
09-07-2022,60,Bengaluru,Satisfactory
10-07-2022,48,Bengaluru,Good
11-07-2022,56,Bengaluru,Satisfactory
12-07-2022,62,Bengaluru,Satisfactory
14-07-2022,57,Bengaluru,Satisfactory
15-07-2022,65,Bengaluru,Satisfactory
16-07-2022,73,Bengaluru,Satisfactory
17-07-2022,57,Bengaluru,Satisfactory
18-07-2022,52,Bengaluru,Satisfactory
19-07-2022,57,Bengaluru,Satisfactory
20-07-2022,69,Bengaluru,Satisfactory
21-07-2022,86,Bengaluru,Satisfactory
22-07-2022,79,Bengaluru,Satisfactory
23-07-2022,76,Bengaluru,Satisfactory
24-07-2022,65,Bengaluru,Satisfactory
25-07-2022,67,Bengaluru,Satisfactory
26-07-2022,65,Bengaluru,Satisfactory
27-07-2022,73,Bengaluru,Satisfactory
28-07-2022,67,Bengaluru,Satisfactory
29-07-2022,84,Bengaluru,Satisfactory
30-07-2022,70,Bengaluru,Satisfactory
31-07-2022,58,Bengaluru,Satisfactory
01-08-2022,67,Bengaluru,Satisfactory
02-08-2022,51,Bengaluru,Satisfactory
03-08-2022,50,Bengaluru,Good
04-08-2022,56,Bengaluru,Satisfactory
05-08-2022,51,Bengaluru,Satisfactory
06-08-2022,86,Bengaluru,Satisfactory
07-08-2022,43,Bengaluru,Good
08-08-2022,53,Bengaluru,Satisfactory
09-08-2022,57,Bengaluru,Satisfactory
10-08-2022,65,Bengaluru,Satisfactory
11-08-2022,65,Bengaluru,Satisfactory
12-08-2022,58,Bengaluru,Satisfactory
13-08-2022,62,Bengaluru,Satisfactory
14-08-2022,62,Bengaluru,Satisfactory
15-08-2022,62,Bengaluru,Satisfactory
16-08-2022,68,Bengaluru,Satisfactory
17-08-2022,79,Bengaluru,Satisfactory
18-08-2022,62,Bengaluru,Satisfactory
19-08-2022,56,Bengaluru,Satisfactory
20-08-2022,53,Bengaluru,Satisfactory
21-08-2022,63,Bengaluru,Satisfactory
22-08-2022,43,Bengaluru,Good
23-08-2022,46,Bengaluru,Good
24-08-2022,48,Bengaluru,Good
25-08-2022,44,Bengaluru,Good
26-08-2022,46,Bengaluru,Good
27-08-2022,44,Bengaluru,Good
28-08-2022,40,Bengaluru,Good
29-08-2022,63,Bengaluru,Satisfactory
30-08-2022,58,Bengaluru,Satisfactory
31-08-2022,65,Bengaluru,Satisfactory
01-09-2022,51,Bengaluru,Satisfactory
02-09-2022,74,Bengaluru,Satisfactory
03-09-2022,70,Bengaluru,Satisfactory
04-09-2022,54,Bengaluru,Satisfactory
05-09-2022,46,Bengaluru,Good
06-09-2022,57,Bengaluru,Satisfactory
07-09-2022,44,Bengaluru,Good
08-09-2022,44,Bengaluru,Good
09-09-2022,51,Bengaluru,Satisfactory
10-09-2022,62,Bengaluru,Satisfactory
11-09-2022,48,Bengaluru,Good
12-09-2022,42,Bengaluru,Good
13-09-2022,50,Bengaluru,Good
14-09-2022,50,Bengaluru,Good
15-09-2022,56,Bengaluru,Satisfactory
16-09-2022,85,Bengaluru,Satisfactory
17-09-2022,66,Bengaluru,Satisfactory
18-09-2022,58,Bengaluru,Satisfactory
19-09-2022,64,Bengaluru,Satisfactory
20-09-2022,80,Bengaluru,Satisfactory
21-09-2022,60,Bengaluru,Satisfactory
22-09-2022,76,Bengaluru,Satisfactory
23-09-2022,74,Bengaluru,Satisfactory
24-09-2022,65,Bengaluru,Satisfactory
25-09-2022,58,Bengaluru,Satisfactory
26-09-2022,67,Bengaluru,Satisfactory
27-09-2022,65,Bengaluru,Satisfactory
28-09-2022,61,Bengaluru,Satisfactory
29-09-2022,42,Bengaluru,Good
30-09-2022,66,Bengaluru,Satisfactory
01-10-2022,74,Bengaluru,Satisfactory
02-10-2022,54,Bengaluru,Satisfactory
03-10-2022,132,Bengaluru,Moderate
04-10-2022,126,Bengaluru,Moderate
05-10-2022,104,Bengaluru,Moderate
06-10-2022,80,Bengaluru,Satisfactory
07-10-2022,107,Bengaluru,Moderate
08-10-2022,73,Bengaluru,Satisfactory
09-10-2022,69,Bengaluru,Satisfactory
10-10-2022,58,Bengaluru,Satisfactory
11-10-2022,50,Bengaluru,Good
12-10-2022,64,Bengaluru,Satisfactory
13-10-2022,57,Bengaluru,Satisfactory
14-10-2022,66,Bengaluru,Satisfactory
15-10-2022,55,Bengaluru,Satisfactory
16-10-2022,36,Bengaluru,Good
17-10-2022,41,Bengaluru,Good
18-10-2022,54,Bengaluru,Satisfactory
19-10-2022,57,Bengaluru,Satisfactory
20-10-2022,89,Bengaluru,Satisfactory
21-10-2022,69,Bengaluru,Satisfactory
22-10-2022,74,Bengaluru,Satisfactory
23-10-2022,102,Bengaluru,Moderate
24-10-2022,99,Bengaluru,Satisfactory
25-10-2022,142,Bengaluru,Moderate
26-10-2022,151,Bengaluru,Moderate
27-10-2022,130,Bengaluru,Moderate
28-10-2022,95,Bengaluru,Satisfactory
29-10-2022,71,Bengaluru,Satisfactory
30-10-2022,74,Bengaluru,Satisfactory
31-10-2022,95,Bengaluru,Satisfactory
01-11-2022,105,Bengaluru,Moderate
02-11-2022,53,Bengaluru,Satisfactory
03-11-2022,54,Bengaluru,Satisfactory
04-11-2022,54,Bengaluru,Satisfactory
05-11-2022,49,Bengaluru,Good
06-11-2022,58,Bengaluru,Satisfactory
07-11-2022,119,Bengaluru,Moderate
08-11-2022,96,Bengaluru,Satisfactory
09-11-2022,100,Bengaluru,Satisfactory
10-11-2022,112,Bengaluru,Moderate
11-11-2022,111,Bengaluru,Moderate
12-11-2022,98,Bengaluru,Satisfactory
13-11-2022,33,Bengaluru,Good
14-11-2022,35,Bengaluru,Good
15-11-2022,67,Bengaluru,Satisfactory
16-11-2022,129,Bengaluru,Moderate
17-11-2022,168,Bengaluru,Moderate
18-11-2022,133,Bengaluru,Moderate
19-11-2022,124,Bengaluru,Moderate
20-11-2022,129,Bengaluru,Moderate
21-11-2022,154,Bengaluru,Moderate
22-11-2022,78,Bengaluru,Satisfactory
23-11-2022,47,Bengaluru,Good
24-11-2022,38,Bengaluru,Good
25-11-2022,82,Bengaluru,Satisfactory
26-11-2022,63,Bengaluru,Satisfactory
27-11-2022,85,Bengaluru,Satisfactory
28-11-2022,106,Bengaluru,Moderate
29-11-2022,168,Bengaluru,Moderate
30-11-2022,150,Bengaluru,Moderate
01-12-2022,128,Bengaluru,Moderate
02-12-2022,93,Bengaluru,Satisfactory
03-12-2022,68,Bengaluru,Satisfactory
04-12-2022,52,Bengaluru,Satisfactory
05-12-2022,77,Bengaluru,Satisfactory
06-12-2022,108,Bengaluru,Moderate
07-12-2022,124,Bengaluru,Moderate
08-12-2022,125,Bengaluru,Moderate
09-12-2022,127,Bengaluru,Moderate
10-12-2022,68,Bengaluru,Satisfactory
11-12-2022,24,Bengaluru,Good
12-12-2022,42,Bengaluru,Good
13-12-2022,59,Bengaluru,Satisfactory
14-12-2022,43,Bengaluru,Good
15-12-2022,72,Bengaluru,Satisfactory
16-12-2022,121,Bengaluru,Moderate
17-12-2022,114,Bengaluru,Moderate
18-12-2022,146,Bengaluru,Moderate
19-12-2022,155,Bengaluru,Moderate
20-12-2022,114,Bengaluru,Moderate
21-12-2022,80,Bengaluru,Satisfactory
22-12-2022,77,Bengaluru,Satisfactory
23-12-2022,95,Bengaluru,Satisfactory
24-12-2022,95,Bengaluru,Satisfactory
25-12-2022,69,Bengaluru,Satisfactory
26-12-2022,40,Bengaluru,Good
27-12-2022,42,Bengaluru,Good
28-12-2022,47,Bengaluru,Good
29-12-2022,54,Bengaluru,Satisfactory
30-12-2022,72,Bengaluru,Satisfactory
31-12-2022,76,Bengaluru,Satisfactory
01-01-2023,88,Bengaluru,Satisfactory
02-01-2023,86,Bengaluru,Satisfactory
03-01-2023,82,Bengaluru,Satisfactory
04-01-2023,90,Bengaluru,Satisfactory
05-01-2023,87,Bengaluru,Satisfactory
06-01-2023,104,Bengaluru,Moderate
07-01-2023,91,Bengaluru,Satisfactory
08-01-2023,113,Bengaluru,Moderate
09-01-2023,118,Bengaluru,Moderate
10-01-2023,93,Bengaluru,Satisfactory
11-01-2023,102,Bengaluru,Moderate
12-01-2023,126,Bengaluru,Moderate
13-01-2023,105,Bengaluru,Moderate
14-01-2023,99,Bengaluru,Satisfactory
15-01-2023,118,Bengaluru,Moderate
16-01-2023,109,Bengaluru,Moderate
17-01-2023,90,Bengaluru,Satisfactory
18-01-2023,71,Bengaluru,Satisfactory
19-01-2023,82,Bengaluru,Satisfactory
20-01-2023,85,Bengaluru,Satisfactory
21-01-2023,77,Bengaluru,Satisfactory
22-01-2023,79,Bengaluru,Satisfactory
23-01-2023,68,Bengaluru,Satisfactory
24-01-2023,64,Bengaluru,Satisfactory
25-01-2023,70,Bengaluru,Satisfactory
26-01-2023,120,Bengaluru,Moderate
27-01-2023,160,Bengaluru,Moderate
28-01-2023,72,Bengaluru,Satisfactory
29-01-2023,81,Bengaluru,Satisfactory
30-01-2023,74,Bengaluru,Satisfactory
31-01-2023,73,Bengaluru,Satisfactory
01-02-2023,93,Bengaluru,Satisfactory
02-02-2023,95,Bengaluru,Satisfactory
03-02-2023,86,Bengaluru,Satisfactory
04-02-2023,81,Bengaluru,Satisfactory
05-02-2023,90,Bengaluru,Satisfactory
06-02-2023,95,Bengaluru,Satisfactory
07-02-2023,150,Bengaluru,Moderate
08-02-2023,121,Bengaluru,Moderate
09-02-2023,116,Bengaluru,Moderate
10-02-2023,93,Bengaluru,Satisfactory
11-02-2023,95,Bengaluru,Satisfactory
12-02-2023,97,Bengaluru,Satisfactory
13-02-2023,111,Bengaluru,Moderate
14-02-2023,89,Bengaluru,Satisfactory
15-02-2023,90,Bengaluru,Satisfactory
16-02-2023,98,Bengaluru,Satisfactory
17-02-2023,91,Bengaluru,Satisfactory
18-02-2023,129,Bengaluru,Moderate
19-02-2023,125,Bengaluru,Moderate
20-02-2023,106,Bengaluru,Moderate
21-02-2023,87,Bengaluru,Satisfactory
22-02-2023,86,Bengaluru,Satisfactory
23-02-2023,97,Bengaluru,Satisfactory
24-02-2023,74,Bengaluru,Satisfactory
25-02-2023,77,Bengaluru,Satisfactory
26-02-2023,96,Bengaluru,Satisfactory
27-02-2023,84,Bengaluru,Satisfactory
28-02-2023,90,Bengaluru,Satisfactory
01-03-2023,89,Bengaluru,Satisfactory
02-03-2023,87,Bengaluru,Satisfactory
03-03-2023,101,Bengaluru,Moderate
04-03-2023,96,Bengaluru,Satisfactory
05-03-2023,92,Bengaluru,Satisfactory
06-03-2023,92,Bengaluru,Satisfactory
07-03-2023,84,Bengaluru,Satisfactory
08-03-2023,82,Bengaluru,Satisfactory
09-03-2023,86,Bengaluru,Satisfactory
10-03-2023,87,Bengaluru,Satisfactory
11-03-2023,88,Bengaluru,Satisfactory
12-03-2023,78,Bengaluru,Satisfactory
13-03-2023,69,Bengaluru,Satisfactory
14-03-2023,87,Bengaluru,Satisfactory
15-03-2023,95,Bengaluru,Satisfactory
16-03-2023,113,Bengaluru,Moderate
17-03-2023,91,Bengaluru,Satisfactory
18-03-2023,63,Bengaluru,Satisfactory
19-03-2023,57,Bengaluru,Satisfactory
20-03-2023,52,Bengaluru,Satisfactory
21-03-2023,53,Bengaluru,Satisfactory
22-03-2023,83,Bengaluru,Satisfactory
23-03-2023,70,Bengaluru,Satisfactory
24-03-2023,63,Bengaluru,Satisfactory
25-03-2023,58,Bengaluru,Satisfactory
26-03-2023,68,Bengaluru,Satisfactory
27-03-2023,52,Bengaluru,Satisfactory
28-03-2023,95,Bengaluru,Satisfactory
29-03-2023,83,Bengaluru,Satisfactory
30-03-2023,63,Bengaluru,Satisfactory
31-03-2023,68,Bengaluru,Satisfactory
01-04-2023,73,Bengaluru,Satisfactory
02-04-2023,67,Bengaluru,Satisfactory
03-04-2023,80,Bengaluru,Satisfactory
04-04-2023,60,Bengaluru,Satisfactory
05-04-2023,74,Bengaluru,Satisfactory
06-04-2023,78,Bengaluru,Satisfactory
07-04-2023,76,Bengaluru,Satisfactory
08-04-2023,79,Bengaluru,Satisfactory
09-04-2023,71,Bengaluru,Satisfactory
10-04-2023,59,Bengaluru,Satisfactory
11-04-2023,66,Bengaluru,Satisfactory
12-04-2023,79,Bengaluru,Satisfactory
13-04-2023,88,Bengaluru,Satisfactory
14-04-2023,110,Bengaluru,Moderate
15-04-2023,94,Bengaluru,Satisfactory
16-04-2023,111,Bengaluru,Moderate
17-04-2023,98,Bengaluru,Satisfactory
18-04-2023,100,Bengaluru,Satisfactory
19-04-2023,89,Bengaluru,Satisfactory
20-04-2023,97,Bengaluru,Satisfactory
21-04-2023,92,Bengaluru,Satisfactory
22-04-2023,81,Bengaluru,Satisfactory
23-04-2023,73,Bengaluru,Satisfactory
24-04-2023,69,Bengaluru,Satisfactory
25-04-2023,63,Bengaluru,Satisfactory
26-04-2023,58,Bengaluru,Satisfactory
27-04-2023,83,Bengaluru,Satisfactory
28-04-2023,71,Bengaluru,Satisfactory
29-04-2023,75,Bengaluru,Satisfactory
30-04-2023,79,Bengaluru,Satisfactory
01-05-2023,51,Bengaluru,Satisfactory
02-05-2023,59,Bengaluru,Satisfactory
03-05-2023,60,Bengaluru,Satisfactory
04-05-2023,63,Bengaluru,Satisfactory
05-05-2023,52,Bengaluru,Satisfactory
06-05-2023,51,Bengaluru,Satisfactory
07-05-2023,51,Bengaluru,Satisfactory
08-05-2023,54,Bengaluru,Satisfactory
09-05-2023,51,Bengaluru,Satisfactory
10-05-2023,54,Bengaluru,Satisfactory
11-05-2023,74,Bengaluru,Satisfactory
12-05-2023,61,Bengaluru,Satisfactory
13-05-2023,63,Bengaluru,Satisfactory
14-05-2023,56,Bengaluru,Satisfactory
15-05-2023,69,Bengaluru,Satisfactory
16-05-2023,74,Bengaluru,Satisfactory
17-05-2023,90,Bengaluru,Satisfactory
18-05-2023,74,Bengaluru,Satisfactory
19-05-2023,76,Bengaluru,Satisfactory
20-05-2023,65,Bengaluru,Satisfactory
21-05-2023,72,Bengaluru,Satisfactory
22-05-2023,55,Bengaluru,Satisfactory
23-05-2023,52,Bengaluru,Satisfactory
24-05-2023,63,Bengaluru,Satisfactory
25-05-2023,54,Bengaluru,Satisfactory
26-05-2023,50,Bengaluru,Good
27-05-2023,54,Bengaluru,Satisfactory
28-05-2023,61,Bengaluru,Satisfactory
29-05-2023,59,Bengaluru,Satisfactory
30-05-2023,85,Bengaluru,Satisfactory
31-05-2023,58,Bengaluru,Satisfactory
01-06-2023,53,Bengaluru,Satisfactory
02-06-2023,60,Bengaluru,Satisfactory
03-06-2023,73,Bengaluru,Satisfactory
04-06-2023,71,Bengaluru,Satisfactory
05-06-2023,66,Bengaluru,Satisfactory
06-06-2023,65,Bengaluru,Satisfactory
07-06-2023,59,Bengaluru,Satisfactory
08-06-2023,49,Bengaluru,Good
09-06-2023,46,Bengaluru,Good
10-06-2023,53,Bengaluru,Satisfactory
11-06-2023,43,Bengaluru,Good
12-06-2023,39,Bengaluru,Good
13-06-2023,50,Bengaluru,Good
14-06-2023,61,Bengaluru,Satisfactory
15-06-2023,54,Bengaluru,Satisfactory
16-06-2023,55,Bengaluru,Satisfactory
17-06-2023,54,Bengaluru,Satisfactory
18-06-2023,49,Bengaluru,Good
19-06-2023,45,Bengaluru,Good
20-06-2023,61,Bengaluru,Satisfactory
21-06-2023,65,Bengaluru,Satisfactory
22-06-2023,57,Bengaluru,Satisfactory
23-06-2023,53,Bengaluru,Satisfactory
24-06-2023,48,Bengaluru,Good
25-06-2023,42,Bengaluru,Good
26-06-2023,38,Bengaluru,Good
27-06-2023,44,Bengaluru,Good
28-06-2023,42,Bengaluru,Good
29-06-2023,40,Bengaluru,Good
30-06-2023,38,Bengaluru,Good
01-07-2023,43,Bengaluru,Good
02-07-2023,50,Bengaluru,Good
03-07-2023,44,Bengaluru,Good
04-07-2023,34,Bengaluru,Good
05-07-2023,36,Bengaluru,Good
06-07-2023,37,Bengaluru,Good
07-07-2023,39,Bengaluru,Good
08-07-2023,38,Bengaluru,Good
09-07-2023,39,Bengaluru,Good
10-07-2023,40,Bengaluru,Good
11-07-2023,52,Bengaluru,Satisfactory
12-07-2023,49,Bengaluru,Good
13-07-2023,48,Bengaluru,Good
14-07-2023,61,Bengaluru,Satisfactory
15-07-2023,50,Bengaluru,Good
16-07-2023,48,Bengaluru,Good
17-07-2023,47,Bengaluru,Good
18-07-2023,57,Bengaluru,Satisfactory
19-07-2023,63,Bengaluru,Satisfactory
20-07-2023,71,Bengaluru,Satisfactory
21-07-2023,97,Bengaluru,Satisfactory
22-07-2023,59,Bengaluru,Satisfactory
23-07-2023,45,Bengaluru,Good
24-07-2023,41,Bengaluru,Good
25-07-2023,40,Bengaluru,Good
26-07-2023,45,Bengaluru,Good
27-07-2023,39,Bengaluru,Good
28-07-2023,62,Bengaluru,Satisfactory
29-07-2023,54,Bengaluru,Satisfactory
30-07-2023,52,Bengaluru,Satisfactory
31-07-2023,47,Bengaluru,Good
01-08-2023,67,Bengaluru,Satisfactory
02-08-2023,68,Bengaluru,Satisfactory
03-08-2023,64,Bengaluru,Satisfactory
04-08-2023,54,Bengaluru,Satisfactory
05-08-2023,58,Bengaluru,Satisfactory
06-08-2023,42,Bengaluru,Good
07-08-2023,50,Bengaluru,Good
08-08-2023,64,Bengaluru,Satisfactory
09-08-2023,60,Bengaluru,Satisfactory
10-08-2023,65,Bengaluru,Satisfactory
11-08-2023,64,Bengaluru,Satisfactory
12-08-2023,74,Bengaluru,Satisfactory
13-08-2023,65,Bengaluru,Satisfactory
14-08-2023,50,Bengaluru,Good
15-08-2023,61,Bengaluru,Satisfactory
16-08-2023,64,Bengaluru,Satisfactory
17-08-2023,75,Bengaluru,Satisfactory
18-08-2023,68,Bengaluru,Satisfactory
19-08-2023,49,Bengaluru,Good
20-08-2023,49,Bengaluru,Good
21-08-2023,59,Bengaluru,Satisfactory
22-08-2023,99,Bengaluru,Satisfactory
23-08-2023,78,Bengaluru,Satisfactory
24-08-2023,82,Bengaluru,Satisfactory
25-08-2023,115,Bengaluru,Moderate
26-08-2023,65,Bengaluru,Satisfactory
27-08-2023,50,Bengaluru,Good
28-08-2023,63,Bengaluru,Satisfactory
29-08-2023,69,Bengaluru,Satisfactory
30-08-2023,71,Bengaluru,Satisfactory
31-08-2023,78,Bengaluru,Satisfactory
01-09-2023,57,Bengaluru,Satisfactory
02-09-2023,51,Bengaluru,Satisfactory
03-09-2023,51,Bengaluru,Satisfactory
04-09-2023,68,Bengaluru,Satisfactory
05-09-2023,52,Bengaluru,Satisfactory
06-09-2023,34,Bengaluru,Good
07-09-2023,40,Bengaluru,Good
08-09-2023,48,Bengaluru,Good
09-09-2023,48,Bengaluru,Good
10-09-2023,50,Bengaluru,Good
11-09-2023,49,Bengaluru,Good
12-09-2023,49,Bengaluru,Good
13-09-2023,51,Bengaluru,Satisfactory
14-09-2023,47,Bengaluru,Good
15-09-2023,44,Bengaluru,Good
16-09-2023,40,Bengaluru,Good
17-09-2023,39,Bengaluru,Good
18-09-2023,36,Bengaluru,Good
19-09-2023,37,Bengaluru,Good
20-09-2023,56,Bengaluru,Satisfactory
21-09-2023,52,Bengaluru,Satisfactory
22-09-2023,61,Bengaluru,Satisfactory
23-09-2023,72,Bengaluru,Satisfactory
24-09-2023,59,Bengaluru,Satisfactory
25-09-2023,44,Bengaluru,Good
26-09-2023,43,Bengaluru,Good
27-09-2023,44,Bengaluru,Good
28-09-2023,51,Bengaluru,Satisfactory
29-09-2023,41,Bengaluru,Good
30-09-2023,40,Bengaluru,Good
01-10-2023,39,Bengaluru,Good
02-10-2023,52,Bengaluru,Satisfactory
03-10-2023,94,Bengaluru,Satisfactory
04-10-2023,88,Bengaluru,Satisfactory
05-10-2023,85,Bengaluru,Satisfactory
06-10-2023,91,Bengaluru,Satisfactory
07-10-2023,95,Bengaluru,Satisfactory
08-10-2023,88,Bengaluru,Satisfactory
09-10-2023,67,Bengaluru,Satisfactory
10-10-2023,69,Bengaluru,Satisfactory
11-10-2023,77,Bengaluru,Satisfactory
12-10-2023,99,Bengaluru,Satisfactory
13-10-2023,105,Bengaluru,Moderate
14-10-2023,95,Bengaluru,Satisfactory
15-10-2023,80,Bengaluru,Satisfactory
16-10-2023,78,Bengaluru,Satisfactory
17-10-2023,76,Bengaluru,Satisfactory
18-10-2023,99,Bengaluru,Satisfactory
19-10-2023,104,Bengaluru,Moderate
20-10-2023,119,Bengaluru,Moderate
21-10-2023,99,Bengaluru,Satisfactory
22-10-2023,88,Bengaluru,Satisfactory
23-10-2023,93,Bengaluru,Satisfactory
24-10-2023,81,Bengaluru,Satisfactory
25-10-2023,86,Bengaluru,Satisfactory
26-10-2023,97,Bengaluru,Satisfactory
27-10-2023,92,Bengaluru,Satisfactory
28-10-2023,76,Bengaluru,Satisfactory
29-10-2023,56,Bengaluru,Satisfactory
30-10-2023,50,Bengaluru,Good
31-10-2023,78,Bengaluru,Satisfactory
01-11-2023,81,Bengaluru,Satisfactory
02-11-2023,67,Bengaluru,Satisfactory
03-11-2023,46,Bengaluru,Good
04-11-2023,46,Bengaluru,Good
05-11-2023,43,Bengaluru,Good
06-11-2023,53,Bengaluru,Satisfactory
07-11-2023,49,Bengaluru,Good
08-11-2023,43,Bengaluru,Good
09-11-2023,62,Bengaluru,Satisfactory
10-11-2023,79,Bengaluru,Satisfactory
11-11-2023,90,Bengaluru,Satisfactory
12-11-2023,88,Bengaluru,Satisfactory
13-11-2023,148,Bengaluru,Moderate
14-11-2023,168,Bengaluru,Moderate
15-11-2023,172,Bengaluru,Moderate
16-11-2023,125,Bengaluru,Moderate
17-11-2023,114,Bengaluru,Moderate
18-11-2023,72,Bengaluru,Satisfactory
19-11-2023,62,Bengaluru,Satisfactory
20-11-2023,59,Bengaluru,Satisfactory
21-11-2023,65,Bengaluru,Satisfactory
22-11-2023,63,Bengaluru,Satisfactory
23-11-2023,47,Bengaluru,Good
24-11-2023,61,Bengaluru,Satisfactory
25-11-2023,54,Bengaluru,Satisfactory
26-11-2023,69,Bengaluru,Satisfactory
27-11-2023,57,Bengaluru,Satisfactory
28-11-2023,58,Bengaluru,Satisfactory
29-11-2023,64,Bengaluru,Satisfactory
30-11-2023,45,Bengaluru,Good
01-12-2023,51,Bengaluru,Satisfactory
02-12-2023,76,Bengaluru,Satisfactory
03-12-2023,61,Bengaluru,Satisfactory
04-12-2023,74,Bengaluru,Satisfactory
05-12-2023,75,Bengaluru,Satisfactory
06-12-2023,113,Bengaluru,Moderate
07-12-2023,102,Bengaluru,Moderate
08-12-2023,97,Bengaluru,Satisfactory
09-12-2023,79,Bengaluru,Satisfactory
10-12-2023,84,Bengaluru,Satisfactory
11-12-2023,79,Bengaluru,Satisfactory
12-12-2023,90,Bengaluru,Satisfactory
13-12-2023,93,Bengaluru,Satisfactory
14-12-2023,91,Bengaluru,Satisfactory
15-12-2023,99,Bengaluru,Satisfactory
16-12-2023,75,Bengaluru,Satisfactory
17-12-2023,68,Bengaluru,Satisfactory
18-12-2023,75,Bengaluru,Satisfactory
19-12-2023,112,Bengaluru,Moderate
20-12-2023,121,Bengaluru,Moderate
21-12-2023,100,Bengaluru,Satisfactory
22-12-2023,101,Bengaluru,Moderate
23-12-2023,133,Bengaluru,Moderate
24-12-2023,114,Bengaluru,Moderate
25-12-2023,74,Bengaluru,Satisfactory
26-12-2023,76,Bengaluru,Satisfactory
27-12-2023,78,Bengaluru,Satisfactory
28-12-2023,80,Bengaluru,Satisfactory
29-12-2023,72,Bengaluru,Satisfactory
30-12-2023,67,Bengaluru,Satisfactory
31-12-2023,73,Bengaluru,Satisfactory
01-01-2024,91,Bengaluru,Satisfactory
02-01-2024,93,Bengaluru,Satisfactory
03-01-2024,96,Bengaluru,Satisfactory
04-01-2024,98,Bengaluru,Satisfactory
05-01-2024,93,Bengaluru,Satisfactory
06-01-2024,88,Bengaluru,Satisfactory
07-01-2024,76,Bengaluru,Satisfactory
08-01-2024,65,Bengaluru,Satisfactory
09-01-2024,73,Bengaluru,Satisfactory
10-01-2024,122,Bengaluru,Moderate
11-01-2024,92,Bengaluru,Satisfactory
12-01-2024,88,Bengaluru,Satisfactory
13-01-2024,107,Bengaluru,Moderate
14-01-2024,128,Bengaluru,Moderate
15-01-2024,135,Bengaluru,Moderate
16-01-2024,148,Bengaluru,Moderate
17-01-2024,133,Bengaluru,Moderate
18-01-2024,108,Bengaluru,Moderate
19-01-2024,107,Bengaluru,Moderate
20-01-2024,102,Bengaluru,Moderate
21-01-2024,109,Bengaluru,Moderate
22-01-2024,98,Bengaluru,Satisfactory
23-01-2024,101,Bengaluru,Moderate
24-01-2024,94,Bengaluru,Satisfactory
25-01-2024,114,Bengaluru,Moderate
26-01-2024,85,Bengaluru,Satisfactory
27-01-2024,73,Bengaluru,Satisfactory
28-01-2024,74,Bengaluru,Satisfactory
29-01-2024,85,Bengaluru,Satisfactory
30-01-2024,94,Bengaluru,Satisfactory
31-01-2024,133,Bengaluru,Moderate
01-02-2024,106,Bengaluru,Moderate
02-02-2024,108,Bengaluru,Moderate
03-02-2024,108,Bengaluru,Moderate
04-02-2024,95,Bengaluru,Satisfactory
05-02-2024,93,Bengaluru,Satisfactory
06-02-2024,97,Bengaluru,Satisfactory
07-02-2024,99,Bengaluru,Satisfactory
08-02-2024,97,Bengaluru,Satisfactory
09-02-2024,95,Bengaluru,Satisfactory
10-02-2024,97,Bengaluru,Satisfactory
11-02-2024,92,Bengaluru,Satisfactory
12-02-2024,98,Bengaluru,Satisfactory
13-02-2024,92,Bengaluru,Satisfactory
14-02-2024,69,Bengaluru,Satisfactory
15-02-2024,75,Bengaluru,Satisfactory
16-02-2024,78,Bengaluru,Satisfactory
17-02-2024,75,Bengaluru,Satisfactory
18-02-2024,89,Bengaluru,Satisfactory
19-02-2024,74,Bengaluru,Satisfactory
20-02-2024,78,Bengaluru,Satisfactory
21-02-2024,99,Bengaluru,Satisfactory
22-02-2024,108,Bengaluru,Moderate
23-02-2024,105,Bengaluru,Moderate
24-02-2024,99,Bengaluru,Satisfactory
25-02-2024,93,Bengaluru,Satisfactory
26-02-2024,76,Bengaluru,Satisfactory
27-02-2024,70,Bengaluru,Satisfactory
28-02-2024,74,Bengaluru,Satisfactory
29-02-2024,76,Bengaluru,Satisfactory
01-03-2024,77,Bengaluru,Satisfactory
02-03-2024,83,Bengaluru,Satisfactory
03-03-2024,109,Bengaluru,Moderate
04-03-2024,97,Bengaluru,Satisfactory
05-03-2024,118,Bengaluru,Moderate
06-03-2024,101,Bengaluru,Moderate
07-03-2024,128,Bengaluru,Moderate
08-03-2024,140,Bengaluru,Moderate
09-03-2024,121,Bengaluru,Moderate
10-03-2024,133,Bengaluru,Moderate
11-03-2024,119,Bengaluru,Moderate
12-03-2024,121,Bengaluru,Moderate
13-03-2024,105,Bengaluru,Moderate
14-03-2024,122,Bengaluru,Moderate
15-03-2024,125,Bengaluru,Moderate
16-03-2024,114,Bengaluru,Moderate
17-03-2024,99,Bengaluru,Satisfactory
18-03-2024,121,Bengaluru,Moderate
19-03-2024,119,Bengaluru,Moderate
20-03-2024,124,Bengaluru,Moderate
21-03-2024,88,Bengaluru,Satisfactory
22-03-2024,75,Bengaluru,Satisfactory
23-03-2024,84,Bengaluru,Satisfactory
24-03-2024,85,Bengaluru,Satisfactory
25-03-2024,89,Bengaluru,Satisfactory
26-03-2024,89,Bengaluru,Satisfactory
27-03-2024,88,Bengaluru,Satisfactory
28-03-2024,89,Bengaluru,Satisfactory
29-03-2024,93,Bengaluru,Satisfactory
30-03-2024,93,Bengaluru,Satisfactory
31-03-2024,88,Bengaluru,Satisfactory
01-04-2024,87,Bengaluru,Satisfactory
02-04-2024,95,Bengaluru,Satisfactory
03-04-2024,81,Bengaluru,Satisfactory
04-04-2024,78,Bengaluru,Satisfactory
05-04-2024,76,Bengaluru,Satisfactory
06-04-2024,90,Bengaluru,Satisfactory
07-04-2024,82,Bengaluru,Satisfactory
08-04-2024,79,Bengaluru,Satisfactory
09-04-2024,79,Bengaluru,Satisfactory
10-04-2024,86,Bengaluru,Satisfactory
11-04-2024,62,Bengaluru,Satisfactory
12-04-2024,62,Bengaluru,Satisfactory
13-04-2024,59,Bengaluru,Satisfactory
14-04-2024,66,Bengaluru,Satisfactory
15-04-2024,63,Bengaluru,Satisfactory
16-04-2024,65,Bengaluru,Satisfactory
17-04-2024,90,Bengaluru,Satisfactory
18-04-2024,99,Bengaluru,Satisfactory
19-04-2024,92,Bengaluru,Satisfactory
20-04-2024,84,Bengaluru,Satisfactory
21-04-2024,91,Bengaluru,Satisfactory
22-04-2024,80,Bengaluru,Satisfactory
23-04-2024,81,Bengaluru,Satisfactory
24-04-2024,84,Bengaluru,Satisfactory
25-04-2024,89,Bengaluru,Satisfactory
26-04-2024,92,Bengaluru,Satisfactory
27-04-2024,95,Bengaluru,Satisfactory
28-04-2024,88,Bengaluru,Satisfactory
29-04-2024,65,Bengaluru,Satisfactory
30-04-2024,74,Bengaluru,Satisfactory
01-05-2024,83,Bengaluru,Satisfactory
02-05-2024,95,Bengaluru,Satisfactory
03-05-2024,94,Bengaluru,Satisfactory
04-05-2024,60,Bengaluru,Satisfactory
05-05-2024,94,Bengaluru,Satisfactory
06-05-2024,84,Bengaluru,Satisfactory
07-05-2024,65,Bengaluru,Satisfactory
08-05-2024,65,Bengaluru,Satisfactory
09-05-2024,79,Bengaluru,Satisfactory
10-05-2024,71,Bengaluru,Satisfactory
11-05-2024,60,Bengaluru,Satisfactory
12-05-2024,68,Bengaluru,Satisfactory
13-05-2024,60,Bengaluru,Satisfactory
14-05-2024,49,Bengaluru,Good
15-05-2024,66,Bengaluru,Satisfactory
16-05-2024,68,Bengaluru,Satisfactory
17-05-2024,58,Bengaluru,Satisfactory
18-05-2024,58,Bengaluru,Satisfactory
19-05-2024,51,Bengaluru,Satisfactory
20-05-2024,44,Bengaluru,Good
21-05-2024,50,Bengaluru,Good
22-05-2024,62,Bengaluru,Satisfactory
23-05-2024,59,Bengaluru,Satisfactory
24-05-2024,65,Bengaluru,Satisfactory
25-05-2024,63,Bengaluru,Satisfactory
26-05-2024,60,Bengaluru,Satisfactory
27-05-2024,65,Bengaluru,Satisfactory
28-05-2024,70,Bengaluru,Satisfactory
29-05-2024,64,Bengaluru,Satisfactory
30-05-2024,74,Bengaluru,Satisfactory
31-05-2024,72,Bengaluru,Satisfactory
01-06-2024,73,Bengaluru,Satisfactory
02-06-2024,46,Bengaluru,Good
03-06-2024,49,Bengaluru,Good
04-06-2024,54,Bengaluru,Satisfactory
05-06-2024,46,Bengaluru,Good
06-06-2024,50,Bengaluru,Good
07-06-2024,39,Bengaluru,Good
08-06-2024,45,Bengaluru,Good
09-06-2024,46,Bengaluru,Good
10-06-2024,44,Bengaluru,Good
11-06-2024,45,Bengaluru,Good
12-06-2024,45,Bengaluru,Good
13-06-2024,40,Bengaluru,Good
14-06-2024,49,Bengaluru,Good
15-06-2024,66,Bengaluru,Satisfactory
16-06-2024,53,Bengaluru,Satisfactory
17-06-2024,46,Bengaluru,Good
18-06-2024,44,Bengaluru,Good
19-06-2024,47,Bengaluru,Good
20-06-2024,53,Bengaluru,Satisfactory
21-06-2024,51,Bengaluru,Satisfactory
22-06-2024,54,Bengaluru,Satisfactory
23-06-2024,51,Bengaluru,Satisfactory
24-06-2024,46,Bengaluru,Good
25-06-2024,50,Bengaluru,Good
26-06-2024,47,Bengaluru,Good
27-06-2024,46,Bengaluru,Good
28-06-2024,59,Bengaluru,Satisfactory
29-06-2024,56,Bengaluru,Satisfactory
30-06-2024,51,Bengaluru,Satisfactory
01-07-2024,44,Bengaluru,Good
02-07-2024,47,Bengaluru,Good
03-07-2024,52,Bengaluru,Satisfactory
04-07-2024,50,Bengaluru,Good
05-07-2024,54,Bengaluru,Satisfactory
06-07-2024,52,Bengaluru,Satisfactory
07-07-2024,61,Bengaluru,Satisfactory
08-07-2024,49,Bengaluru,Good
09-07-2024,50,Bengaluru,Good
10-07-2024,57,Bengaluru,Satisfactory
11-07-2024,56,Bengaluru,Satisfactory
12-07-2024,57,Bengaluru,Satisfactory
13-07-2024,49,Bengaluru,Good
14-07-2024,55,Bengaluru,Satisfactory
15-07-2024,42,Bengaluru,Good
16-07-2024,43,Bengaluru,Good
17-07-2024,51,Bengaluru,Satisfactory
18-07-2024,47,Bengaluru,Good
19-07-2024,43,Bengaluru,Good
20-07-2024,55,Bengaluru,Satisfactory
21-07-2024,55,Bengaluru,Satisfactory
22-07-2024,47,Bengaluru,Good
23-07-2024,51,Bengaluru,Satisfactory
24-07-2024,49,Bengaluru,Good
25-07-2024,47,Bengaluru,Good
26-07-2024,50,Bengaluru,Good
27-07-2024,50,Bengaluru,Good
28-07-2024,52,Bengaluru,Satisfactory
29-07-2024,54,Bengaluru,Satisfactory
30-07-2024,52,Bengaluru,Satisfactory
31-07-2024,53,Bengaluru,Satisfactory
01-08-2024,50,Bengaluru,Good
02-08-2024,48,Bengaluru,Good
03-08-2024,50,Bengaluru,Good
04-08-2024,52,Bengaluru,Satisfactory
05-08-2024,55,Bengaluru,Satisfactory
06-08-2024,45,Bengaluru,Good
07-08-2024,45,Bengaluru,Good
08-08-2024,58,Bengaluru,Satisfactory
09-08-2024,55,Bengaluru,Satisfactory
10-08-2024,60,Bengaluru,Satisfactory
11-08-2024,56,Bengaluru,Satisfactory
12-08-2024,56,Bengaluru,Satisfactory
13-08-2024,78,Bengaluru,Satisfactory
14-08-2024,84,Bengaluru,Satisfactory
15-08-2024,68,Bengaluru,Satisfactory
16-08-2024,68,Bengaluru,Satisfactory
17-08-2024,78,Bengaluru,Satisfactory
18-08-2024,49,Bengaluru,Good
19-08-2024,61,Bengaluru,Satisfactory
20-08-2024,55,Bengaluru,Satisfactory
21-08-2024,46,Bengaluru,Good
22-08-2024,48,Bengaluru,Good
23-08-2024,57,Bengaluru,Satisfactory
24-08-2024,57,Bengaluru,Satisfactory
25-08-2024,55,Bengaluru,Satisfactory
26-08-2024,55,Bengaluru,Satisfactory
27-08-2024,49,Bengaluru,Good
28-08-2024,50,Bengaluru,Good
29-08-2024,49,Bengaluru,Good
30-08-2024,48,Bengaluru,Good
31-08-2024,55,Bengaluru,Satisfactory
01-09-2024,52,Bengaluru,Satisfactory
02-09-2024,51,Bengaluru,Satisfactory
03-09-2024,56,Bengaluru,Satisfactory
04-09-2024,64,Bengaluru,Satisfactory
05-09-2024,61,Bengaluru,Satisfactory
06-09-2024,57,Bengaluru,Satisfactory
07-09-2024,60,Bengaluru,Satisfactory
08-09-2024,48,Bengaluru,Good
09-09-2024,46,Bengaluru,Good
10-09-2024,54,Bengaluru,Satisfactory
11-09-2024,53,Bengaluru,Satisfactory
12-09-2024,60,Bengaluru,Satisfactory
13-09-2024,58,Bengaluru,Satisfactory
14-09-2024,58,Bengaluru,Satisfactory
15-09-2024,61,Bengaluru,Satisfactory
16-09-2024,51,Bengaluru,Satisfactory
17-09-2024,52,Bengaluru,Satisfactory
18-09-2024,58,Bengaluru,Satisfactory
19-09-2024,77,Bengaluru,Satisfactory
20-09-2024,63,Bengaluru,Satisfactory
21-09-2024,65,Bengaluru,Satisfactory
22-09-2024,53,Bengaluru,Satisfactory
23-09-2024,45,Bengaluru,Good
24-09-2024,55,Bengaluru,Satisfactory
25-09-2024,52,Bengaluru,Satisfactory
26-09-2024,54,Bengaluru,Satisfactory
27-09-2024,56,Bengaluru,Satisfactory
28-09-2024,62,Bengaluru,Satisfactory
29-09-2024,57,Bengaluru,Satisfactory
30-09-2024,71,Bengaluru,Satisfactory
01-10-2024,70,Bengaluru,Satisfactory
02-10-2024,69,Bengaluru,Satisfactory
03-10-2024,48,Bengaluru,Good
04-10-2024,68,Bengaluru,Satisfactory
05-10-2024,54,Bengaluru,Satisfactory
06-10-2024,56,Bengaluru,Satisfactory
07-10-2024,100,Bengaluru,Satisfactory
08-10-2024,69,Bengaluru,Satisfactory
09-10-2024,65,Bengaluru,Satisfactory
10-10-2024,60,Bengaluru,Satisfactory
11-10-2024,55,Bengaluru,Satisfactory
12-10-2024,53,Bengaluru,Satisfactory
13-10-2024,43,Bengaluru,Good
14-10-2024,48,Bengaluru,Good
15-10-2024,45,Bengaluru,Good
16-10-2024,48,Bengaluru,Good
17-10-2024,46,Bengaluru,Good
18-10-2024,48,Bengaluru,Good
19-10-2024,53,Bengaluru,Satisfactory
20-10-2024,47,Bengaluru,Good
21-10-2024,50,Bengaluru,Good
22-10-2024,50,Bengaluru,Good
23-10-2024,59,Bengaluru,Satisfactory
24-10-2024,50,Bengaluru,Good
25-10-2024,95,Bengaluru,Satisfactory
26-10-2024,148,Bengaluru,Moderate
27-10-2024,144,Bengaluru,Moderate
28-10-2024,127,Bengaluru,Moderate
29-10-2024,110,Bengaluru,Moderate
30-10-2024,130,Bengaluru,Moderate
31-10-2024,109,Bengaluru,Moderate
01-11-2024,135,Bengaluru,Moderate
02-11-2024,122,Bengaluru,Moderate
03-11-2024,75,Bengaluru,Satisfactory
04-11-2024,69,Bengaluru,Satisfactory
05-11-2024,71,Bengaluru,Satisfactory
06-11-2024,110,Bengaluru,Moderate
07-11-2024,101,Bengaluru,Moderate
08-11-2024,68,Bengaluru,Satisfactory
09-11-2024,62,Bengaluru,Satisfactory
10-11-2024,72,Bengaluru,Satisfactory
11-11-2024,85,Bengaluru,Satisfactory
12-11-2024,99,Bengaluru,Satisfactory
13-11-2024,60,Bengaluru,Satisfactory
14-11-2024,52,Bengaluru,Satisfactory
15-11-2024,50,Bengaluru,Good
16-11-2024,53,Bengaluru,Satisfactory
17-11-2024,65,Bengaluru,Satisfactory
18-11-2024,104,Bengaluru,Moderate
19-11-2024,96,Bengaluru,Satisfactory
20-11-2024,90,Bengaluru,Satisfactory
21-11-2024,94,Bengaluru,Satisfactory
22-11-2024,94,Bengaluru,Satisfactory
23-11-2024,95,Bengaluru,Satisfactory
24-11-2024,100,Bengaluru,Satisfactory
25-11-2024,85,Bengaluru,Satisfactory
26-11-2024,92,Bengaluru,Satisfactory
27-11-2024,97,Bengaluru,Satisfactory
28-11-2024,98,Bengaluru,Satisfactory
29-11-2024,89,Bengaluru,Satisfactory
30-11-2024,71,Bengaluru,Satisfactory
01-12-2024,59,Bengaluru,Satisfactory
02-12-2024,53,Bengaluru,Satisfactory
03-12-2024,50,Bengaluru,Good
04-12-2024,54,Bengaluru,Satisfactory
05-12-2024,60,Bengaluru,Satisfactory
06-12-2024,66,Bengaluru,Satisfactory
07-12-2024,76,Bengaluru,Satisfactory
08-12-2024,58,Bengaluru,Satisfactory
09-12-2024,66,Bengaluru,Satisfactory
10-12-2024,93,Bengaluru,Satisfactory
11-12-2024,90,Bengaluru,Satisfactory
12-12-2024,86,Bengaluru,Satisfactory
13-12-2024,64,Bengaluru,Satisfactory
14-12-2024,99,Bengaluru,Satisfactory
15-12-2024,106,Bengaluru,Moderate
16-12-2024,113,Bengaluru,Moderate
17-12-2024,123,Bengaluru,Moderate
18-12-2024,92,Bengaluru,Satisfactory
19-12-2024,72,Bengaluru,Satisfactory
20-12-2024,68,Bengaluru,Satisfactory
21-12-2024,81,Bengaluru,Satisfactory
22-12-2024,82,Bengaluru,Satisfactory
23-12-2024,76,Bengaluru,Satisfactory
24-12-2024,91,Bengaluru,Satisfactory
25-12-2024,81,Bengaluru,Satisfactory
26-12-2024,57,Bengaluru,Satisfactory
27-12-2024,54,Bengaluru,Satisfactory
28-12-2024,57,Bengaluru,Satisfactory
29-12-2024,70,Bengaluru,Satisfactory
30-12-2024,62,Bengaluru,Satisfactory
31-12-2024,65,Bengaluru,Satisfactory
01-01-2025,81,Bengaluru,Satisfactory
02-01-2025,96,Bengaluru,Satisfactory
03-01-2025,97,Bengaluru,Satisfactory
04-01-2025,98,Bengaluru,Satisfactory
05-01-2025,102,Bengaluru,Moderate
06-01-2025,102,Bengaluru,Moderate
07-01-2025,97,Bengaluru,Satisfactory
08-01-2025,100,Bengaluru,Satisfactory
09-01-2025,109,Bengaluru,Moderate
10-01-2025,111,Bengaluru,Moderate
11-01-2025,89,Bengaluru,Satisfactory
12-01-2025,89,Bengaluru,Satisfactory
13-01-2025,66,Bengaluru,Satisfactory
14-01-2025,56,Bengaluru,Satisfactory
15-01-2025,63,Bengaluru,Satisfactory
16-01-2025,74,Bengaluru,Satisfactory
17-01-2025,105,Bengaluru,Moderate
18-01-2025,110,Bengaluru,Moderate
19-01-2025,95,Bengaluru,Satisfactory
20-01-2025,70,Bengaluru,Satisfactory
21-01-2025,115,Bengaluru,Moderate
22-01-2025,91,Bengaluru,Satisfactory
23-01-2025,86,Bengaluru,Satisfactory
24-01-2025,82,Bengaluru,Satisfactory
25-01-2025,86,Bengaluru,Satisfactory
26-01-2025,82,Bengaluru,Satisfactory
27-01-2025,80,Bengaluru,Satisfactory
28-01-2025,106,Bengaluru,Moderate
29-01-2025,101,Bengaluru,Moderate
30-01-2025,100,Bengaluru,Satisfactory
31-01-2025,73,Bengaluru,Satisfactory
01-02-2025,71,Bengaluru,Satisfactory
02-02-2025,71,Bengaluru,Satisfactory
03-02-2025,73,Bengaluru,Satisfactory
04-02-2025,78,Bengaluru,Satisfactory
05-02-2025,99,Bengaluru,Satisfactory
06-02-2025,86,Bengaluru,Satisfactory
07-02-2025,77,Bengaluru,Satisfactory
08-02-2025,86,Bengaluru,Satisfactory
09-02-2025,106,Bengaluru,Moderate
10-02-2025,103,Bengaluru,Moderate
11-02-2025,88,Bengaluru,Satisfactory
12-02-2025,91,Bengaluru,Satisfactory
13-02-2025,91,Bengaluru,Satisfactory
14-02-2025,93,Bengaluru,Satisfactory
15-02-2025,87,Bengaluru,Satisfactory
16-02-2025,88,Bengaluru,Satisfactory
17-02-2025,80,Bengaluru,Satisfactory
18-02-2025,88,Bengaluru,Satisfactory
19-02-2025,93,Bengaluru,Satisfactory
20-02-2025,100,Bengaluru,Satisfactory
21-02-2025,92,Bengaluru,Satisfactory
22-02-2025,85,Bengaluru,Satisfactory
23-02-2025,86,Bengaluru,Satisfactory
24-02-2025,84,Bengaluru,Satisfactory
25-02-2025,83,Bengaluru,Satisfactory
26-02-2025,83,Bengaluru,Satisfactory
27-02-2025,81,Bengaluru,Satisfactory
28-02-2025,76,Bengaluru,Satisfactory
01-03-2025,67,Bengaluru,Satisfactory
02-03-2025,74,Bengaluru,Satisfactory
03-03-2025,74,Bengaluru,Satisfactory
04-03-2025,100,Bengaluru,Satisfactory
05-03-2025,110,Bengaluru,Moderate
06-03-2025,121,Bengaluru,Moderate
07-03-2025,130,Bengaluru,Moderate
08-03-2025,119,Bengaluru,Moderate
09-03-2025,115,Bengaluru,Moderate
10-03-2025,84,Bengaluru,Satisfactory
11-03-2025,75,Bengaluru,Satisfactory
12-03-2025,60,Bengaluru,Satisfactory
13-03-2025,67,Bengaluru,Satisfactory
14-03-2025,81,Bengaluru,Satisfactory
15-03-2025,97,Bengaluru,Satisfactory
16-03-2025,91,Bengaluru,Satisfactory
17-03-2025,105,Bengaluru,Moderate
18-03-2025,90,Bengaluru,Satisfactory
19-03-2025,81,Bengaluru,Satisfactory
20-03-2025,75,Bengaluru,Satisfactory
21-03-2025,97,Bengaluru,Satisfactory
22-03-2025,81,Bengaluru,Satisfactory
23-03-2025,79,Bengaluru,Satisfactory
24-03-2025,84,Bengaluru,Satisfactory
25-03-2025,80,Bengaluru,Satisfactory
26-03-2025,94,Bengaluru,Satisfactory
27-03-2025,91,Bengaluru,Satisfactory
28-03-2025,94,Bengaluru,Satisfactory
29-03-2025,109,Bengaluru,Moderate
30-03-2025,115,Bengaluru,Moderate
31-03-2025,113,Bengaluru,Moderate
01-01-2019,393,Delhi,Very Poor
02-01-2019,430,Delhi,Severe
03-01-2019,444,Delhi,Severe
04-01-2019,386,Delhi,Very Poor
05-01-2019,407,Delhi,Severe
06-01-2019,336,Delhi,Very Poor
07-01-2019,333,Delhi,Very Poor
08-01-2019,320,Delhi,Very Poor
09-01-2019,288,Delhi,Poor
10-01-2019,292,Delhi,Poor
11-01-2019,371,Delhi,Very Poor
12-01-2019,423,Delhi,Severe
13-01-2019,414,Delhi,Severe
14-01-2019,247,Delhi,Poor
15-01-2019,237,Delhi,Poor
16-01-2019,371,Delhi,Very Poor
17-01-2019,440,Delhi,Severe
18-01-2019,397,Delhi,Very Poor
19-01-2019,378,Delhi,Very Poor
20-01-2019,404,Delhi,Severe
21-01-2019,346,Delhi,Very Poor
22-01-2019,104,Delhi,Moderate
23-01-2019,212,Delhi,Poor
24-01-2019,311,Delhi,Very Poor
25-01-2019,151,Delhi,Moderate
26-01-2019,233,Delhi,Poor
27-01-2019,262,Delhi,Poor
28-01-2019,267,Delhi,Poor
29-01-2019,276,Delhi,Poor
30-01-2019,327,Delhi,Very Poor
31-01-2019,359,Delhi,Very Poor
01-02-2019,306,Delhi,Very Poor
02-02-2019,332,Delhi,Very Poor
03-02-2019,289,Delhi,Poor
04-02-2019,288,Delhi,Poor
05-02-2019,382,Delhi,Very Poor
06-02-2019,352,Delhi,Very Poor
07-02-2019,176,Delhi,Moderate
08-02-2019,144,Delhi,Moderate
09-02-2019,158,Delhi,Moderate
10-02-2019,276,Delhi,Poor
11-02-2019,309,Delhi,Very Poor
12-02-2019,342,Delhi,Very Poor
13-02-2019,367,Delhi,Very Poor
14-02-2019,340,Delhi,Very Poor
15-02-2019,245,Delhi,Poor
16-02-2019,276,Delhi,Poor
17-02-2019,222,Delhi,Poor
18-02-2019,255,Delhi,Poor
19-02-2019,221,Delhi,Poor
20-02-2019,271,Delhi,Poor
21-02-2019,144,Delhi,Moderate
22-02-2019,186,Delhi,Moderate
23-02-2019,113,Delhi,Moderate
24-02-2019,190,Delhi,Moderate
25-02-2019,217,Delhi,Poor
26-02-2019,116,Delhi,Moderate
27-02-2019,100,Delhi,Satisfactory
28-02-2019,170,Delhi,Moderate
01-03-2019,225,Delhi,Poor
02-03-2019,217,Delhi,Poor
03-03-2019,117,Delhi,Moderate
04-03-2019,234,Delhi,Poor
05-03-2019,140,Delhi,Moderate
06-03-2019,186,Delhi,Moderate
07-03-2019,217,Delhi,Poor
08-03-2019,197,Delhi,Moderate
09-03-2019,187,Delhi,Moderate
10-03-2019,160,Delhi,Moderate
11-03-2019,187,Delhi,Moderate
12-03-2019,134,Delhi,Moderate
13-03-2019,178,Delhi,Moderate
14-03-2019,266,Delhi,Poor
15-03-2019,154,Delhi,Moderate
16-03-2019,139,Delhi,Moderate
17-03-2019,192,Delhi,Moderate
18-03-2019,196,Delhi,Moderate
19-03-2019,216,Delhi,Poor
20-03-2019,208,Delhi,Poor
21-03-2019,242,Delhi,Poor
22-03-2019,114,Delhi,Moderate
23-03-2019,132,Delhi,Moderate
24-03-2019,121,Delhi,Moderate
25-03-2019,139,Delhi,Moderate
26-03-2019,159,Delhi,Moderate
27-03-2019,171,Delhi,Moderate
28-03-2019,234,Delhi,Poor
29-03-2019,232,Delhi,Poor
30-03-2019,233,Delhi,Poor
31-03-2019,182,Delhi,Moderate
01-04-2019,151,Delhi,Moderate
02-04-2019,198,Delhi,Moderate
03-04-2019,187,Delhi,Moderate
04-04-2019,254,Delhi,Poor
05-04-2019,264,Delhi,Poor
06-04-2019,266,Delhi,Poor
07-04-2019,302,Delhi,Very Poor
08-04-2019,264,Delhi,Poor
09-04-2019,204,Delhi,Poor
10-04-2019,238,Delhi,Poor
11-04-2019,183,Delhi,Moderate
12-04-2019,212,Delhi,Poor
13-04-2019,170,Delhi,Moderate
14-04-2019,137,Delhi,Moderate
15-04-2019,168,Delhi,Moderate
16-04-2019,180,Delhi,Moderate
17-04-2019,84,Delhi,Satisfactory
18-04-2019,114,Delhi,Moderate
19-04-2019,157,Delhi,Moderate
20-04-2019,198,Delhi,Moderate
21-04-2019,203,Delhi,Poor
22-04-2019,236,Delhi,Poor
23-04-2019,247,Delhi,Poor
24-04-2019,221,Delhi,Poor
25-04-2019,251,Delhi,Poor
26-04-2019,215,Delhi,Poor
27-04-2019,256,Delhi,Poor
28-04-2019,264,Delhi,Poor
29-04-2019,248,Delhi,Poor
30-04-2019,250,Delhi,Poor
01-05-2019,295,Delhi,Poor
02-05-2019,257,Delhi,Poor
03-05-2019,183,Delhi,Moderate
04-05-2019,182,Delhi,Moderate
05-05-2019,227,Delhi,Poor
06-05-2019,249,Delhi,Poor
07-05-2019,294,Delhi,Poor
08-05-2019,357,Delhi,Very Poor
09-05-2019,347,Delhi,Very Poor
10-05-2019,277,Delhi,Poor
11-05-2019,251,Delhi,Poor
12-05-2019,334,Delhi,Very Poor
13-05-2019,322,Delhi,Very Poor
14-05-2019,153,Delhi,Moderate
15-05-2019,186,Delhi,Moderate
16-05-2019,187,Delhi,Moderate
17-05-2019,265,Delhi,Poor
18-05-2019,105,Delhi,Moderate
19-05-2019,185,Delhi,Moderate
20-05-2019,206,Delhi,Poor
21-05-2019,190,Delhi,Moderate
22-05-2019,158,Delhi,Moderate
23-05-2019,223,Delhi,Poor
24-05-2019,123,Delhi,Moderate
25-05-2019,121,Delhi,Moderate
26-05-2019,142,Delhi,Moderate
27-05-2019,160,Delhi,Moderate
28-05-2019,177,Delhi,Moderate
29-05-2019,185,Delhi,Moderate
30-05-2019,218,Delhi,Poor
31-05-2019,280,Delhi,Poor
01-06-2019,264,Delhi,Poor
02-06-2019,201,Delhi,Poor
03-06-2019,261,Delhi,Poor
04-06-2019,169,Delhi,Moderate
05-06-2019,192,Delhi,Moderate
06-06-2019,206,Delhi,Poor
07-06-2019,173,Delhi,Moderate
08-06-2019,181,Delhi,Moderate
09-06-2019,239,Delhi,Poor
10-06-2019,207,Delhi,Poor
11-06-2019,307,Delhi,Very Poor
12-06-2019,233,Delhi,Poor
13-06-2019,175,Delhi,Moderate
14-06-2019,171,Delhi,Moderate
15-06-2019,224,Delhi,Poor
16-06-2019,178,Delhi,Moderate
17-06-2019,123,Delhi,Moderate
18-06-2019,97,Delhi,Satisfactory
19-06-2019,199,Delhi,Moderate
20-06-2019,141,Delhi,Moderate
21-06-2019,177,Delhi,Moderate
22-06-2019,189,Delhi,Moderate
23-06-2019,148,Delhi,Moderate
24-06-2019,109,Delhi,Moderate
25-06-2019,133,Delhi,Moderate
26-06-2019,162,Delhi,Moderate
27-06-2019,184,Delhi,Moderate
28-06-2019,191,Delhi,Moderate
29-06-2019,231,Delhi,Poor
30-06-2019,237,Delhi,Poor
01-07-2019,183,Delhi,Moderate
02-07-2019,218,Delhi,Poor
03-07-2019,136,Delhi,Moderate
04-07-2019,103,Delhi,Moderate
05-07-2019,106,Delhi,Moderate
06-07-2019,88,Delhi,Satisfactory
07-07-2019,91,Delhi,Satisfactory
08-07-2019,127,Delhi,Moderate
09-07-2019,126,Delhi,Moderate
10-07-2019,148,Delhi,Moderate
11-07-2019,317,Delhi,Very Poor
12-07-2019,272,Delhi,Poor
13-07-2019,275,Delhi,Poor
14-07-2019,235,Delhi,Poor
15-07-2019,168,Delhi,Moderate
16-07-2019,93,Delhi,Satisfactory
17-07-2019,73,Delhi,Satisfactory
18-07-2019,85,Delhi,Satisfactory
19-07-2019,145,Delhi,Moderate
20-07-2019,124,Delhi,Moderate
21-07-2019,108,Delhi,Moderate
22-07-2019,112,Delhi,Moderate
23-07-2019,148,Delhi,Moderate
24-07-2019,164,Delhi,Moderate
25-07-2019,78,Delhi,Satisfactory
26-07-2019,81,Delhi,Satisfactory
27-07-2019,61,Delhi,Satisfactory
28-07-2019,64,Delhi,Satisfactory
29-07-2019,65,Delhi,Satisfactory
30-07-2019,80,Delhi,Satisfactory
31-07-2019,80,Delhi,Satisfactory
01-08-2019,89,Delhi,Satisfactory
02-08-2019,84,Delhi,Satisfactory
03-08-2019,89,Delhi,Satisfactory
04-08-2019,87,Delhi,Satisfactory
05-08-2019,105,Delhi,Moderate
06-08-2019,76,Delhi,Satisfactory
07-08-2019,75,Delhi,Satisfactory
08-08-2019,79,Delhi,Satisfactory
09-08-2019,75,Delhi,Satisfactory
10-08-2019,59,Delhi,Satisfactory
11-08-2019,68,Delhi,Satisfactory
12-08-2019,57,Delhi,Satisfactory
13-08-2019,69,Delhi,Satisfactory
14-08-2019,63,Delhi,Satisfactory
15-08-2019,75,Delhi,Satisfactory
16-08-2019,53,Delhi,Satisfactory
17-08-2019,49,Delhi,Good
18-08-2019,49,Delhi,Good
19-08-2019,81,Delhi,Satisfactory
20-08-2019,97,Delhi,Satisfactory
21-08-2019,109,Delhi,Moderate
22-08-2019,123,Delhi,Moderate
23-08-2019,129,Delhi,Moderate
24-08-2019,147,Delhi,Moderate
25-08-2019,91,Delhi,Satisfactory
26-08-2019,66,Delhi,Satisfactory
27-08-2019,117,Delhi,Moderate
28-08-2019,105,Delhi,Moderate
29-08-2019,91,Delhi,Satisfactory
30-08-2019,101,Delhi,Moderate
31-08-2019,114,Delhi,Moderate
01-09-2019,108,Delhi,Moderate
02-09-2019,96,Delhi,Satisfactory
03-09-2019,141,Delhi,Moderate
04-09-2019,173,Delhi,Moderate
05-09-2019,95,Delhi,Satisfactory
06-09-2019,90,Delhi,Satisfactory
07-09-2019,82,Delhi,Satisfactory
08-09-2019,77,Delhi,Satisfactory
09-09-2019,108,Delhi,Moderate
10-09-2019,137,Delhi,Moderate
11-09-2019,168,Delhi,Moderate
12-09-2019,151,Delhi,Moderate
13-09-2019,86,Delhi,Satisfactory
14-09-2019,72,Delhi,Satisfactory
15-09-2019,72,Delhi,Satisfactory
16-09-2019,105,Delhi,Moderate
17-09-2019,135,Delhi,Moderate
18-09-2019,110,Delhi,Moderate
19-09-2019,66,Delhi,Satisfactory
20-09-2019,90,Delhi,Satisfactory
21-09-2019,114,Delhi,Moderate
22-09-2019,67,Delhi,Satisfactory
23-09-2019,83,Delhi,Satisfactory
24-09-2019,94,Delhi,Satisfactory
25-09-2019,90,Delhi,Satisfactory
26-09-2019,74,Delhi,Satisfactory
27-09-2019,63,Delhi,Satisfactory
28-09-2019,67,Delhi,Satisfactory
29-09-2019,60,Delhi,Satisfactory
30-09-2019,68,Delhi,Satisfactory
01-10-2019,93,Delhi,Satisfactory
02-10-2019,90,Delhi,Satisfactory
03-10-2019,136,Delhi,Moderate
04-10-2019,100,Delhi,Satisfactory
05-10-2019,98,Delhi,Satisfactory
06-10-2019,127,Delhi,Moderate
07-10-2019,130,Delhi,Moderate
08-10-2019,112,Delhi,Moderate
09-10-2019,173,Delhi,Moderate
10-10-2019,211,Delhi,Poor
11-10-2019,216,Delhi,Poor
12-10-2019,222,Delhi,Poor
13-10-2019,270,Delhi,Poor
14-10-2019,252,Delhi,Poor
15-10-2019,270,Delhi,Poor
16-10-2019,304,Delhi,Very Poor
17-10-2019,284,Delhi,Poor
18-10-2019,248,Delhi,Poor
19-10-2019,161,Delhi,Moderate
20-10-2019,238,Delhi,Poor
21-10-2019,249,Delhi,Poor
22-10-2019,207,Delhi,Poor
23-10-2019,242,Delhi,Poor
24-10-2019,311,Delhi,Very Poor
25-10-2019,284,Delhi,Poor
26-10-2019,287,Delhi,Poor
27-10-2019,337,Delhi,Very Poor
28-10-2019,368,Delhi,Very Poor
29-10-2019,400,Delhi,Very Poor
30-10-2019,419,Delhi,Severe
31-10-2019,410,Delhi,Severe
01-11-2019,484,Delhi,Severe
02-11-2019,399,Delhi,Very Poor
03-11-2019,494,Delhi,Severe
04-11-2019,407,Delhi,Severe
05-11-2019,324,Delhi,Very Poor
06-11-2019,214,Delhi,Poor
07-11-2019,309,Delhi,Very Poor
08-11-2019,330,Delhi,Very Poor
09-11-2019,283,Delhi,Poor
10-11-2019,321,Delhi,Very Poor
11-11-2019,360,Delhi,Very Poor
12-11-2019,425,Delhi,Severe
13-11-2019,456,Delhi,Severe
14-11-2019,463,Delhi,Severe
15-11-2019,458,Delhi,Severe
16-11-2019,357,Delhi,Very Poor
17-11-2019,215,Delhi,Poor
18-11-2019,214,Delhi,Poor
19-11-2019,242,Delhi,Poor
20-11-2019,301,Delhi,Very Poor
21-11-2019,366,Delhi,Very Poor
22-11-2019,360,Delhi,Very Poor
23-11-2019,312,Delhi,Very Poor
24-11-2019,234,Delhi,Poor
25-11-2019,252,Delhi,Poor
26-11-2019,270,Delhi,Poor
27-11-2019,134,Delhi,Moderate
28-11-2019,106,Delhi,Moderate
29-11-2019,84,Delhi,Satisfactory
30-11-2019,193,Delhi,Moderate
01-12-2019,250,Delhi,Poor
02-12-2019,279,Delhi,Poor
03-12-2019,282,Delhi,Poor
04-12-2019,296,Delhi,Poor
05-12-2019,382,Delhi,Very Poor
06-12-2019,404,Delhi,Severe
07-12-2019,371,Delhi,Very Poor
08-12-2019,391,Delhi,Very Poor
09-12-2019,343,Delhi,Very Poor
10-12-2019,369,Delhi,Very Poor
11-12-2019,408,Delhi,Severe
12-12-2019,430,Delhi,Severe
13-12-2019,240,Delhi,Poor
14-12-2019,163,Delhi,Moderate
15-12-2019,213,Delhi,Poor
16-12-2019,186,Delhi,Moderate
17-12-2019,168,Delhi,Moderate
18-12-2019,292,Delhi,Poor
19-12-2019,362,Delhi,Very Poor
20-12-2019,432,Delhi,Severe
21-12-2019,418,Delhi,Severe
22-12-2019,322,Delhi,Very Poor
23-12-2019,327,Delhi,Very Poor
24-12-2019,383,Delhi,Very Poor
25-12-2019,350,Delhi,Very Poor
26-12-2019,349,Delhi,Very Poor
27-12-2019,373,Delhi,Very Poor
28-12-2019,409,Delhi,Severe
29-12-2019,431,Delhi,Severe
30-12-2019,446,Delhi,Severe
31-12-2019,387,Delhi,Very Poor
01-01-2020,437,Delhi,Severe
02-01-2020,417,Delhi,Severe
03-01-2020,352,Delhi,Very Poor
04-01-2020,334,Delhi,Very Poor
05-01-2020,330,Delhi,Very Poor
06-01-2020,325,Delhi,Very Poor
07-01-2020,254,Delhi,Poor
08-01-2020,266,Delhi,Poor
09-01-2020,203,Delhi,Poor
10-01-2020,255,Delhi,Poor
11-01-2020,288,Delhi,Poor
12-01-2020,348,Delhi,Very Poor
13-01-2020,366,Delhi,Very Poor
14-01-2020,283,Delhi,Poor
15-01-2020,218,Delhi,Poor
16-01-2020,281,Delhi,Poor
17-01-2020,265,Delhi,Poor
18-01-2020,243,Delhi,Poor
19-01-2020,277,Delhi,Poor
20-01-2020,269,Delhi,Poor
21-01-2020,364,Delhi,Very Poor
22-01-2020,370,Delhi,Very Poor
23-01-2020,211,Delhi,Poor
24-01-2020,151,Delhi,Moderate
25-01-2020,250,Delhi,Poor
26-01-2020,325,Delhi,Very Poor
27-01-2020,345,Delhi,Very Poor
28-01-2020,243,Delhi,Poor
29-01-2020,194,Delhi,Moderate
30-01-2020,202,Delhi,Poor
31-01-2020,190,Delhi,Moderate
01-02-2020,232,Delhi,Poor
02-02-2020,244,Delhi,Poor
03-02-2020,270,Delhi,Poor
04-02-2020,310,Delhi,Very Poor
05-02-2020,312,Delhi,Very Poor
06-02-2020,231,Delhi,Poor
07-02-2020,295,Delhi,Poor
08-02-2020,289,Delhi,Poor
09-02-2020,285,Delhi,Poor
10-02-2020,309,Delhi,Very Poor
11-02-2020,323,Delhi,Very Poor
12-02-2020,320,Delhi,Very Poor
13-02-2020,241,Delhi,Poor
14-02-2020,173,Delhi,Moderate
15-02-2020,167,Delhi,Moderate
16-02-2020,247,Delhi,Poor
17-02-2020,293,Delhi,Poor
18-02-2020,252,Delhi,Poor
19-02-2020,272,Delhi,Poor
20-02-2020,230,Delhi,Poor
21-02-2020,144,Delhi,Moderate
22-02-2020,100,Delhi,Satisfactory
23-02-2020,225,Delhi,Poor
24-02-2020,142,Delhi,Moderate
25-02-2020,249,Delhi,Poor
26-02-2020,274,Delhi,Poor
27-02-2020,233,Delhi,Poor
28-02-2020,198,Delhi,Moderate
01-03-2020,90,Delhi,Satisfactory
02-03-2020,205,Delhi,Poor
03-03-2020,205,Delhi,Poor
04-03-2020,195,Delhi,Moderate
05-03-2020,79,Delhi,Satisfactory
06-03-2020,64,Delhi,Satisfactory
07-03-2020,67,Delhi,Satisfactory
08-03-2020,164,Delhi,Moderate
09-03-2020,123,Delhi,Moderate
10-03-2020,188,Delhi,Moderate
11-03-2020,116,Delhi,Moderate
12-03-2020,127,Delhi,Moderate
13-03-2020,173,Delhi,Moderate
14-03-2020,108,Delhi,Moderate
15-03-2020,131,Delhi,Moderate
16-03-2020,139,Delhi,Moderate
17-03-2020,157,Delhi,Moderate
18-03-2020,151,Delhi,Moderate
19-03-2020,186,Delhi,Moderate
20-03-2020,192,Delhi,Moderate
21-03-2020,186,Delhi,Moderate
22-03-2020,191,Delhi,Moderate
23-03-2020,124,Delhi,Moderate
24-03-2020,122,Delhi,Moderate
25-03-2020,77,Delhi,Satisfactory
26-03-2020,92,Delhi,Satisfactory
27-03-2020,69,Delhi,Satisfactory
28-03-2020,45,Delhi,Good
29-03-2020,62,Delhi,Satisfactory
30-03-2020,71,Delhi,Satisfactory
31-03-2020,76,Delhi,Satisfactory
01-04-2020,73,Delhi,Satisfactory
02-04-2020,69,Delhi,Satisfactory
03-04-2020,79,Delhi,Satisfactory
04-04-2020,87,Delhi,Satisfactory
05-04-2020,102,Delhi,Moderate
06-04-2020,142,Delhi,Moderate
07-04-2020,90,Delhi,Satisfactory
08-04-2020,83,Delhi,Satisfactory
09-04-2020,86,Delhi,Satisfactory
10-04-2020,118,Delhi,Moderate
11-04-2020,124,Delhi,Moderate
12-04-2020,94,Delhi,Satisfactory
13-04-2020,126,Delhi,Moderate
14-04-2020,130,Delhi,Moderate
15-04-2020,155,Delhi,Moderate
16-04-2020,180,Delhi,Moderate
17-04-2020,105,Delhi,Moderate
18-04-2020,98,Delhi,Satisfactory
19-04-2020,85,Delhi,Satisfactory
20-04-2020,119,Delhi,Moderate
21-04-2020,87,Delhi,Satisfactory
22-04-2020,131,Delhi,Moderate
23-04-2020,122,Delhi,Moderate
24-04-2020,139,Delhi,Moderate
25-04-2020,98,Delhi,Satisfactory
26-04-2020,117,Delhi,Moderate
27-04-2020,89,Delhi,Satisfactory
28-04-2020,100,Delhi,Satisfactory
29-04-2020,125,Delhi,Moderate
30-04-2020,138,Delhi,Moderate
01-05-2020,146,Delhi,Moderate
02-05-2020,112,Delhi,Moderate
03-05-2020,93,Delhi,Satisfactory
04-05-2020,94,Delhi,Satisfactory
05-05-2020,119,Delhi,Moderate
06-05-2020,139,Delhi,Moderate
07-05-2020,127,Delhi,Moderate
08-05-2020,134,Delhi,Moderate
09-05-2020,144,Delhi,Moderate
10-05-2020,121,Delhi,Moderate
11-05-2020,116,Delhi,Moderate
12-05-2020,125,Delhi,Moderate
13-05-2020,150,Delhi,Moderate
14-05-2020,149,Delhi,Moderate
15-05-2020,123,Delhi,Moderate
16-05-2020,179,Delhi,Moderate
17-05-2020,200,Delhi,Moderate
18-05-2020,206,Delhi,Poor
19-05-2020,212,Delhi,Poor
20-05-2020,166,Delhi,Moderate
21-05-2020,147,Delhi,Moderate
22-05-2020,199,Delhi,Moderate
23-05-2020,181,Delhi,Moderate
24-05-2020,172,Delhi,Moderate
25-05-2020,153,Delhi,Moderate
26-05-2020,154,Delhi,Moderate
27-05-2020,156,Delhi,Moderate
28-05-2020,188,Delhi,Moderate
29-05-2020,101,Delhi,Moderate
30-05-2020,78,Delhi,Satisfactory
31-05-2020,72,Delhi,Satisfactory
01-06-2020,104,Delhi,Moderate
02-06-2020,124,Delhi,Moderate
03-06-2020,122,Delhi,Moderate
04-06-2020,153,Delhi,Moderate
05-06-2020,111,Delhi,Moderate
06-06-2020,102,Delhi,Moderate
07-06-2020,107,Delhi,Moderate
08-06-2020,108,Delhi,Moderate
09-06-2020,139,Delhi,Moderate
10-06-2020,152,Delhi,Moderate
11-06-2020,141,Delhi,Moderate
12-06-2020,153,Delhi,Moderate
13-06-2020,123,Delhi,Moderate
14-06-2020,154,Delhi,Moderate
15-06-2020,115,Delhi,Moderate
16-06-2020,118,Delhi,Moderate
17-06-2020,109,Delhi,Moderate
18-06-2020,95,Delhi,Satisfactory
19-06-2020,148,Delhi,Moderate
20-06-2020,149,Delhi,Moderate
21-06-2020,98,Delhi,Satisfactory
22-06-2020,92,Delhi,Satisfactory
23-06-2020,76,Delhi,Satisfactory
24-06-2020,66,Delhi,Satisfactory
25-06-2020,85,Delhi,Satisfactory
26-06-2020,105,Delhi,Moderate
27-06-2020,108,Delhi,Moderate
28-06-2020,209,Delhi,Poor
29-06-2020,230,Delhi,Poor
30-06-2020,102,Delhi,Moderate
01-07-2020,117,Delhi,Moderate
02-07-2020,127,Delhi,Moderate
03-07-2020,156,Delhi,Moderate
04-07-2020,105,Delhi,Moderate
05-07-2020,90,Delhi,Satisfactory
06-07-2020,90,Delhi,Satisfactory
07-07-2020,65,Delhi,Satisfactory
08-07-2020,51,Delhi,Satisfactory
09-07-2020,78,Delhi,Satisfactory
10-07-2020,67,Delhi,Satisfactory
11-07-2020,68,Delhi,Satisfactory
12-07-2020,71,Delhi,Satisfactory
13-07-2020,72,Delhi,Satisfactory
14-07-2020,127,Delhi,Moderate
15-07-2020,124,Delhi,Moderate
16-07-2020,72,Delhi,Satisfactory
17-07-2020,79,Delhi,Satisfactory
18-07-2020,92,Delhi,Satisfactory
19-07-2020,65,Delhi,Satisfactory
20-07-2020,60,Delhi,Satisfactory
21-07-2020,61,Delhi,Satisfactory
22-07-2020,59,Delhi,Satisfactory
23-07-2020,65,Delhi,Satisfactory
24-07-2020,100,Delhi,Satisfactory
25-07-2020,67,Delhi,Satisfactory
26-07-2020,78,Delhi,Satisfactory
27-07-2020,100,Delhi,Satisfactory
28-07-2020,72,Delhi,Satisfactory
29-07-2020,90,Delhi,Satisfactory
30-07-2020,55,Delhi,Satisfactory
31-07-2020,75,Delhi,Satisfactory
01-08-2020,81,Delhi,Satisfactory
02-08-2020,61,Delhi,Satisfactory
03-08-2020,67,Delhi,Satisfactory
04-08-2020,62,Delhi,Satisfactory
05-08-2020,86,Delhi,Satisfactory
06-08-2020,69,Delhi,Satisfactory
07-08-2020,54,Delhi,Satisfactory
08-08-2020,87,Delhi,Satisfactory
09-08-2020,74,Delhi,Satisfactory
10-08-2020,72,Delhi,Satisfactory
11-08-2020,75,Delhi,Satisfactory
12-08-2020,63,Delhi,Satisfactory
13-08-2020,50,Delhi,Good
14-08-2020,58,Delhi,Satisfactory
15-08-2020,67,Delhi,Satisfactory
16-08-2020,52,Delhi,Satisfactory
17-08-2020,66,Delhi,Satisfactory
18-08-2020,72,Delhi,Satisfactory
19-08-2020,57,Delhi,Satisfactory
20-08-2020,50,Delhi,Good
21-08-2020,57,Delhi,Satisfactory
22-08-2020,53,Delhi,Satisfactory
23-08-2020,53,Delhi,Satisfactory
24-08-2020,45,Delhi,Good
25-08-2020,61,Delhi,Satisfactory
26-08-2020,57,Delhi,Satisfactory
27-08-2020,64,Delhi,Satisfactory
28-08-2020,79,Delhi,Satisfactory
29-08-2020,77,Delhi,Satisfactory
30-08-2020,70,Delhi,Satisfactory
31-08-2020,41,Delhi,Good
01-09-2020,53,Delhi,Satisfactory
02-09-2020,69,Delhi,Satisfactory
03-09-2020,84,Delhi,Satisfactory
04-09-2020,82,Delhi,Satisfactory
05-09-2020,101,Delhi,Moderate
06-09-2020,70,Delhi,Satisfactory
07-09-2020,93,Delhi,Satisfactory
08-09-2020,79,Delhi,Satisfactory
09-09-2020,105,Delhi,Moderate
10-09-2020,108,Delhi,Moderate
11-09-2020,136,Delhi,Moderate
12-09-2020,144,Delhi,Moderate
13-09-2020,142,Delhi,Moderate
14-09-2020,152,Delhi,Moderate
15-09-2020,144,Delhi,Moderate
16-09-2020,151,Delhi,Moderate
17-09-2020,120,Delhi,Moderate
18-09-2020,108,Delhi,Moderate
19-09-2020,118,Delhi,Moderate
20-09-2020,148,Delhi,Moderate
21-09-2020,142,Delhi,Moderate
22-09-2020,115,Delhi,Moderate
23-09-2020,76,Delhi,Satisfactory
24-09-2020,104,Delhi,Moderate
25-09-2020,143,Delhi,Moderate
26-09-2020,165,Delhi,Moderate
27-09-2020,117,Delhi,Moderate
28-09-2020,159,Delhi,Moderate
29-09-2020,177,Delhi,Moderate
30-09-2020,156,Delhi,Moderate
01-10-2020,152,Delhi,Moderate
02-10-2020,180,Delhi,Moderate
03-10-2020,189,Delhi,Moderate
04-10-2020,184,Delhi,Moderate
05-10-2020,179,Delhi,Moderate
06-10-2020,178,Delhi,Moderate
07-10-2020,215,Delhi,Poor
08-10-2020,208,Delhi,Poor
09-10-2020,202,Delhi,Poor
10-10-2020,221,Delhi,Poor
11-10-2020,216,Delhi,Poor
12-10-2020,261,Delhi,Poor
13-10-2020,300,Delhi,Poor
14-10-2020,276,Delhi,Poor
15-10-2020,312,Delhi,Very Poor
16-10-2020,237,Delhi,Poor
17-10-2020,287,Delhi,Poor
18-10-2020,254,Delhi,Poor
19-10-2020,244,Delhi,Poor
20-10-2020,223,Delhi,Poor
21-10-2020,256,Delhi,Poor
22-10-2020,296,Delhi,Poor
23-10-2020,366,Delhi,Very Poor
24-10-2020,345,Delhi,Very Poor
25-10-2020,349,Delhi,Very Poor
26-10-2020,353,Delhi,Very Poor
27-10-2020,312,Delhi,Very Poor
28-10-2020,297,Delhi,Poor
29-10-2020,395,Delhi,Very Poor
30-10-2020,374,Delhi,Very Poor
31-10-2020,367,Delhi,Very Poor
01-11-2020,364,Delhi,Very Poor
02-11-2020,293,Delhi,Poor
03-11-2020,302,Delhi,Very Poor
04-11-2020,343,Delhi,Very Poor
05-11-2020,450,Delhi,Severe
06-11-2020,406,Delhi,Severe
07-11-2020,427,Delhi,Severe
08-11-2020,416,Delhi,Severe
09-11-2020,477,Delhi,Severe
10-11-2020,476,Delhi,Severe
11-11-2020,344,Delhi,Very Poor
12-11-2020,314,Delhi,Very Poor
13-11-2020,339,Delhi,Very Poor
14-11-2020,414,Delhi,Severe
15-11-2020,435,Delhi,Severe
16-11-2020,221,Delhi,Poor
17-11-2020,171,Delhi,Moderate
18-11-2020,211,Delhi,Poor
19-11-2020,283,Delhi,Poor
20-11-2020,296,Delhi,Poor
21-11-2020,251,Delhi,Poor
22-11-2020,274,Delhi,Poor
23-11-2020,295,Delhi,Poor
24-11-2020,379,Delhi,Very Poor
25-11-2020,413,Delhi,Severe
26-11-2020,302,Delhi,Very Poor
27-11-2020,137,Delhi,Moderate
28-11-2020,231,Delhi,Poor
29-11-2020,256,Delhi,Poor
30-11-2020,318,Delhi,Very Poor
01-12-2020,367,Delhi,Very Poor
02-12-2020,373,Delhi,Very Poor
03-12-2020,341,Delhi,Very Poor
04-12-2020,382,Delhi,Very Poor
05-12-2020,404,Delhi,Severe
06-12-2020,389,Delhi,Very Poor
07-12-2020,400,Delhi,Very Poor
08-12-2020,383,Delhi,Very Poor
09-12-2020,358,Delhi,Very Poor
10-12-2020,284,Delhi,Poor
11-12-2020,295,Delhi,Poor
12-12-2020,356,Delhi,Very Poor
13-12-2020,305,Delhi,Very Poor
14-12-2020,160,Delhi,Moderate
15-12-2020,230,Delhi,Poor
16-12-2020,262,Delhi,Poor
17-12-2020,256,Delhi,Poor
18-12-2020,281,Delhi,Poor
19-12-2020,290,Delhi,Poor
20-12-2020,321,Delhi,Very Poor
21-12-2020,332,Delhi,Very Poor
22-12-2020,418,Delhi,Severe
23-12-2020,433,Delhi,Severe
24-12-2020,423,Delhi,Severe
25-12-2020,357,Delhi,Very Poor
26-12-2020,337,Delhi,Very Poor
27-12-2020,396,Delhi,Very Poor
28-12-2020,253,Delhi,Poor
29-12-2020,265,Delhi,Poor
30-12-2020,290,Delhi,Poor
31-12-2020,347,Delhi,Very Poor
01-01-2021,441,Delhi,Severe
02-01-2021,443,Delhi,Severe
03-01-2021,354,Delhi,Very Poor
04-01-2021,151,Delhi,Moderate
05-01-2021,140,Delhi,Moderate
06-01-2021,226,Delhi,Poor
07-01-2021,255,Delhi,Poor
08-01-2021,234,Delhi,Poor
09-01-2021,301,Delhi,Very Poor
10-01-2021,245,Delhi,Poor
11-01-2021,243,Delhi,Poor
12-01-2021,293,Delhi,Poor
13-01-2021,354,Delhi,Very Poor
14-01-2021,429,Delhi,Severe
15-01-2021,460,Delhi,Severe
16-01-2021,407,Delhi,Severe
17-01-2021,347,Delhi,Very Poor
18-01-2021,372,Delhi,Very Poor
19-01-2021,404,Delhi,Severe
20-01-2021,283,Delhi,Poor
21-01-2021,296,Delhi,Poor
22-01-2021,364,Delhi,Very Poor
23-01-2021,326,Delhi,Very Poor
24-01-2021,364,Delhi,Very Poor
25-01-2021,323,Delhi,Very Poor
26-01-2021,330,Delhi,Very Poor
27-01-2021,318,Delhi,Very Poor
28-01-2021,357,Delhi,Very Poor
29-01-2021,387,Delhi,Very Poor
30-01-2021,309,Delhi,Very Poor
31-01-2021,289,Delhi,Poor
01-02-2021,352,Delhi,Very Poor
02-02-2021,364,Delhi,Very Poor
03-02-2021,330,Delhi,Very Poor
04-02-2021,316,Delhi,Very Poor
05-02-2021,133,Delhi,Moderate
06-02-2021,199,Delhi,Moderate
07-02-2021,232,Delhi,Poor
08-02-2021,303,Delhi,Very Poor
09-02-2021,305,Delhi,Very Poor
10-02-2021,291,Delhi,Poor
11-02-2021,330,Delhi,Very Poor
12-02-2021,341,Delhi,Very Poor
13-02-2021,334,Delhi,Very Poor
14-02-2021,351,Delhi,Very Poor
15-02-2021,313,Delhi,Very Poor
16-02-2021,327,Delhi,Very Poor
17-02-2021,324,Delhi,Very Poor
18-02-2021,302,Delhi,Very Poor
19-02-2021,311,Delhi,Very Poor
20-02-2021,250,Delhi,Poor
21-02-2021,296,Delhi,Poor
22-02-2021,288,Delhi,Poor
23-02-2021,250,Delhi,Poor
24-02-2021,278,Delhi,Poor
25-02-2021,298,Delhi,Poor
26-02-2021,229,Delhi,Poor
27-02-2021,203,Delhi,Poor
28-02-2021,208,Delhi,Poor
01-03-2021,177,Delhi,Moderate
02-03-2021,175,Delhi,Moderate
03-03-2021,188,Delhi,Moderate
04-03-2021,278,Delhi,Poor
05-03-2021,255,Delhi,Poor
06-03-2021,204,Delhi,Poor
07-03-2021,256,Delhi,Poor
08-03-2021,207,Delhi,Poor
09-03-2021,283,Delhi,Poor
10-03-2021,175,Delhi,Moderate
11-03-2021,242,Delhi,Poor
12-03-2021,218,Delhi,Poor
13-03-2021,209,Delhi,Poor
14-03-2021,209,Delhi,Poor
15-03-2021,206,Delhi,Poor
16-03-2021,258,Delhi,Poor
17-03-2021,311,Delhi,Very Poor
18-03-2021,315,Delhi,Very Poor
19-03-2021,279,Delhi,Poor
20-03-2021,234,Delhi,Poor
21-03-2021,244,Delhi,Poor
22-03-2021,196,Delhi,Moderate
23-03-2021,244,Delhi,Poor
24-03-2021,175,Delhi,Moderate
25-03-2021,148,Delhi,Moderate
26-03-2021,150,Delhi,Moderate
27-03-2021,199,Delhi,Moderate
28-03-2021,233,Delhi,Poor
29-03-2021,225,Delhi,Poor
30-03-2021,232,Delhi,Poor
31-03-2021,203,Delhi,Poor
01-04-2021,182,Delhi,Moderate
02-04-2021,176,Delhi,Moderate
03-04-2021,159,Delhi,Moderate
04-04-2021,171,Delhi,Moderate
05-04-2021,205,Delhi,Poor
06-04-2021,279,Delhi,Poor
07-04-2021,250,Delhi,Poor
08-04-2021,153,Delhi,Moderate
09-04-2021,170,Delhi,Moderate
10-04-2021,181,Delhi,Moderate
11-04-2021,186,Delhi,Moderate
12-04-2021,241,Delhi,Poor
13-04-2021,231,Delhi,Poor
14-04-2021,199,Delhi,Moderate
15-04-2021,220,Delhi,Poor
16-04-2021,238,Delhi,Poor
17-04-2021,128,Delhi,Moderate
18-04-2021,154,Delhi,Moderate
19-04-2021,187,Delhi,Moderate
20-04-2021,191,Delhi,Moderate
21-04-2021,134,Delhi,Moderate
22-04-2021,140,Delhi,Moderate
23-04-2021,126,Delhi,Moderate
24-04-2021,125,Delhi,Moderate
25-04-2021,192,Delhi,Moderate
26-04-2021,256,Delhi,Poor
27-04-2021,284,Delhi,Poor
28-04-2021,312,Delhi,Very Poor
29-04-2021,296,Delhi,Poor
30-04-2021,287,Delhi,Poor
01-05-2021,238,Delhi,Poor
02-05-2021,174,Delhi,Moderate
03-05-2021,245,Delhi,Poor
04-05-2021,173,Delhi,Moderate
05-05-2021,175,Delhi,Moderate
06-05-2021,156,Delhi,Moderate
07-05-2021,142,Delhi,Moderate
08-05-2021,173,Delhi,Moderate
09-05-2021,166,Delhi,Moderate
10-05-2021,136,Delhi,Moderate
11-05-2021,151,Delhi,Moderate
12-05-2021,115,Delhi,Moderate
13-05-2021,121,Delhi,Moderate
14-05-2021,132,Delhi,Moderate
15-05-2021,140,Delhi,Moderate
16-05-2021,166,Delhi,Moderate
17-05-2021,191,Delhi,Moderate
18-05-2021,93,Delhi,Satisfactory
19-05-2021,78,Delhi,Satisfactory
20-05-2021,58,Delhi,Satisfactory
21-05-2021,85,Delhi,Satisfactory
22-05-2021,94,Delhi,Satisfactory
23-05-2021,237,Delhi,Poor
24-05-2021,169,Delhi,Moderate
25-05-2021,140,Delhi,Moderate
26-05-2021,149,Delhi,Moderate
27-05-2021,150,Delhi,Moderate
28-05-2021,106,Delhi,Moderate
29-05-2021,87,Delhi,Satisfactory
30-05-2021,101,Delhi,Moderate
31-05-2021,135,Delhi,Moderate
01-06-2021,115,Delhi,Moderate
02-06-2021,143,Delhi,Moderate
03-06-2021,159,Delhi,Moderate
04-06-2021,196,Delhi,Moderate
05-06-2021,124,Delhi,Moderate
06-06-2021,134,Delhi,Moderate
07-06-2021,180,Delhi,Moderate
08-06-2021,205,Delhi,Poor
09-06-2021,305,Delhi,Very Poor
10-06-2021,221,Delhi,Poor
11-06-2021,145,Delhi,Moderate
12-06-2021,133,Delhi,Moderate
13-06-2021,83,Delhi,Satisfactory
14-06-2021,124,Delhi,Moderate
15-06-2021,113,Delhi,Moderate
16-06-2021,115,Delhi,Moderate
17-06-2021,108,Delhi,Moderate
18-06-2021,81,Delhi,Satisfactory
19-06-2021,70,Delhi,Satisfactory
20-06-2021,62,Delhi,Satisfactory
21-06-2021,84,Delhi,Satisfactory
22-06-2021,127,Delhi,Moderate
23-06-2021,218,Delhi,Poor
24-06-2021,146,Delhi,Moderate
25-06-2021,163,Delhi,Moderate
26-06-2021,135,Delhi,Moderate
27-06-2021,168,Delhi,Moderate
28-06-2021,161,Delhi,Moderate
29-06-2021,195,Delhi,Moderate
30-06-2021,206,Delhi,Poor
01-07-2021,266,Delhi,Poor
02-07-2021,245,Delhi,Poor
03-07-2021,139,Delhi,Moderate
04-07-2021,140,Delhi,Moderate
05-07-2021,149,Delhi,Moderate
06-07-2021,144,Delhi,Moderate
07-07-2021,178,Delhi,Moderate
08-07-2021,164,Delhi,Moderate
09-07-2021,144,Delhi,Moderate
10-07-2021,97,Delhi,Satisfactory
11-07-2021,94,Delhi,Satisfactory
12-07-2021,90,Delhi,Satisfactory
13-07-2021,80,Delhi,Satisfactory
14-07-2021,83,Delhi,Satisfactory
15-07-2021,83,Delhi,Satisfactory
16-07-2021,90,Delhi,Satisfactory
17-07-2021,117,Delhi,Moderate
18-07-2021,94,Delhi,Satisfactory
19-07-2021,62,Delhi,Satisfactory
20-07-2021,81,Delhi,Satisfactory
21-07-2021,74,Delhi,Satisfactory
22-07-2021,83,Delhi,Satisfactory
23-07-2021,68,Delhi,Satisfactory
24-07-2021,99,Delhi,Satisfactory
25-07-2021,107,Delhi,Moderate
26-07-2021,86,Delhi,Satisfactory
27-07-2021,98,Delhi,Satisfactory
28-07-2021,61,Delhi,Satisfactory
29-07-2021,63,Delhi,Satisfactory
30-07-2021,76,Delhi,Satisfactory
31-07-2021,57,Delhi,Satisfactory
01-08-2021,81,Delhi,Satisfactory
02-08-2021,95,Delhi,Satisfactory
03-08-2021,71,Delhi,Satisfactory
04-08-2021,69,Delhi,Satisfactory
05-08-2021,99,Delhi,Satisfactory
06-08-2021,104,Delhi,Moderate
07-08-2021,101,Delhi,Moderate
08-08-2021,109,Delhi,Moderate
09-08-2021,101,Delhi,Moderate
10-08-2021,101,Delhi,Moderate
11-08-2021,122,Delhi,Moderate
12-08-2021,114,Delhi,Moderate
13-08-2021,118,Delhi,Moderate
14-08-2021,116,Delhi,Moderate
15-08-2021,114,Delhi,Moderate
16-08-2021,121,Delhi,Moderate
17-08-2021,150,Delhi,Moderate
18-08-2021,152,Delhi,Moderate
19-08-2021,167,Delhi,Moderate
20-08-2021,111,Delhi,Moderate
21-08-2021,69,Delhi,Satisfactory
22-08-2021,59,Delhi,Satisfactory
23-08-2021,82,Delhi,Satisfactory
24-08-2021,100,Delhi,Satisfactory
25-08-2021,115,Delhi,Moderate
26-08-2021,114,Delhi,Moderate
27-08-2021,134,Delhi,Moderate
28-08-2021,147,Delhi,Moderate
29-08-2021,119,Delhi,Moderate
30-08-2021,81,Delhi,Satisfactory
31-08-2021,73,Delhi,Satisfactory
01-09-2021,64,Delhi,Satisfactory
02-09-2021,64,Delhi,Satisfactory
03-09-2021,70,Delhi,Satisfactory
04-09-2021,68,Delhi,Satisfactory
05-09-2021,88,Delhi,Satisfactory
06-09-2021,122,Delhi,Moderate
07-09-2021,98,Delhi,Satisfactory
08-09-2021,70,Delhi,Satisfactory
09-09-2021,75,Delhi,Satisfactory
10-09-2021,79,Delhi,Satisfactory
11-09-2021,61,Delhi,Satisfactory
12-09-2021,60,Delhi,Satisfactory
13-09-2021,89,Delhi,Satisfactory
14-09-2021,69,Delhi,Satisfactory
15-09-2021,70,Delhi,Satisfactory
16-09-2021,79,Delhi,Satisfactory
17-09-2021,62,Delhi,Satisfactory
18-09-2021,69,Delhi,Satisfactory
19-09-2021,82,Delhi,Satisfactory
20-09-2021,82,Delhi,Satisfactory
21-09-2021,83,Delhi,Satisfactory
22-09-2021,69,Delhi,Satisfactory
23-09-2021,68,Delhi,Satisfactory
24-09-2021,64,Delhi,Satisfactory
25-09-2021,80,Delhi,Satisfactory
26-09-2021,75,Delhi,Satisfactory
27-09-2021,108,Delhi,Moderate
28-09-2021,120,Delhi,Moderate
29-09-2021,81,Delhi,Satisfactory
30-09-2021,84,Delhi,Satisfactory
01-10-2021,108,Delhi,Moderate
02-10-2021,125,Delhi,Moderate
03-10-2021,105,Delhi,Moderate
04-10-2021,91,Delhi,Satisfactory
05-10-2021,115,Delhi,Moderate
06-10-2021,114,Delhi,Moderate
07-10-2021,127,Delhi,Moderate
08-10-2021,167,Delhi,Moderate
09-10-2021,171,Delhi,Moderate
10-10-2021,168,Delhi,Moderate
11-10-2021,166,Delhi,Moderate
12-10-2021,179,Delhi,Moderate
13-10-2021,171,Delhi,Moderate
14-10-2021,182,Delhi,Moderate
15-10-2021,198,Delhi,Moderate
16-10-2021,284,Delhi,Poor
17-10-2021,298,Delhi,Poor
18-10-2021,46,Delhi,Good
19-10-2021,69,Delhi,Satisfactory
20-10-2021,221,Delhi,Poor
21-10-2021,199,Delhi,Moderate
22-10-2021,170,Delhi,Moderate
23-10-2021,173,Delhi,Moderate
24-10-2021,160,Delhi,Moderate
25-10-2021,82,Delhi,Satisfactory
26-10-2021,139,Delhi,Moderate
27-10-2021,232,Delhi,Poor
28-10-2021,268,Delhi,Poor
29-10-2021,283,Delhi,Poor
30-10-2021,268,Delhi,Poor
31-10-2021,289,Delhi,Poor
01-11-2021,281,Delhi,Poor
02-11-2021,303,Delhi,Very Poor
03-11-2021,314,Delhi,Very Poor
04-11-2021,382,Delhi,Very Poor
05-11-2021,462,Delhi,Severe
06-11-2021,437,Delhi,Severe
07-11-2021,428,Delhi,Severe
08-11-2021,390,Delhi,Very Poor
09-11-2021,404,Delhi,Severe
10-11-2021,372,Delhi,Very Poor
11-11-2021,411,Delhi,Severe
12-11-2021,471,Delhi,Severe
13-11-2021,437,Delhi,Severe
14-11-2021,330,Delhi,Very Poor
15-11-2021,353,Delhi,Very Poor
16-11-2021,403,Delhi,Severe
17-11-2021,375,Delhi,Very Poor
18-11-2021,347,Delhi,Very Poor
19-11-2021,380,Delhi,Very Poor
20-11-2021,374,Delhi,Very Poor
21-11-2021,349,Delhi,Very Poor
22-11-2021,311,Delhi,Very Poor
23-11-2021,290,Delhi,Poor
24-11-2021,361,Delhi,Very Poor
25-11-2021,400,Delhi,Very Poor
26-11-2021,406,Delhi,Severe
27-11-2021,402,Delhi,Severe
28-11-2021,405,Delhi,Severe
29-11-2021,389,Delhi,Very Poor
30-11-2021,328,Delhi,Very Poor
01-12-2021,370,Delhi,Very Poor
02-12-2021,429,Delhi,Severe
03-12-2021,346,Delhi,Very Poor
04-12-2021,362,Delhi,Very Poor
05-12-2021,305,Delhi,Very Poor
06-12-2021,322,Delhi,Very Poor
07-12-2021,255,Delhi,Poor
08-12-2021,237,Delhi,Poor
09-12-2021,289,Delhi,Poor
10-12-2021,314,Delhi,Very Poor
11-12-2021,281,Delhi,Poor
12-12-2021,254,Delhi,Poor
13-12-2021,331,Delhi,Very Poor
14-12-2021,367,Delhi,Very Poor
15-12-2021,363,Delhi,Very Poor
16-12-2021,368,Delhi,Very Poor
17-12-2021,329,Delhi,Very Poor
18-12-2021,291,Delhi,Poor
19-12-2021,271,Delhi,Poor
20-12-2021,332,Delhi,Very Poor
21-12-2021,402,Delhi,Severe
22-12-2021,407,Delhi,Severe
23-12-2021,423,Delhi,Severe
24-12-2021,415,Delhi,Severe
25-12-2021,431,Delhi,Severe
26-12-2021,459,Delhi,Severe
27-12-2021,283,Delhi,Poor
28-12-2021,305,Delhi,Very Poor
29-12-2021,267,Delhi,Poor
30-12-2021,286,Delhi,Poor
31-12-2021,321,Delhi,Very Poor
01-01-2022,362,Delhi,Very Poor
02-01-2022,404,Delhi,Severe
03-01-2022,387,Delhi,Very Poor
04-01-2022,378,Delhi,Very Poor
05-01-2022,397,Delhi,Very Poor
06-01-2022,258,Delhi,Poor
07-01-2022,182,Delhi,Moderate
08-01-2022,91,Delhi,Satisfactory
09-01-2022,69,Delhi,Satisfactory
10-01-2022,151,Delhi,Moderate
11-01-2022,224,Delhi,Poor
12-01-2022,191,Delhi,Moderate
13-01-2022,321,Delhi,Very Poor
14-01-2022,348,Delhi,Very Poor
15-01-2022,258,Delhi,Poor
16-01-2022,264,Delhi,Poor
17-01-2022,327,Delhi,Very Poor
18-01-2022,352,Delhi,Very Poor
19-01-2022,322,Delhi,Very Poor
20-01-2022,387,Delhi,Very Poor
21-01-2022,365,Delhi,Very Poor
22-01-2022,316,Delhi,Very Poor
23-01-2022,202,Delhi,Poor
24-01-2022,241,Delhi,Poor
25-01-2022,234,Delhi,Poor
26-01-2022,260,Delhi,Poor
27-01-2022,262,Delhi,Poor
28-01-2022,215,Delhi,Poor
29-01-2022,251,Delhi,Poor
30-01-2022,278,Delhi,Poor
31-01-2022,338,Delhi,Very Poor
01-02-2022,347,Delhi,Very Poor
02-02-2022,319,Delhi,Very Poor
03-02-2022,321,Delhi,Very Poor
04-02-2022,152,Delhi,Moderate
05-02-2022,224,Delhi,Poor
06-02-2022,285,Delhi,Poor
07-02-2022,250,Delhi,Poor
08-02-2022,270,Delhi,Poor
09-02-2022,227,Delhi,Poor
10-02-2022,172,Delhi,Moderate
11-02-2022,184,Delhi,Moderate
12-02-2022,191,Delhi,Moderate
13-02-2022,253,Delhi,Poor
14-02-2022,239,Delhi,Poor
15-02-2022,221,Delhi,Poor
16-02-2022,272,Delhi,Poor
17-02-2022,241,Delhi,Poor
18-02-2022,252,Delhi,Poor
19-02-2022,180,Delhi,Moderate
20-02-2022,173,Delhi,Moderate
21-02-2022,165,Delhi,Moderate
22-02-2022,252,Delhi,Poor
23-02-2022,211,Delhi,Poor
24-02-2022,307,Delhi,Very Poor
25-02-2022,286,Delhi,Poor
26-02-2022,102,Delhi,Moderate
27-02-2022,92,Delhi,Satisfactory
28-02-2022,107,Delhi,Moderate
01-03-2022,170,Delhi,Moderate
02-03-2022,225,Delhi,Poor
03-03-2022,178,Delhi,Moderate
04-03-2022,199,Delhi,Moderate
05-03-2022,115,Delhi,Moderate
06-03-2022,162,Delhi,Moderate
07-03-2022,237,Delhi,Poor
08-03-2022,283,Delhi,Poor
09-03-2022,162,Delhi,Moderate
10-03-2022,150,Delhi,Moderate
11-03-2022,164,Delhi,Moderate
12-03-2022,160,Delhi,Moderate
13-03-2022,193,Delhi,Moderate
14-03-2022,231,Delhi,Poor
15-03-2022,253,Delhi,Poor
16-03-2022,218,Delhi,Poor
17-03-2022,218,Delhi,Poor
18-03-2022,293,Delhi,Poor
19-03-2022,231,Delhi,Poor
20-03-2022,242,Delhi,Poor
21-03-2022,271,Delhi,Poor
22-03-2022,180,Delhi,Moderate
23-03-2022,206,Delhi,Poor
24-03-2022,280,Delhi,Poor
25-03-2022,211,Delhi,Poor
26-03-2022,207,Delhi,Poor
27-03-2022,195,Delhi,Moderate
28-03-2022,251,Delhi,Poor
29-03-2022,274,Delhi,Poor
30-03-2022,276,Delhi,Poor
31-03-2022,298,Delhi,Poor
01-04-2022,218,Delhi,Poor
02-04-2022,226,Delhi,Poor
03-04-2022,245,Delhi,Poor
04-04-2022,262,Delhi,Poor
05-04-2022,233,Delhi,Poor
06-04-2022,248,Delhi,Poor
07-04-2022,264,Delhi,Poor
08-04-2022,242,Delhi,Poor
09-04-2022,261,Delhi,Poor
10-04-2022,244,Delhi,Poor
11-04-2022,258,Delhi,Poor
12-04-2022,229,Delhi,Poor
13-04-2022,286,Delhi,Poor
14-04-2022,280,Delhi,Poor
15-04-2022,201,Delhi,Poor
16-04-2022,253,Delhi,Poor
17-04-2022,251,Delhi,Poor
18-04-2022,257,Delhi,Poor
19-04-2022,317,Delhi,Very Poor
20-04-2022,277,Delhi,Poor
21-04-2022,296,Delhi,Poor
22-04-2022,204,Delhi,Poor
23-04-2022,245,Delhi,Poor
24-04-2022,261,Delhi,Poor
25-04-2022,244,Delhi,Poor
26-04-2022,209,Delhi,Poor
27-04-2022,287,Delhi,Poor
28-04-2022,295,Delhi,Poor
29-04-2022,299,Delhi,Poor
30-04-2022,270,Delhi,Poor
01-05-2022,256,Delhi,Poor
02-05-2022,218,Delhi,Poor
03-05-2022,227,Delhi,Poor
04-05-2022,269,Delhi,Poor
05-05-2022,146,Delhi,Moderate
06-05-2022,273,Delhi,Poor
07-05-2022,206,Delhi,Poor
08-05-2022,205,Delhi,Poor
09-05-2022,171,Delhi,Moderate
10-05-2022,160,Delhi,Moderate
11-05-2022,156,Delhi,Moderate
12-05-2022,164,Delhi,Moderate
13-05-2022,176,Delhi,Moderate
14-05-2022,270,Delhi,Poor
15-05-2022,242,Delhi,Poor
16-05-2022,297,Delhi,Poor
17-05-2022,239,Delhi,Poor
18-05-2022,251,Delhi,Poor
19-05-2022,202,Delhi,Poor
20-05-2022,266,Delhi,Poor
21-05-2022,285,Delhi,Poor
22-05-2022,203,Delhi,Poor
23-05-2022,136,Delhi,Moderate
24-05-2022,89,Delhi,Satisfactory
25-05-2022,166,Delhi,Moderate
26-05-2022,199,Delhi,Moderate
27-05-2022,206,Delhi,Poor
28-05-2022,210,Delhi,Poor
29-05-2022,273,Delhi,Poor
30-05-2022,201,Delhi,Poor
31-05-2022,215,Delhi,Poor
01-06-2022,322,Delhi,Very Poor
02-06-2022,202,Delhi,Poor
03-06-2022,240,Delhi,Poor
04-06-2022,227,Delhi,Poor
05-06-2022,215,Delhi,Poor
06-06-2022,195,Delhi,Moderate
07-06-2022,280,Delhi,Poor
08-06-2022,346,Delhi,Very Poor
09-06-2022,223,Delhi,Poor
10-06-2022,303,Delhi,Very Poor
11-06-2022,256,Delhi,Poor
12-06-2022,249,Delhi,Poor
13-06-2022,200,Delhi,Moderate
14-06-2022,222,Delhi,Poor
15-06-2022,153,Delhi,Moderate
16-06-2022,132,Delhi,Moderate
17-06-2022,88,Delhi,Satisfactory
18-06-2022,79,Delhi,Satisfactory
19-06-2022,99,Delhi,Satisfactory
20-06-2022,124,Delhi,Moderate
21-06-2022,128,Delhi,Moderate
22-06-2022,139,Delhi,Moderate
23-06-2022,140,Delhi,Moderate
24-06-2022,197,Delhi,Moderate
25-06-2022,230,Delhi,Poor
26-06-2022,169,Delhi,Moderate
27-06-2022,127,Delhi,Moderate
28-06-2022,137,Delhi,Moderate
29-06-2022,163,Delhi,Moderate
30-06-2022,116,Delhi,Moderate
01-07-2022,76,Delhi,Satisfactory
02-07-2022,95,Delhi,Satisfactory
03-07-2022,76,Delhi,Satisfactory
04-07-2022,113,Delhi,Moderate
05-07-2022,161,Delhi,Moderate
06-07-2022,104,Delhi,Moderate
07-07-2022,100,Delhi,Satisfactory
08-07-2022,94,Delhi,Satisfactory
09-07-2022,110,Delhi,Moderate
10-07-2022,71,Delhi,Satisfactory
11-07-2022,95,Delhi,Satisfactory
12-07-2022,100,Delhi,Satisfactory
13-07-2022,79,Delhi,Satisfactory
14-07-2022,87,Delhi,Satisfactory
15-07-2022,79,Delhi,Satisfactory
16-07-2022,81,Delhi,Satisfactory
17-07-2022,61,Delhi,Satisfactory
18-07-2022,92,Delhi,Satisfactory
19-07-2022,105,Delhi,Moderate
20-07-2022,98,Delhi,Satisfactory
21-07-2022,70,Delhi,Satisfactory
22-07-2022,140,Delhi,Moderate
23-07-2022,72,Delhi,Satisfactory
24-07-2022,72,Delhi,Satisfactory
25-07-2022,67,Delhi,Satisfactory
26-07-2022,69,Delhi,Satisfactory
27-07-2022,74,Delhi,Satisfactory
28-07-2022,68,Delhi,Satisfactory
29-07-2022,71,Delhi,Satisfactory
30-07-2022,58,Delhi,Satisfactory
31-07-2022,71,Delhi,Satisfactory
01-08-2022,71,Delhi,Satisfactory
02-08-2022,84,Delhi,Satisfactory
03-08-2022,122,Delhi,Moderate
04-08-2022,112,Delhi,Moderate
05-08-2022,72,Delhi,Satisfactory
06-08-2022,98,Delhi,Satisfactory
07-08-2022,118,Delhi,Moderate
08-08-2022,84,Delhi,Satisfactory
09-08-2022,112,Delhi,Moderate
10-08-2022,102,Delhi,Moderate
11-08-2022,75,Delhi,Satisfactory
12-08-2022,88,Delhi,Satisfactory
13-08-2022,80,Delhi,Satisfactory
14-08-2022,84,Delhi,Satisfactory
15-08-2022,62,Delhi,Satisfactory
16-08-2022,63,Delhi,Satisfactory
17-08-2022,60,Delhi,Satisfactory
18-08-2022,72,Delhi,Satisfactory
19-08-2022,71,Delhi,Satisfactory
20-08-2022,80,Delhi,Satisfactory
21-08-2022,117,Delhi,Moderate
22-08-2022,104,Delhi,Moderate
23-08-2022,83,Delhi,Satisfactory
24-08-2022,63,Delhi,Satisfactory
25-08-2022,96,Delhi,Satisfactory
26-08-2022,113,Delhi,Moderate
27-08-2022,105,Delhi,Moderate
28-08-2022,119,Delhi,Moderate
29-08-2022,144,Delhi,Moderate
30-08-2022,116,Delhi,Moderate
31-08-2022,124,Delhi,Moderate
01-09-2022,121,Delhi,Moderate
02-09-2022,110,Delhi,Moderate
03-09-2022,119,Delhi,Moderate
04-09-2022,115,Delhi,Moderate
05-09-2022,102,Delhi,Moderate
06-09-2022,119,Delhi,Moderate
07-09-2022,133,Delhi,Moderate
08-09-2022,136,Delhi,Moderate
09-09-2022,141,Delhi,Moderate
10-09-2022,110,Delhi,Moderate
11-09-2022,85,Delhi,Satisfactory
12-09-2022,84,Delhi,Satisfactory
13-09-2022,72,Delhi,Satisfactory
14-09-2022,71,Delhi,Satisfactory
15-09-2022,57,Delhi,Satisfactory
16-09-2022,47,Delhi,Good
17-09-2022,70,Delhi,Satisfactory
18-09-2022,119,Delhi,Moderate
19-09-2022,182,Delhi,Moderate
20-09-2022,130,Delhi,Moderate
21-09-2022,109,Delhi,Moderate
22-09-2022,66,Delhi,Satisfactory
23-09-2022,57,Delhi,Satisfactory
24-09-2022,54,Delhi,Satisfactory
25-09-2022,52,Delhi,Satisfactory
26-09-2022,100,Delhi,Satisfactory
27-09-2022,108,Delhi,Moderate
28-09-2022,140,Delhi,Moderate
29-09-2022,151,Delhi,Moderate
30-09-2022,173,Delhi,Moderate
01-10-2022,186,Delhi,Moderate
02-10-2022,181,Delhi,Moderate
03-10-2022,128,Delhi,Moderate
04-10-2022,150,Delhi,Moderate
05-10-2022,211,Delhi,Poor
06-10-2022,79,Delhi,Satisfactory
07-10-2022,55,Delhi,Satisfactory
08-10-2022,56,Delhi,Satisfactory
09-10-2022,48,Delhi,Good
10-10-2022,44,Delhi,Good
11-10-2022,66,Delhi,Satisfactory
12-10-2022,143,Delhi,Moderate
13-10-2022,130,Delhi,Moderate
14-10-2022,154,Delhi,Moderate
15-10-2022,186,Delhi,Moderate
16-10-2022,232,Delhi,Poor
17-10-2022,237,Delhi,Poor
18-10-2022,241,Delhi,Poor
19-10-2022,234,Delhi,Poor
20-10-2022,232,Delhi,Poor
21-10-2022,262,Delhi,Poor
22-10-2022,265,Delhi,Poor
23-10-2022,259,Delhi,Poor
24-10-2022,312,Delhi,Very Poor
25-10-2022,302,Delhi,Very Poor
26-10-2022,271,Delhi,Poor
27-10-2022,354,Delhi,Very Poor
28-10-2022,357,Delhi,Very Poor
29-10-2022,397,Delhi,Very Poor
30-10-2022,352,Delhi,Very Poor
31-10-2022,392,Delhi,Very Poor
01-11-2022,424,Delhi,Severe
02-11-2022,376,Delhi,Very Poor
03-11-2022,450,Delhi,Severe
04-11-2022,447,Delhi,Severe
05-11-2022,381,Delhi,Very Poor
06-11-2022,339,Delhi,Very Poor
07-11-2022,354,Delhi,Very Poor
08-11-2022,372,Delhi,Very Poor
09-11-2022,260,Delhi,Poor
10-11-2022,295,Delhi,Poor
11-11-2022,346,Delhi,Very Poor
12-11-2022,303,Delhi,Very Poor
13-11-2022,303,Delhi,Very Poor
14-11-2022,294,Delhi,Poor
15-11-2022,227,Delhi,Poor
16-11-2022,264,Delhi,Poor
17-11-2022,260,Delhi,Poor
18-11-2022,289,Delhi,Poor
19-11-2022,280,Delhi,Poor
20-11-2022,314,Delhi,Very Poor
21-11-2022,310,Delhi,Very Poor
22-11-2022,255,Delhi,Poor
23-11-2022,237,Delhi,Poor
24-11-2022,213,Delhi,Poor
25-11-2022,294,Delhi,Poor
26-11-2022,336,Delhi,Very Poor
27-11-2022,328,Delhi,Very Poor
28-11-2022,333,Delhi,Very Poor
29-11-2022,369,Delhi,Very Poor
30-11-2022,365,Delhi,Very Poor
01-12-2022,368,Delhi,Very Poor
02-12-2022,352,Delhi,Very Poor
03-12-2022,370,Delhi,Very Poor
04-12-2022,407,Delhi,Severe
05-12-2022,347,Delhi,Very Poor
06-12-2022,353,Delhi,Very Poor
07-12-2022,304,Delhi,Very Poor
08-12-2022,281,Delhi,Poor
09-12-2022,314,Delhi,Very Poor
10-12-2022,360,Delhi,Very Poor
11-12-2022,306,Delhi,Very Poor
12-12-2022,218,Delhi,Poor
13-12-2022,177,Delhi,Moderate
14-12-2022,163,Delhi,Moderate
15-12-2022,189,Delhi,Moderate
16-12-2022,223,Delhi,Poor
17-12-2022,304,Delhi,Very Poor
18-12-2022,353,Delhi,Very Poor
19-12-2022,410,Delhi,Severe
20-12-2022,366,Delhi,Very Poor
21-12-2022,328,Delhi,Very Poor
22-12-2022,342,Delhi,Very Poor
23-12-2022,359,Delhi,Very Poor
24-12-2022,349,Delhi,Very Poor
25-12-2022,308,Delhi,Very Poor
26-12-2022,331,Delhi,Very Poor
27-12-2022,339,Delhi,Very Poor
28-12-2022,321,Delhi,Very Poor
29-12-2022,306,Delhi,Very Poor
30-12-2022,399,Delhi,Very Poor
31-12-2022,349,Delhi,Very Poor
01-01-2023,259,Delhi,Poor
02-01-2023,357,Delhi,Very Poor
03-01-2023,385,Delhi,Very Poor
04-01-2023,343,Delhi,Very Poor
05-01-2023,340,Delhi,Very Poor
06-01-2023,400,Delhi,Very Poor
07-01-2023,377,Delhi,Very Poor
08-01-2023,375,Delhi,Very Poor
09-01-2023,434,Delhi,Severe
10-01-2023,407,Delhi,Severe
11-01-2023,308,Delhi,Very Poor
12-01-2023,371,Delhi,Very Poor
13-01-2023,378,Delhi,Very Poor
14-01-2023,353,Delhi,Very Poor
15-01-2023,213,Delhi,Poor
16-01-2023,270,Delhi,Poor
17-01-2023,288,Delhi,Poor
18-01-2023,306,Delhi,Very Poor
19-01-2023,338,Delhi,Very Poor
20-01-2023,226,Delhi,Poor
21-01-2023,294,Delhi,Poor
22-01-2023,407,Delhi,Severe
23-01-2023,335,Delhi,Very Poor
24-01-2023,237,Delhi,Poor
25-01-2023,160,Delhi,Moderate
26-01-2023,298,Delhi,Poor
27-01-2023,229,Delhi,Poor
28-01-2023,236,Delhi,Poor
29-01-2023,331,Delhi,Very Poor
30-01-2023,207,Delhi,Poor
31-01-2023,192,Delhi,Moderate
01-02-2023,164,Delhi,Moderate
02-02-2023,194,Delhi,Moderate
03-02-2023,199,Delhi,Moderate
04-02-2023,242,Delhi,Poor
05-02-2023,244,Delhi,Poor
06-02-2023,265,Delhi,Poor
07-02-2023,285,Delhi,Poor
08-02-2023,144,Delhi,Moderate
09-02-2023,212,Delhi,Poor
10-02-2023,187,Delhi,Moderate
11-02-2023,275,Delhi,Poor
12-02-2023,175,Delhi,Moderate
13-02-2023,135,Delhi,Moderate
14-02-2023,132,Delhi,Moderate
15-02-2023,190,Delhi,Moderate
16-02-2023,270,Delhi,Poor
17-02-2023,367,Delhi,Very Poor
18-02-2023,371,Delhi,Very Poor
19-02-2023,331,Delhi,Very Poor
20-02-2023,324,Delhi,Very Poor
21-02-2023,245,Delhi,Poor
22-02-2023,302,Delhi,Very Poor
23-02-2023,227,Delhi,Poor
24-02-2023,171,Delhi,Moderate
25-02-2023,225,Delhi,Poor
26-02-2023,291,Delhi,Poor
27-02-2023,260,Delhi,Poor
28-02-2023,219,Delhi,Poor
01-03-2023,181,Delhi,Moderate
02-03-2023,226,Delhi,Poor
03-03-2023,152,Delhi,Moderate
04-03-2023,129,Delhi,Moderate
05-03-2023,142,Delhi,Moderate
06-03-2023,142,Delhi,Moderate
07-03-2023,173,Delhi,Moderate
08-03-2023,215,Delhi,Poor
09-03-2023,119,Delhi,Moderate
10-03-2023,187,Delhi,Moderate
11-03-2023,200,Delhi,Moderate
12-03-2023,216,Delhi,Poor
13-03-2023,231,Delhi,Poor
14-03-2023,219,Delhi,Poor
15-03-2023,213,Delhi,Poor
16-03-2023,259,Delhi,Poor
17-03-2023,188,Delhi,Moderate
18-03-2023,184,Delhi,Moderate
19-03-2023,162,Delhi,Moderate
20-03-2023,154,Delhi,Moderate
21-03-2023,75,Delhi,Satisfactory
22-03-2023,164,Delhi,Moderate
23-03-2023,151,Delhi,Moderate
24-03-2023,205,Delhi,Poor
25-03-2023,78,Delhi,Satisfactory
26-03-2023,164,Delhi,Moderate
27-03-2023,146,Delhi,Moderate
28-03-2023,147,Delhi,Moderate
29-03-2023,198,Delhi,Moderate
30-03-2023,170,Delhi,Moderate
31-03-2023,73,Delhi,Satisfactory
01-04-2023,106,Delhi,Moderate
02-04-2023,128,Delhi,Moderate
03-04-2023,179,Delhi,Moderate
04-04-2023,109,Delhi,Moderate
05-04-2023,135,Delhi,Moderate
06-04-2023,142,Delhi,Moderate
07-04-2023,142,Delhi,Moderate
08-04-2023,172,Delhi,Moderate
09-04-2023,217,Delhi,Poor
10-04-2023,195,Delhi,Moderate
11-04-2023,260,Delhi,Poor
12-04-2023,213,Delhi,Poor
13-04-2023,211,Delhi,Poor
14-04-2023,249,Delhi,Poor
15-04-2023,235,Delhi,Poor
16-04-2023,229,Delhi,Poor
17-04-2023,206,Delhi,Poor
18-04-2023,235,Delhi,Poor
19-04-2023,236,Delhi,Poor
20-04-2023,159,Delhi,Moderate
21-04-2023,129,Delhi,Moderate
22-04-2023,141,Delhi,Moderate
23-04-2023,118,Delhi,Moderate
24-04-2023,160,Delhi,Moderate
25-04-2023,156,Delhi,Moderate
26-04-2023,210,Delhi,Poor
27-04-2023,219,Delhi,Poor
28-04-2023,150,Delhi,Moderate
29-04-2023,216,Delhi,Poor
30-04-2023,132,Delhi,Moderate
01-05-2023,91,Delhi,Satisfactory
02-05-2023,76,Delhi,Satisfactory
03-05-2023,107,Delhi,Moderate
04-05-2023,113,Delhi,Moderate
05-05-2023,183,Delhi,Moderate
06-05-2023,234,Delhi,Poor
07-05-2023,173,Delhi,Moderate
08-05-2023,131,Delhi,Moderate
09-05-2023,197,Delhi,Moderate
10-05-2023,203,Delhi,Poor
11-05-2023,274,Delhi,Poor
12-05-2023,227,Delhi,Poor
13-05-2023,235,Delhi,Poor
14-05-2023,259,Delhi,Poor
15-05-2023,162,Delhi,Moderate
16-05-2023,259,Delhi,Poor
17-05-2023,336,Delhi,Very Poor
18-05-2023,149,Delhi,Moderate
19-05-2023,152,Delhi,Moderate
20-05-2023,186,Delhi,Moderate
21-05-2023,215,Delhi,Poor
22-05-2023,199,Delhi,Moderate
23-05-2023,198,Delhi,Moderate
24-05-2023,158,Delhi,Moderate
25-05-2023,106,Delhi,Moderate
26-05-2023,98,Delhi,Satisfactory
27-05-2023,110,Delhi,Moderate
28-05-2023,134,Delhi,Moderate
29-05-2023,136,Delhi,Moderate
30-05-2023,115,Delhi,Moderate
31-05-2023,85,Delhi,Satisfactory
01-06-2023,96,Delhi,Satisfactory
02-06-2023,120,Delhi,Moderate
03-06-2023,121,Delhi,Moderate
04-06-2023,171,Delhi,Moderate
05-06-2023,166,Delhi,Moderate
06-06-2023,139,Delhi,Moderate
07-06-2023,239,Delhi,Poor
08-06-2023,161,Delhi,Moderate
09-06-2023,152,Delhi,Moderate
10-06-2023,134,Delhi,Moderate
11-06-2023,130,Delhi,Moderate
12-06-2023,169,Delhi,Moderate
13-06-2023,205,Delhi,Poor
14-06-2023,213,Delhi,Poor
15-06-2023,154,Delhi,Moderate
16-06-2023,119,Delhi,Moderate
17-06-2023,119,Delhi,Moderate
18-06-2023,90,Delhi,Satisfactory
19-06-2023,75,Delhi,Satisfactory
20-06-2023,104,Delhi,Moderate
21-06-2023,91,Delhi,Satisfactory
22-06-2023,110,Delhi,Moderate
23-06-2023,132,Delhi,Moderate
24-06-2023,169,Delhi,Moderate
25-06-2023,71,Delhi,Satisfactory
26-06-2023,93,Delhi,Satisfactory
27-06-2023,86,Delhi,Satisfactory
28-06-2023,93,Delhi,Satisfactory
29-06-2023,101,Delhi,Moderate
30-06-2023,70,Delhi,Satisfactory
01-07-2023,69,Delhi,Satisfactory
02-07-2023,71,Delhi,Satisfactory
03-07-2023,118,Delhi,Moderate
04-07-2023,144,Delhi,Moderate
05-07-2023,96,Delhi,Satisfactory
06-07-2023,72,Delhi,Satisfactory
07-07-2023,77,Delhi,Satisfactory
08-07-2023,71,Delhi,Satisfactory
09-07-2023,64,Delhi,Satisfactory
10-07-2023,65,Delhi,Satisfactory
11-07-2023,69,Delhi,Satisfactory
12-07-2023,77,Delhi,Satisfactory
13-07-2023,77,Delhi,Satisfactory
14-07-2023,73,Delhi,Satisfactory
15-07-2023,100,Delhi,Satisfactory
16-07-2023,69,Delhi,Satisfactory
17-07-2023,85,Delhi,Satisfactory
18-07-2023,113,Delhi,Moderate
19-07-2023,77,Delhi,Satisfactory
20-07-2023,93,Delhi,Satisfactory
21-07-2023,109,Delhi,Moderate
22-07-2023,96,Delhi,Satisfactory
23-07-2023,73,Delhi,Satisfactory
24-07-2023,77,Delhi,Satisfactory
25-07-2023,102,Delhi,Moderate
26-07-2023,73,Delhi,Satisfactory
27-07-2023,92,Delhi,Satisfactory
28-07-2023,81,Delhi,Satisfactory
29-07-2023,59,Delhi,Satisfactory
30-07-2023,65,Delhi,Satisfactory
31-07-2023,89,Delhi,Satisfactory
01-08-2023,92,Delhi,Satisfactory
02-08-2023,91,Delhi,Satisfactory
03-08-2023,75,Delhi,Satisfactory
04-08-2023,105,Delhi,Moderate
05-08-2023,85,Delhi,Satisfactory
06-08-2023,101,Delhi,Moderate
07-08-2023,102,Delhi,Moderate
08-08-2023,110,Delhi,Moderate
09-08-2023,118,Delhi,Moderate
10-08-2023,133,Delhi,Moderate
11-08-2023,123,Delhi,Moderate
12-08-2023,126,Delhi,Moderate
13-08-2023,105,Delhi,Moderate
14-08-2023,114,Delhi,Moderate
15-08-2023,108,Delhi,Moderate
16-08-2023,109,Delhi,Moderate
17-08-2023,131,Delhi,Moderate
18-08-2023,153,Delhi,Moderate
19-08-2023,125,Delhi,Moderate
20-08-2023,91,Delhi,Satisfactory
21-08-2023,91,Delhi,Satisfactory
22-08-2023,106,Delhi,Moderate
23-08-2023,71,Delhi,Satisfactory
24-08-2023,85,Delhi,Satisfactory
25-08-2023,117,Delhi,Moderate
26-08-2023,152,Delhi,Moderate
27-08-2023,186,Delhi,Moderate
28-08-2023,144,Delhi,Moderate
29-08-2023,162,Delhi,Moderate
30-08-2023,154,Delhi,Moderate
31-08-2023,146,Delhi,Moderate
01-09-2023,140,Delhi,Moderate
02-09-2023,136,Delhi,Moderate
03-09-2023,136,Delhi,Moderate
04-09-2023,136,Delhi,Moderate
05-09-2023,121,Delhi,Moderate
06-09-2023,106,Delhi,Moderate
07-09-2023,105,Delhi,Moderate
08-09-2023,84,Delhi,Satisfactory
09-09-2023,55,Delhi,Satisfactory
10-09-2023,46,Delhi,Good
11-09-2023,54,Delhi,Satisfactory
12-09-2023,90,Delhi,Satisfactory
13-09-2023,106,Delhi,Moderate
14-09-2023,121,Delhi,Moderate
15-09-2023,100,Delhi,Satisfactory
16-09-2023,85,Delhi,Satisfactory
17-09-2023,63,Delhi,Satisfactory
18-09-2023,63,Delhi,Satisfactory
19-09-2023,73,Delhi,Satisfactory
20-09-2023,97,Delhi,Satisfactory
21-09-2023,113,Delhi,Moderate
22-09-2023,102,Delhi,Moderate
23-09-2023,108,Delhi,Moderate
24-09-2023,131,Delhi,Moderate
25-09-2023,118,Delhi,Moderate
26-09-2023,152,Delhi,Moderate
27-09-2023,129,Delhi,Moderate
28-09-2023,139,Delhi,Moderate
29-09-2023,157,Delhi,Moderate
30-09-2023,166,Delhi,Moderate
01-10-2023,146,Delhi,Moderate
02-10-2023,144,Delhi,Moderate
03-10-2023,154,Delhi,Moderate
04-10-2023,176,Delhi,Moderate
05-10-2023,177,Delhi,Moderate
06-10-2023,211,Delhi,Poor
07-10-2023,215,Delhi,Poor
08-10-2023,164,Delhi,Moderate
09-10-2023,174,Delhi,Moderate
10-10-2023,179,Delhi,Moderate
11-10-2023,191,Delhi,Moderate
12-10-2023,218,Delhi,Poor
13-10-2023,255,Delhi,Poor
14-10-2023,256,Delhi,Poor
15-10-2023,232,Delhi,Poor
16-10-2023,206,Delhi,Poor
17-10-2023,87,Delhi,Satisfactory
18-10-2023,125,Delhi,Moderate
19-10-2023,118,Delhi,Moderate
20-10-2023,195,Delhi,Moderate
21-10-2023,246,Delhi,Poor
22-10-2023,311,Delhi,Very Poor
23-10-2023,263,Delhi,Poor
24-10-2023,220,Delhi,Poor
25-10-2023,243,Delhi,Poor
26-10-2023,256,Delhi,Poor
27-10-2023,259,Delhi,Poor
28-10-2023,303,Delhi,Very Poor
29-10-2023,324,Delhi,Very Poor
30-10-2023,346,Delhi,Very Poor
31-10-2023,357,Delhi,Very Poor
01-11-2023,364,Delhi,Very Poor
02-11-2023,392,Delhi,Very Poor
03-11-2023,468,Delhi,Severe
04-11-2023,415,Delhi,Severe
05-11-2023,453,Delhi,Severe
06-11-2023,421,Delhi,Severe
07-11-2023,395,Delhi,Very Poor
08-11-2023,426,Delhi,Severe
09-11-2023,437,Delhi,Severe
10-11-2023,278,Delhi,Poor
11-11-2023,220,Delhi,Poor
12-11-2023,218,Delhi,Poor
13-11-2023,358,Delhi,Very Poor
14-11-2023,396,Delhi,Very Poor
15-11-2023,398,Delhi,Very Poor
16-11-2023,418,Delhi,Severe
17-11-2023,404,Delhi,Severe
18-11-2023,318,Delhi,Very Poor
19-11-2023,301,Delhi,Very Poor
20-11-2023,348,Delhi,Very Poor
21-11-2023,372,Delhi,Very Poor
22-11-2023,395,Delhi,Very Poor
23-11-2023,390,Delhi,Very Poor
24-11-2023,415,Delhi,Severe
25-11-2023,388,Delhi,Very Poor
26-11-2023,397,Delhi,Very Poor
27-11-2023,395,Delhi,Very Poor
28-11-2023,311,Delhi,Very Poor
29-11-2023,289,Delhi,Poor
30-11-2023,398,Delhi,Very Poor
01-12-2023,372,Delhi,Very Poor
02-12-2023,352,Delhi,Very Poor
03-12-2023,313,Delhi,Very Poor
04-12-2023,310,Delhi,Very Poor
05-12-2023,297,Delhi,Poor
06-12-2023,285,Delhi,Poor
07-12-2023,320,Delhi,Very Poor
08-12-2023,325,Delhi,Very Poor
09-12-2023,322,Delhi,Very Poor
10-12-2023,314,Delhi,Very Poor
11-12-2023,317,Delhi,Very Poor
12-12-2023,355,Delhi,Very Poor
13-12-2023,378,Delhi,Very Poor
14-12-2023,326,Delhi,Very Poor
15-12-2023,323,Delhi,Very Poor
16-12-2023,355,Delhi,Very Poor
17-12-2023,331,Delhi,Very Poor
18-12-2023,330,Delhi,Very Poor
19-12-2023,286,Delhi,Poor
20-12-2023,285,Delhi,Poor
21-12-2023,361,Delhi,Very Poor
22-12-2023,409,Delhi,Severe
23-12-2023,449,Delhi,Severe
24-12-2023,411,Delhi,Severe
25-12-2023,383,Delhi,Very Poor
26-12-2023,377,Delhi,Very Poor
27-12-2023,380,Delhi,Very Poor
28-12-2023,358,Delhi,Very Poor
29-12-2023,381,Delhi,Very Poor
30-12-2023,400,Delhi,Very Poor
31-12-2023,382,Delhi,Very Poor
01-01-2024,346,Delhi,Very Poor
02-01-2024,340,Delhi,Very Poor
03-01-2024,341,Delhi,Very Poor
04-01-2024,377,Delhi,Very Poor
05-01-2024,333,Delhi,Very Poor
06-01-2024,319,Delhi,Very Poor
07-01-2024,333,Delhi,Very Poor
08-01-2024,345,Delhi,Very Poor
09-01-2024,343,Delhi,Very Poor
10-01-2024,273,Delhi,Poor
11-01-2024,348,Delhi,Very Poor
12-01-2024,340,Delhi,Very Poor
13-01-2024,398,Delhi,Very Poor
14-01-2024,447,Delhi,Severe
15-01-2024,359,Delhi,Very Poor
16-01-2024,371,Delhi,Very Poor
17-01-2024,368,Delhi,Very Poor
18-01-2024,318,Delhi,Very Poor
19-01-2024,348,Delhi,Very Poor
20-01-2024,329,Delhi,Very Poor
21-01-2024,349,Delhi,Very Poor
22-01-2024,333,Delhi,Very Poor
23-01-2024,368,Delhi,Very Poor
24-01-2024,409,Delhi,Severe
25-01-2024,332,Delhi,Very Poor
26-01-2024,408,Delhi,Severe
27-01-2024,356,Delhi,Very Poor
28-01-2024,365,Delhi,Very Poor
29-01-2024,356,Delhi,Very Poor
30-01-2024,357,Delhi,Very Poor
31-01-2024,391,Delhi,Very Poor
01-02-2024,176,Delhi,Moderate
02-02-2024,215,Delhi,Poor
03-02-2024,199,Delhi,Moderate
04-02-2024,274,Delhi,Poor
05-02-2024,177,Delhi,Moderate
06-02-2024,140,Delhi,Moderate
07-02-2024,174,Delhi,Moderate
08-02-2024,161,Delhi,Moderate
09-02-2024,146,Delhi,Moderate
10-02-2024,295,Delhi,Poor
11-02-2024,313,Delhi,Very Poor
12-02-2024,300,Delhi,Poor
13-02-2024,341,Delhi,Very Poor
14-02-2024,340,Delhi,Very Poor
15-02-2024,278,Delhi,Poor
16-02-2024,268,Delhi,Poor
17-02-2024,245,Delhi,Poor
18-02-2024,270,Delhi,Poor
19-02-2024,231,Delhi,Poor
20-02-2024,226,Delhi,Poor
21-02-2024,243,Delhi,Poor
22-02-2024,150,Delhi,Moderate
23-02-2024,143,Delhi,Moderate
24-02-2024,193,Delhi,Moderate
25-02-2024,193,Delhi,Moderate
26-02-2024,172,Delhi,Moderate
27-02-2024,159,Delhi,Moderate
28-02-2024,141,Delhi,Moderate
29-02-2024,147,Delhi,Moderate
01-03-2024,208,Delhi,Poor
02-03-2024,117,Delhi,Moderate
03-03-2024,126,Delhi,Moderate
04-03-2024,141,Delhi,Moderate
05-03-2024,125,Delhi,Moderate
06-03-2024,138,Delhi,Moderate
07-03-2024,181,Delhi,Moderate
08-03-2024,157,Delhi,Moderate
09-03-2024,145,Delhi,Moderate
10-03-2024,182,Delhi,Moderate
11-03-2024,201,Delhi,Poor
12-03-2024,190,Delhi,Moderate
13-03-2024,165,Delhi,Moderate
14-03-2024,195,Delhi,Moderate
15-03-2024,128,Delhi,Moderate
16-03-2024,168,Delhi,Moderate
17-03-2024,193,Delhi,Moderate
18-03-2024,199,Delhi,Moderate
19-03-2024,222,Delhi,Poor
20-03-2024,230,Delhi,Poor
21-03-2024,171,Delhi,Moderate
22-03-2024,166,Delhi,Moderate
23-03-2024,232,Delhi,Poor
24-03-2024,195,Delhi,Moderate
25-03-2024,197,Delhi,Moderate
26-03-2024,134,Delhi,Moderate
27-03-2024,178,Delhi,Moderate
28-03-2024,160,Delhi,Moderate
29-03-2024,176,Delhi,Moderate
30-03-2024,190,Delhi,Moderate
31-03-2024,243,Delhi,Poor
01-04-2024,133,Delhi,Moderate
02-04-2024,144,Delhi,Moderate
03-04-2024,167,Delhi,Moderate
04-04-2024,173,Delhi,Moderate
05-04-2024,174,Delhi,Moderate
06-04-2024,168,Delhi,Moderate
07-04-2024,179,Delhi,Moderate
08-04-2024,191,Delhi,Moderate
09-04-2024,203,Delhi,Poor
10-04-2024,222,Delhi,Poor
11-04-2024,240,Delhi,Poor
12-04-2024,232,Delhi,Poor
13-04-2024,198,Delhi,Moderate
14-04-2024,141,Delhi,Moderate
15-04-2024,205,Delhi,Poor
16-04-2024,228,Delhi,Poor
17-04-2024,147,Delhi,Moderate
18-04-2024,164,Delhi,Moderate
19-04-2024,186,Delhi,Moderate
20-04-2024,219,Delhi,Poor
21-04-2024,139,Delhi,Moderate
22-04-2024,129,Delhi,Moderate
23-04-2024,190,Delhi,Moderate
24-04-2024,178,Delhi,Moderate
25-04-2024,200,Delhi,Moderate
26-04-2024,197,Delhi,Moderate
27-04-2024,165,Delhi,Moderate
28-04-2024,176,Delhi,Moderate
29-04-2024,225,Delhi,Poor
30-04-2024,189,Delhi,Moderate
01-05-2024,200,Delhi,Moderate
02-05-2024,197,Delhi,Moderate
03-05-2024,264,Delhi,Poor
04-05-2024,282,Delhi,Poor
05-05-2024,292,Delhi,Poor
06-05-2024,248,Delhi,Poor
07-05-2024,303,Delhi,Very Poor
08-05-2024,225,Delhi,Poor
09-05-2024,179,Delhi,Moderate
10-05-2024,180,Delhi,Moderate
11-05-2024,242,Delhi,Poor
12-05-2024,184,Delhi,Moderate
13-05-2024,228,Delhi,Poor
14-05-2024,235,Delhi,Poor
15-05-2024,244,Delhi,Poor
16-05-2024,236,Delhi,Poor
17-05-2024,233,Delhi,Poor
18-05-2024,262,Delhi,Poor
19-05-2024,245,Delhi,Poor
20-05-2024,228,Delhi,Poor
21-05-2024,240,Delhi,Poor
22-05-2024,193,Delhi,Moderate
23-05-2024,156,Delhi,Moderate
24-05-2024,157,Delhi,Moderate
25-05-2024,168,Delhi,Moderate
26-05-2024,191,Delhi,Moderate
27-05-2024,225,Delhi,Poor
28-05-2024,246,Delhi,Poor
29-05-2024,240,Delhi,Poor
30-05-2024,230,Delhi,Poor
31-05-2024,192,Delhi,Moderate
01-06-2024,245,Delhi,Poor
02-06-2024,173,Delhi,Moderate
03-06-2024,155,Delhi,Moderate
04-06-2024,211,Delhi,Poor
05-06-2024,251,Delhi,Poor
06-06-2024,183,Delhi,Moderate
07-06-2024,231,Delhi,Poor
08-06-2024,237,Delhi,Poor
09-06-2024,182,Delhi,Moderate
10-06-2024,172,Delhi,Moderate
11-06-2024,223,Delhi,Poor
12-06-2024,213,Delhi,Poor
13-06-2024,195,Delhi,Moderate
14-06-2024,189,Delhi,Moderate
15-06-2024,186,Delhi,Moderate
16-06-2024,197,Delhi,Moderate
17-06-2024,169,Delhi,Moderate
18-06-2024,196,Delhi,Moderate
19-06-2024,306,Delhi,Very Poor
20-06-2024,179,Delhi,Moderate
21-06-2024,175,Delhi,Moderate
22-06-2024,186,Delhi,Moderate
23-06-2024,145,Delhi,Moderate
24-06-2024,138,Delhi,Moderate
25-06-2024,134,Delhi,Moderate
26-06-2024,132,Delhi,Moderate
27-06-2024,74,Delhi,Satisfactory
28-06-2024,64,Delhi,Satisfactory
29-06-2024,118,Delhi,Moderate
30-06-2024,115,Delhi,Moderate
01-07-2024,105,Delhi,Moderate
02-07-2024,118,Delhi,Moderate
03-07-2024,108,Delhi,Moderate
04-07-2024,61,Delhi,Satisfactory
05-07-2024,77,Delhi,Satisfactory
06-07-2024,65,Delhi,Satisfactory
07-07-2024,56,Delhi,Satisfactory
08-07-2024,56,Delhi,Satisfactory
09-07-2024,84,Delhi,Satisfactory
10-07-2024,138,Delhi,Moderate
11-07-2024,113,Delhi,Moderate
12-07-2024,107,Delhi,Moderate
13-07-2024,102,Delhi,Moderate
14-07-2024,107,Delhi,Moderate
15-07-2024,109,Delhi,Moderate
16-07-2024,100,Delhi,Satisfactory
17-07-2024,90,Delhi,Satisfactory
18-07-2024,95,Delhi,Satisfactory
19-07-2024,124,Delhi,Moderate
20-07-2024,109,Delhi,Moderate
21-07-2024,103,Delhi,Moderate
22-07-2024,85,Delhi,Satisfactory
23-07-2024,93,Delhi,Satisfactory
24-07-2024,97,Delhi,Satisfactory
25-07-2024,109,Delhi,Moderate
26-07-2024,84,Delhi,Satisfactory
27-07-2024,131,Delhi,Moderate
28-07-2024,83,Delhi,Satisfactory
29-07-2024,76,Delhi,Satisfactory
30-07-2024,97,Delhi,Satisfactory
31-07-2024,96,Delhi,Satisfactory
01-08-2024,64,Delhi,Satisfactory
02-08-2024,76,Delhi,Satisfactory
03-08-2024,68,Delhi,Satisfactory
04-08-2024,64,Delhi,Satisfactory
05-08-2024,59,Delhi,Satisfactory
06-08-2024,61,Delhi,Satisfactory
07-08-2024,61,Delhi,Satisfactory
08-08-2024,54,Delhi,Satisfactory
09-08-2024,61,Delhi,Satisfactory
10-08-2024,71,Delhi,Satisfactory
11-08-2024,69,Delhi,Satisfactory
12-08-2024,56,Delhi,Satisfactory
13-08-2024,63,Delhi,Satisfactory
14-08-2024,79,Delhi,Satisfactory
15-08-2024,72,Delhi,Satisfactory
16-08-2024,63,Delhi,Satisfactory
17-08-2024,74,Delhi,Satisfactory
18-08-2024,83,Delhi,Satisfactory
19-08-2024,84,Delhi,Satisfactory
20-08-2024,66,Delhi,Satisfactory
21-08-2024,87,Delhi,Satisfactory
22-08-2024,85,Delhi,Satisfactory
23-08-2024,77,Delhi,Satisfactory
24-08-2024,105,Delhi,Moderate
25-08-2024,77,Delhi,Satisfactory
26-08-2024,72,Delhi,Satisfactory
27-08-2024,64,Delhi,Satisfactory
28-08-2024,70,Delhi,Satisfactory
29-08-2024,58,Delhi,Satisfactory
30-08-2024,102,Delhi,Moderate
31-08-2024,92,Delhi,Satisfactory
01-09-2024,101,Delhi,Moderate
02-09-2024,87,Delhi,Satisfactory
03-09-2024,89,Delhi,Satisfactory
04-09-2024,69,Delhi,Satisfactory
05-09-2024,83,Delhi,Satisfactory
06-09-2024,95,Delhi,Satisfactory
07-09-2024,71,Delhi,Satisfactory
08-09-2024,91,Delhi,Satisfactory
09-09-2024,114,Delhi,Moderate
10-09-2024,106,Delhi,Moderate
11-09-2024,71,Delhi,Satisfactory
12-09-2024,64,Delhi,Satisfactory
13-09-2024,52,Delhi,Satisfactory
14-09-2024,62,Delhi,Satisfactory
15-09-2024,107,Delhi,Moderate
16-09-2024,139,Delhi,Moderate
17-09-2024,172,Delhi,Moderate
18-09-2024,115,Delhi,Moderate
19-09-2024,56,Delhi,Satisfactory
20-09-2024,98,Delhi,Satisfactory
21-09-2024,116,Delhi,Moderate
22-09-2024,162,Delhi,Moderate
23-09-2024,165,Delhi,Moderate
24-09-2024,195,Delhi,Moderate
25-09-2024,233,Delhi,Poor
26-09-2024,94,Delhi,Satisfactory
27-09-2024,80,Delhi,Satisfactory
28-09-2024,66,Delhi,Satisfactory
29-09-2024,74,Delhi,Satisfactory
30-09-2024,126,Delhi,Moderate
01-10-2024,149,Delhi,Moderate
02-10-2024,173,Delhi,Moderate
03-10-2024,162,Delhi,Moderate
04-10-2024,184,Delhi,Moderate
05-10-2024,145,Delhi,Moderate
06-10-2024,143,Delhi,Moderate
07-10-2024,126,Delhi,Moderate
08-10-2024,167,Delhi,Moderate
09-10-2024,164,Delhi,Moderate
10-10-2024,132,Delhi,Moderate
11-10-2024,141,Delhi,Moderate
12-10-2024,155,Delhi,Moderate
13-10-2024,224,Delhi,Poor
14-10-2024,234,Delhi,Poor
15-10-2024,198,Delhi,Moderate
16-10-2024,230,Delhi,Poor
17-10-2024,285,Delhi,Poor
18-10-2024,292,Delhi,Poor
19-10-2024,278,Delhi,Poor
20-10-2024,277,Delhi,Poor
21-10-2024,310,Delhi,Very Poor
22-10-2024,327,Delhi,Very Poor
23-10-2024,364,Delhi,Very Poor
24-10-2024,306,Delhi,Very Poor
25-10-2024,270,Delhi,Poor
26-10-2024,255,Delhi,Poor
27-10-2024,356,Delhi,Very Poor
28-10-2024,304,Delhi,Very Poor
29-10-2024,268,Delhi,Poor
30-10-2024,307,Delhi,Very Poor
31-10-2024,328,Delhi,Very Poor
01-11-2024,339,Delhi,Very Poor
02-11-2024,318,Delhi,Very Poor
03-11-2024,381,Delhi,Very Poor
04-11-2024,380,Delhi,Very Poor
05-11-2024,372,Delhi,Very Poor
06-11-2024,351,Delhi,Very Poor
07-11-2024,377,Delhi,Very Poor
08-11-2024,379,Delhi,Very Poor
09-11-2024,350,Delhi,Very Poor
10-11-2024,334,Delhi,Very Poor
11-11-2024,352,Delhi,Very Poor
12-11-2024,334,Delhi,Very Poor
13-11-2024,418,Delhi,Severe
14-11-2024,424,Delhi,Severe
15-11-2024,396,Delhi,Very Poor
16-11-2024,417,Delhi,Severe
17-11-2024,441,Delhi,Severe
18-11-2024,494,Delhi,Severe
19-11-2024,460,Delhi,Severe
20-11-2024,419,Delhi,Severe
21-11-2024,371,Delhi,Very Poor
22-11-2024,393,Delhi,Very Poor
23-11-2024,412,Delhi,Severe
24-11-2024,318,Delhi,Very Poor
25-11-2024,349,Delhi,Very Poor
26-11-2024,343,Delhi,Very Poor
27-11-2024,303,Delhi,Very Poor
28-11-2024,325,Delhi,Very Poor
29-11-2024,331,Delhi,Very Poor
30-11-2024,346,Delhi,Very Poor
01-12-2024,285,Delhi,Poor
02-12-2024,280,Delhi,Poor
03-12-2024,268,Delhi,Poor
04-12-2024,178,Delhi,Moderate
05-12-2024,165,Delhi,Moderate
06-12-2024,197,Delhi,Moderate
07-12-2024,233,Delhi,Poor
08-12-2024,302,Delhi,Very Poor
09-12-2024,186,Delhi,Moderate
10-12-2024,234,Delhi,Poor
11-12-2024,199,Delhi,Moderate
12-12-2024,288,Delhi,Poor
13-12-2024,262,Delhi,Poor
14-12-2024,193,Delhi,Moderate
15-12-2024,294,Delhi,Poor
16-12-2024,379,Delhi,Very Poor
17-12-2024,433,Delhi,Severe
18-12-2024,445,Delhi,Severe
19-12-2024,451,Delhi,Severe
20-12-2024,429,Delhi,Severe
21-12-2024,370,Delhi,Very Poor
22-12-2024,409,Delhi,Severe
23-12-2024,406,Delhi,Severe
24-12-2024,369,Delhi,Very Poor
25-12-2024,336,Delhi,Very Poor
26-12-2024,345,Delhi,Very Poor
27-12-2024,353,Delhi,Very Poor
28-12-2024,139,Delhi,Moderate
29-12-2024,225,Delhi,Poor
30-12-2024,173,Delhi,Moderate
31-12-2024,283,Delhi,Poor
01-01-2025,328,Delhi,Very Poor
02-01-2025,318,Delhi,Very Poor
03-01-2025,371,Delhi,Very Poor
04-01-2025,378,Delhi,Very Poor
05-01-2025,339,Delhi,Very Poor
06-01-2025,335,Delhi,Very Poor
07-01-2025,296,Delhi,Poor
08-01-2025,297,Delhi,Poor
09-01-2025,357,Delhi,Very Poor
10-01-2025,397,Delhi,Very Poor
11-01-2025,327,Delhi,Very Poor
12-01-2025,278,Delhi,Poor
13-01-2025,248,Delhi,Poor
14-01-2025,275,Delhi,Poor
15-01-2025,386,Delhi,Very Poor
16-01-2025,302,Delhi,Very Poor
17-01-2025,289,Delhi,Poor
18-01-2025,255,Delhi,Poor
19-01-2025,368,Delhi,Very Poor
20-01-2025,314,Delhi,Very Poor
21-01-2025,289,Delhi,Poor
22-01-2025,260,Delhi,Poor
23-01-2025,257,Delhi,Poor
24-01-2025,199,Delhi,Moderate
25-01-2025,174,Delhi,Moderate
26-01-2025,216,Delhi,Poor
27-01-2025,268,Delhi,Poor
28-01-2025,276,Delhi,Poor
29-01-2025,365,Delhi,Very Poor
30-01-2025,363,Delhi,Very Poor
31-01-2025,351,Delhi,Very Poor
01-02-2025,355,Delhi,Very Poor
02-02-2025,326,Delhi,Very Poor
03-02-2025,286,Delhi,Poor
04-02-2025,264,Delhi,Poor
05-02-2025,284,Delhi,Poor
06-02-2025,210,Delhi,Poor
07-02-2025,156,Delhi,Moderate
08-02-2025,152,Delhi,Moderate
09-02-2025,227,Delhi,Poor
10-02-2025,271,Delhi,Poor
11-02-2025,293,Delhi,Poor
12-02-2025,212,Delhi,Poor
13-02-2025,134,Delhi,Moderate
14-02-2025,131,Delhi,Moderate
15-02-2025,191,Delhi,Moderate
16-02-2025,294,Delhi,Poor
17-02-2025,231,Delhi,Poor
18-02-2025,209,Delhi,Poor
19-02-2025,180,Delhi,Moderate
20-02-2025,160,Delhi,Moderate
21-02-2025,158,Delhi,Moderate
22-02-2025,155,Delhi,Moderate
23-02-2025,144,Delhi,Moderate
24-02-2025,186,Delhi,Moderate
25-02-2025,208,Delhi,Poor
26-02-2025,247,Delhi,Poor
27-02-2025,215,Delhi,Poor
28-02-2025,121,Delhi,Moderate
01-03-2025,126,Delhi,Moderate
02-03-2025,125,Delhi,Moderate
03-03-2025,156,Delhi,Moderate
04-03-2025,148,Delhi,Moderate
05-03-2025,119,Delhi,Moderate
06-03-2025,124,Delhi,Moderate
07-03-2025,202,Delhi,Poor
08-03-2025,158,Delhi,Moderate
09-03-2025,209,Delhi,Poor
10-03-2025,197,Delhi,Moderate
11-03-2025,262,Delhi,Poor
12-03-2025,228,Delhi,Poor
13-03-2025,179,Delhi,Moderate
14-03-2025,198,Delhi,Moderate
15-03-2025,85,Delhi,Satisfactory
16-03-2025,99,Delhi,Satisfactory
17-03-2025,108,Delhi,Moderate
18-03-2025,145,Delhi,Moderate
19-03-2025,160,Delhi,Moderate
20-03-2025,156,Delhi,Moderate
21-03-2025,144,Delhi,Moderate
22-03-2025,161,Delhi,Moderate
23-03-2025,194,Delhi,Moderate
24-03-2025,206,Delhi,Poor
25-03-2025,234,Delhi,Poor
26-03-2025,231,Delhi,Poor
27-03-2025,259,Delhi,Poor
28-03-2025,205,Delhi,Poor
29-03-2025,153,Delhi,Moderate
30-03-2025,138,Delhi,Moderate
31-03-2025,160,Delhi,Moderate
01-01-2019,368,Kolkata,Very Poor
02-01-2019,338,Kolkata,Very Poor
03-01-2019,364,Kolkata,Very Poor
04-01-2019,408,Kolkata,Severe
05-01-2019,382,Kolkata,Very Poor
06-01-2019,308,Kolkata,Very Poor
07-01-2019,288,Kolkata,Poor
08-01-2019,310,Kolkata,Very Poor
09-01-2019,335,Kolkata,Very Poor
10-01-2019,364,Kolkata,Very Poor
11-01-2019,363,Kolkata,Very Poor
12-01-2019,402,Kolkata,Severe
13-01-2019,374,Kolkata,Very Poor
14-01-2019,402,Kolkata,Severe
15-01-2019,386,Kolkata,Very Poor
16-01-2019,314,Kolkata,Very Poor
17-01-2019,340,Kolkata,Very Poor
18-01-2019,364,Kolkata,Very Poor
19-01-2019,399,Kolkata,Very Poor
20-01-2019,396,Kolkata,Very Poor
21-01-2019,397,Kolkata,Very Poor
22-01-2019,410,Kolkata,Severe
23-01-2019,419,Kolkata,Severe
24-01-2019,373,Kolkata,Very Poor
25-01-2019,323,Kolkata,Very Poor
26-01-2019,284,Kolkata,Poor
27-01-2019,248,Kolkata,Poor
28-01-2019,245,Kolkata,Poor
29-01-2019,214,Kolkata,Poor
30-01-2019,237,Kolkata,Poor
31-01-2019,275,Kolkata,Poor
01-02-2019,328,Kolkata,Very Poor
02-02-2019,338,Kolkata,Very Poor
03-02-2019,338,Kolkata,Very Poor
04-02-2019,306,Kolkata,Very Poor
05-02-2019,322,Kolkata,Very Poor
06-02-2019,340,Kolkata,Very Poor
07-02-2019,332,Kolkata,Very Poor
08-02-2019,306,Kolkata,Very Poor
09-02-2019,262,Kolkata,Poor
10-02-2019,151,Kolkata,Moderate
11-02-2019,178,Kolkata,Moderate
12-02-2019,248,Kolkata,Poor
13-02-2019,264,Kolkata,Poor
14-02-2019,331,Kolkata,Very Poor
15-02-2019,344,Kolkata,Very Poor
16-02-2019,254,Kolkata,Poor
17-02-2019,212,Kolkata,Poor
18-02-2019,228,Kolkata,Poor
19-02-2019,298,Kolkata,Poor
20-02-2019,208,Kolkata,Poor
21-02-2019,298,Kolkata,Poor
22-02-2019,212,Kolkata,Poor
23-02-2019,226,Kolkata,Poor
24-02-2019,254,Kolkata,Poor
25-02-2019,186,Kolkata,Moderate
26-02-2019,123,Kolkata,Moderate
27-02-2019,64,Kolkata,Satisfactory
28-02-2019,68,Kolkata,Satisfactory
01-03-2019,167,Kolkata,Moderate
02-03-2019,174,Kolkata,Moderate
03-03-2019,224,Kolkata,Poor
04-03-2019,230,Kolkata,Poor
05-03-2019,90,Kolkata,Satisfactory
06-03-2019,150,Kolkata,Moderate
07-03-2019,212,Kolkata,Poor
08-03-2019,168,Kolkata,Moderate
09-03-2019,237,Kolkata,Poor
10-03-2019,218,Kolkata,Poor
11-03-2019,110,Kolkata,Moderate
12-03-2019,269,Kolkata,Poor
13-03-2019,144,Kolkata,Moderate
14-03-2019,205,Kolkata,Poor
15-03-2019,222,Kolkata,Poor
16-03-2019,100,Kolkata,Satisfactory
17-03-2019,144,Kolkata,Moderate
18-03-2019,98,Kolkata,Satisfactory
19-03-2019,124,Kolkata,Moderate
20-03-2019,122,Kolkata,Moderate
21-03-2019,130,Kolkata,Moderate
22-03-2019,91,Kolkata,Satisfactory
23-03-2019,117,Kolkata,Moderate
24-03-2019,228,Kolkata,Poor
25-03-2019,202,Kolkata,Poor
26-03-2019,204,Kolkata,Poor
27-03-2019,130,Kolkata,Moderate
28-03-2019,127,Kolkata,Moderate
29-03-2019,168,Kolkata,Moderate
30-03-2019,94,Kolkata,Satisfactory
31-03-2019,106,Kolkata,Moderate
01-04-2019,66,Kolkata,Satisfactory
02-04-2019,75,Kolkata,Satisfactory
03-04-2019,64,Kolkata,Satisfactory
04-04-2019,82,Kolkata,Satisfactory
05-04-2019,78,Kolkata,Satisfactory
06-04-2019,88,Kolkata,Satisfactory
07-04-2019,66,Kolkata,Satisfactory
08-04-2019,68,Kolkata,Satisfactory
09-04-2019,67,Kolkata,Satisfactory
10-04-2019,60,Kolkata,Satisfactory
11-04-2019,58,Kolkata,Satisfactory
12-04-2019,62,Kolkata,Satisfactory
13-04-2019,74,Kolkata,Satisfactory
14-04-2019,64,Kolkata,Satisfactory
15-04-2019,68,Kolkata,Satisfactory
16-04-2019,84,Kolkata,Satisfactory
17-04-2019,116,Kolkata,Moderate
18-04-2019,178,Kolkata,Moderate
19-04-2019,170,Kolkata,Moderate
20-04-2019,116,Kolkata,Moderate
21-04-2019,82,Kolkata,Satisfactory
22-04-2019,86,Kolkata,Satisfactory
23-04-2019,64,Kolkata,Satisfactory
24-04-2019,73,Kolkata,Satisfactory
25-04-2019,59,Kolkata,Satisfactory
26-04-2019,68,Kolkata,Satisfactory
27-04-2019,87,Kolkata,Satisfactory
28-04-2019,80,Kolkata,Satisfactory
29-04-2019,74,Kolkata,Satisfactory
30-04-2019,45,Kolkata,Good
01-05-2019,32,Kolkata,Good
02-05-2019,27,Kolkata,Good
03-05-2019,33,Kolkata,Good
04-05-2019,38,Kolkata,Good
05-05-2019,79,Kolkata,Satisfactory
06-05-2019,87,Kolkata,Satisfactory
07-05-2019,90,Kolkata,Satisfactory
08-05-2019,102,Kolkata,Moderate
09-05-2019,101,Kolkata,Moderate
10-05-2019,104,Kolkata,Moderate
11-05-2019,86,Kolkata,Satisfactory
12-05-2019,80,Kolkata,Satisfactory
15-05-2019,86,Kolkata,Satisfactory
16-05-2019,84,Kolkata,Satisfactory
17-05-2019,96,Kolkata,Satisfactory
18-05-2019,96,Kolkata,Satisfactory
19-05-2019,97,Kolkata,Satisfactory
20-05-2019,113,Kolkata,Moderate
21-05-2019,88,Kolkata,Satisfactory
22-05-2019,88,Kolkata,Satisfactory
23-05-2019,78,Kolkata,Satisfactory
24-05-2019,76,Kolkata,Satisfactory
25-05-2019,72,Kolkata,Satisfactory
26-05-2019,87,Kolkata,Satisfactory
27-05-2019,112,Kolkata,Moderate
28-05-2019,111,Kolkata,Moderate
29-05-2019,109,Kolkata,Moderate
30-05-2019,102,Kolkata,Moderate
31-05-2019,91,Kolkata,Satisfactory
01-06-2019,78,Kolkata,Satisfactory
02-06-2019,78,Kolkata,Satisfactory
03-06-2019,65,Kolkata,Satisfactory
04-06-2019,76,Kolkata,Satisfactory
05-06-2019,56,Kolkata,Satisfactory
06-06-2019,45,Kolkata,Good
07-06-2019,48,Kolkata,Good
08-06-2019,44,Kolkata,Good
09-06-2019,61,Kolkata,Satisfactory
10-06-2019,69,Kolkata,Satisfactory
11-06-2019,66,Kolkata,Satisfactory
12-06-2019,69,Kolkata,Satisfactory
13-06-2019,80,Kolkata,Satisfactory
14-06-2019,94,Kolkata,Satisfactory
15-06-2019,87,Kolkata,Satisfactory
16-06-2019,58,Kolkata,Satisfactory
17-06-2019,72,Kolkata,Satisfactory
18-06-2019,111,Kolkata,Moderate
19-06-2019,91,Kolkata,Satisfactory
20-06-2019,91,Kolkata,Satisfactory
21-06-2019,44,Kolkata,Good
22-06-2019,44,Kolkata,Good
23-06-2019,39,Kolkata,Good
24-06-2019,50,Kolkata,Good
25-06-2019,60,Kolkata,Satisfactory
26-06-2019,50,Kolkata,Good
27-06-2019,45,Kolkata,Good
28-06-2019,58,Kolkata,Satisfactory
29-06-2019,76,Kolkata,Satisfactory
30-06-2019,101,Kolkata,Moderate
01-07-2019,51,Kolkata,Satisfactory
02-07-2019,41,Kolkata,Good
03-07-2019,48,Kolkata,Good
04-07-2019,65,Kolkata,Satisfactory
05-07-2019,66,Kolkata,Satisfactory
06-07-2019,52,Kolkata,Satisfactory
07-07-2019,44,Kolkata,Good
08-07-2019,58,Kolkata,Satisfactory
09-07-2019,61,Kolkata,Satisfactory
10-07-2019,57,Kolkata,Satisfactory
11-07-2019,58,Kolkata,Satisfactory
12-07-2019,59,Kolkata,Satisfactory
13-07-2019,69,Kolkata,Satisfactory
14-07-2019,82,Kolkata,Satisfactory
15-07-2019,86,Kolkata,Satisfactory
16-07-2019,89,Kolkata,Satisfactory
17-07-2019,101,Kolkata,Moderate
18-07-2019,90,Kolkata,Satisfactory
19-07-2019,40,Kolkata,Good
20-07-2019,43,Kolkata,Good
21-07-2019,52,Kolkata,Satisfactory
22-07-2019,48,Kolkata,Good
23-07-2019,42,Kolkata,Good
24-07-2019,38,Kolkata,Good
25-07-2019,63,Kolkata,Satisfactory
26-07-2019,63,Kolkata,Satisfactory
27-07-2019,52,Kolkata,Satisfactory
28-07-2019,33,Kolkata,Good
29-07-2019,29,Kolkata,Good
30-07-2019,41,Kolkata,Good
31-07-2019,51,Kolkata,Satisfactory
01-08-2019,51,Kolkata,Satisfactory
02-08-2019,37,Kolkata,Good
03-08-2019,46,Kolkata,Good
04-08-2019,64,Kolkata,Satisfactory
05-08-2019,72,Kolkata,Satisfactory
06-08-2019,56,Kolkata,Satisfactory
07-08-2019,35,Kolkata,Good
08-08-2019,30,Kolkata,Good
09-08-2019,40,Kolkata,Good
10-08-2019,60,Kolkata,Satisfactory
11-08-2019,93,Kolkata,Satisfactory
12-08-2019,61,Kolkata,Satisfactory
13-08-2019,23,Kolkata,Good
14-08-2019,47,Kolkata,Good
15-08-2019,50,Kolkata,Good
16-08-2019,53,Kolkata,Satisfactory
17-08-2019,31,Kolkata,Good
18-08-2019,41,Kolkata,Good
19-08-2019,31,Kolkata,Good
20-08-2019,41,Kolkata,Good
21-08-2019,58,Kolkata,Satisfactory
22-08-2019,64,Kolkata,Satisfactory
23-08-2019,43,Kolkata,Good
24-08-2019,38,Kolkata,Good
25-08-2019,38,Kolkata,Good
26-08-2019,37,Kolkata,Good
27-08-2019,37,Kolkata,Good
28-08-2019,45,Kolkata,Good
29-08-2019,34,Kolkata,Good
30-08-2019,37,Kolkata,Good
31-08-2019,36,Kolkata,Good
01-09-2019,43,Kolkata,Good
02-09-2019,41,Kolkata,Good
03-09-2019,25,Kolkata,Good
04-09-2019,27,Kolkata,Good
05-09-2019,26,Kolkata,Good
06-09-2019,28,Kolkata,Good
07-09-2019,26,Kolkata,Good
08-09-2019,27,Kolkata,Good
09-09-2019,38,Kolkata,Good
10-09-2019,48,Kolkata,Good
11-09-2019,38,Kolkata,Good
12-09-2019,37,Kolkata,Good
13-09-2019,43,Kolkata,Good
14-09-2019,58,Kolkata,Satisfactory
15-09-2019,70,Kolkata,Satisfactory
16-09-2019,49,Kolkata,Good
17-09-2019,40,Kolkata,Good
18-09-2019,31,Kolkata,Good
19-09-2019,24,Kolkata,Good
20-09-2019,42,Kolkata,Good
21-09-2019,59,Kolkata,Satisfactory
22-09-2019,51,Kolkata,Satisfactory
23-09-2019,40,Kolkata,Good
24-09-2019,22,Kolkata,Good
25-09-2019,31,Kolkata,Good
26-09-2019,41,Kolkata,Good
27-09-2019,34,Kolkata,Good
28-09-2019,37,Kolkata,Good
29-09-2019,32,Kolkata,Good
30-09-2019,31,Kolkata,Good
01-10-2019,50,Kolkata,Good
02-10-2019,104,Kolkata,Moderate
03-10-2019,73,Kolkata,Satisfactory
04-10-2019,65,Kolkata,Satisfactory
05-10-2019,66,Kolkata,Satisfactory
06-10-2019,86,Kolkata,Satisfactory
07-10-2019,73,Kolkata,Satisfactory
08-10-2019,70,Kolkata,Satisfactory
09-10-2019,45,Kolkata,Good
10-10-2019,58,Kolkata,Satisfactory
11-10-2019,70,Kolkata,Satisfactory
12-10-2019,95,Kolkata,Satisfactory
13-10-2019,114,Kolkata,Moderate
14-10-2019,150,Kolkata,Moderate
15-10-2019,134,Kolkata,Moderate
16-10-2019,136,Kolkata,Moderate
17-10-2019,76,Kolkata,Satisfactory
18-10-2019,157,Kolkata,Moderate
19-10-2019,140,Kolkata,Moderate
20-10-2019,122,Kolkata,Moderate
21-10-2019,196,Kolkata,Moderate
22-10-2019,167,Kolkata,Moderate
23-10-2019,178,Kolkata,Moderate
24-10-2019,94,Kolkata,Satisfactory
25-10-2019,47,Kolkata,Good
26-10-2019,52,Kolkata,Satisfactory
27-10-2019,125,Kolkata,Moderate
28-10-2019,160,Kolkata,Moderate
29-10-2019,219,Kolkata,Poor
30-10-2019,205,Kolkata,Poor
31-10-2019,244,Kolkata,Poor
01-11-2019,231,Kolkata,Poor
02-11-2019,180,Kolkata,Moderate
03-11-2019,141,Kolkata,Moderate
04-11-2019,135,Kolkata,Moderate
05-11-2019,208,Kolkata,Poor
06-11-2019,331,Kolkata,Very Poor
07-11-2019,215,Kolkata,Poor
08-11-2019,154,Kolkata,Moderate
09-11-2019,51,Kolkata,Satisfactory
10-11-2019,41,Kolkata,Good
11-11-2019,65,Kolkata,Satisfactory
12-11-2019,170,Kolkata,Moderate
13-11-2019,231,Kolkata,Poor
14-11-2019,187,Kolkata,Moderate
15-11-2019,184,Kolkata,Moderate
16-11-2019,178,Kolkata,Moderate
17-11-2019,204,Kolkata,Poor
18-11-2019,219,Kolkata,Poor
19-11-2019,229,Kolkata,Poor
20-11-2019,205,Kolkata,Poor
21-11-2019,202,Kolkata,Poor
22-11-2019,195,Kolkata,Moderate
23-11-2019,241,Kolkata,Poor
24-11-2019,290,Kolkata,Poor
25-11-2019,259,Kolkata,Poor
26-11-2019,267,Kolkata,Poor
27-11-2019,253,Kolkata,Poor
28-11-2019,181,Kolkata,Moderate
29-11-2019,193,Kolkata,Moderate
30-11-2019,227,Kolkata,Poor
01-12-2019,204,Kolkata,Poor
02-12-2019,180,Kolkata,Moderate
03-12-2019,207,Kolkata,Poor
04-12-2019,234,Kolkata,Poor
05-12-2019,194,Kolkata,Moderate
06-12-2019,177,Kolkata,Moderate
07-12-2019,137,Kolkata,Moderate
08-12-2019,182,Kolkata,Moderate
09-12-2019,114,Kolkata,Moderate
10-12-2019,135,Kolkata,Moderate
11-12-2019,156,Kolkata,Moderate
12-12-2019,135,Kolkata,Moderate
13-12-2019,214,Kolkata,Poor
14-12-2019,262,Kolkata,Poor
15-12-2019,239,Kolkata,Poor
16-12-2019,152,Kolkata,Moderate
17-12-2019,128,Kolkata,Moderate
18-12-2019,145,Kolkata,Moderate
19-12-2019,149,Kolkata,Moderate
20-12-2019,172,Kolkata,Moderate
21-12-2019,258,Kolkata,Poor
22-12-2019,234,Kolkata,Poor
23-12-2019,268,Kolkata,Poor
24-12-2019,300,Kolkata,Poor
25-12-2019,240,Kolkata,Poor
26-12-2019,256,Kolkata,Poor
27-12-2019,150,Kolkata,Moderate
28-12-2019,274,Kolkata,Poor
29-12-2019,222,Kolkata,Poor
30-12-2019,243,Kolkata,Poor
31-12-2019,262,Kolkata,Poor
01-01-2020,260,Kolkata,Poor
02-01-2020,249,Kolkata,Poor
03-01-2020,166,Kolkata,Moderate
04-01-2020,78,Kolkata,Satisfactory
05-01-2020,178,Kolkata,Moderate
06-01-2020,209,Kolkata,Poor
07-01-2020,206,Kolkata,Poor
08-01-2020,255,Kolkata,Poor
09-01-2020,177,Kolkata,Moderate
10-01-2020,172,Kolkata,Moderate
11-01-2020,152,Kolkata,Moderate
12-01-2020,188,Kolkata,Moderate
13-01-2020,178,Kolkata,Moderate
14-01-2020,270,Kolkata,Poor
15-01-2020,326,Kolkata,Very Poor
16-01-2020,321,Kolkata,Very Poor
17-01-2020,252,Kolkata,Poor
18-01-2020,191,Kolkata,Moderate
19-01-2020,181,Kolkata,Moderate
20-01-2020,132,Kolkata,Moderate
21-01-2020,177,Kolkata,Moderate
22-01-2020,232,Kolkata,Poor
23-01-2020,252,Kolkata,Poor
24-01-2020,226,Kolkata,Poor
25-01-2020,148,Kolkata,Moderate
26-01-2020,222,Kolkata,Poor
27-01-2020,214,Kolkata,Poor
28-01-2020,275,Kolkata,Poor
29-01-2020,145,Kolkata,Moderate
30-01-2020,106,Kolkata,Moderate
31-01-2020,173,Kolkata,Moderate
01-02-2020,148,Kolkata,Moderate
02-02-2020,168,Kolkata,Moderate
03-02-2020,156,Kolkata,Moderate
04-02-2020,176,Kolkata,Moderate
05-02-2020,242,Kolkata,Poor
06-02-2020,150,Kolkata,Moderate
07-02-2020,182,Kolkata,Moderate
08-02-2020,180,Kolkata,Moderate
09-02-2020,239,Kolkata,Poor
10-02-2020,182,Kolkata,Moderate
11-02-2020,227,Kolkata,Poor
12-02-2020,228,Kolkata,Poor
13-02-2020,233,Kolkata,Poor
14-02-2020,243,Kolkata,Poor
15-02-2020,168,Kolkata,Moderate
16-02-2020,220,Kolkata,Poor
17-02-2020,220,Kolkata,Poor
18-02-2020,194,Kolkata,Moderate
19-02-2020,187,Kolkata,Moderate
20-02-2020,150,Kolkata,Moderate
21-02-2020,184,Kolkata,Moderate
22-02-2020,240,Kolkata,Poor
23-02-2020,221,Kolkata,Poor
24-02-2020,206,Kolkata,Poor
25-02-2020,213,Kolkata,Poor
26-02-2020,91,Kolkata,Satisfactory
27-02-2020,71,Kolkata,Satisfactory
28-02-2020,158,Kolkata,Moderate
01-03-2020,202,Kolkata,Poor
02-03-2020,217,Kolkata,Poor
03-03-2020,190,Kolkata,Moderate
04-03-2020,102,Kolkata,Moderate
05-03-2020,74,Kolkata,Satisfactory
06-03-2020,80,Kolkata,Satisfactory
07-03-2020,59,Kolkata,Satisfactory
08-03-2020,78,Kolkata,Satisfactory
09-03-2020,138,Kolkata,Moderate
10-03-2020,167,Kolkata,Moderate
11-03-2020,124,Kolkata,Moderate
12-03-2020,118,Kolkata,Moderate
13-03-2020,108,Kolkata,Moderate
14-03-2020,141,Kolkata,Moderate
15-03-2020,85,Kolkata,Satisfactory
16-03-2020,108,Kolkata,Moderate
17-03-2020,147,Kolkata,Moderate
18-03-2020,173,Kolkata,Moderate
19-03-2020,216,Kolkata,Poor
20-03-2020,123,Kolkata,Moderate
21-03-2020,128,Kolkata,Moderate
22-03-2020,76,Kolkata,Satisfactory
23-03-2020,108,Kolkata,Moderate
24-03-2020,81,Kolkata,Satisfactory
25-03-2020,97,Kolkata,Satisfactory
26-03-2020,86,Kolkata,Satisfactory
27-03-2020,116,Kolkata,Moderate
28-03-2020,102,Kolkata,Moderate
29-03-2020,102,Kolkata,Moderate
30-03-2020,112,Kolkata,Moderate
31-03-2020,112,Kolkata,Moderate
01-04-2020,137,Kolkata,Moderate
02-04-2020,101,Kolkata,Moderate
03-04-2020,109,Kolkata,Moderate
04-04-2020,146,Kolkata,Moderate
05-04-2020,95,Kolkata,Satisfactory
06-04-2020,82,Kolkata,Satisfactory
07-04-2020,91,Kolkata,Satisfactory
08-04-2020,75,Kolkata,Satisfactory
09-04-2020,91,Kolkata,Satisfactory
10-04-2020,68,Kolkata,Satisfactory
11-04-2020,61,Kolkata,Satisfactory
12-04-2020,57,Kolkata,Satisfactory
13-04-2020,56,Kolkata,Satisfactory
14-04-2020,53,Kolkata,Satisfactory
15-04-2020,53,Kolkata,Satisfactory
16-04-2020,67,Kolkata,Satisfactory
17-04-2020,53,Kolkata,Satisfactory
18-04-2020,40,Kolkata,Good
19-04-2020,62,Kolkata,Satisfactory
20-04-2020,40,Kolkata,Good
21-04-2020,49,Kolkata,Good
22-04-2020,50,Kolkata,Good
23-04-2020,32,Kolkata,Good
24-04-2020,34,Kolkata,Good
25-04-2020,51,Kolkata,Satisfactory
26-04-2020,56,Kolkata,Satisfactory
27-04-2020,36,Kolkata,Good
28-04-2020,39,Kolkata,Good
29-04-2020,49,Kolkata,Good
30-04-2020,48,Kolkata,Good
01-05-2020,49,Kolkata,Good
02-05-2020,44,Kolkata,Good
03-05-2020,56,Kolkata,Satisfactory
04-05-2020,48,Kolkata,Good
05-05-2020,47,Kolkata,Good
06-05-2020,52,Kolkata,Satisfactory
07-05-2020,51,Kolkata,Satisfactory
08-05-2020,53,Kolkata,Satisfactory
09-05-2020,65,Kolkata,Satisfactory
10-05-2020,56,Kolkata,Satisfactory
11-05-2020,68,Kolkata,Satisfactory
12-05-2020,100,Kolkata,Satisfactory
13-05-2020,57,Kolkata,Satisfactory
14-05-2020,47,Kolkata,Good
15-05-2020,37,Kolkata,Good
16-05-2020,42,Kolkata,Good
17-05-2020,44,Kolkata,Good
18-05-2020,36,Kolkata,Good
19-05-2020,27,Kolkata,Good
20-05-2020,29,Kolkata,Good
21-05-2020,33,Kolkata,Good
22-05-2020,44,Kolkata,Good
23-05-2020,58,Kolkata,Satisfactory
24-05-2020,50,Kolkata,Good
25-05-2020,47,Kolkata,Good
26-05-2020,46,Kolkata,Good
27-05-2020,40,Kolkata,Good
28-05-2020,42,Kolkata,Good
29-05-2020,51,Kolkata,Satisfactory
30-05-2020,47,Kolkata,Good
31-05-2020,50,Kolkata,Good
01-06-2020,38,Kolkata,Good
02-06-2020,43,Kolkata,Good
03-06-2020,49,Kolkata,Good
04-06-2020,42,Kolkata,Good
05-06-2020,33,Kolkata,Good
06-06-2020,49,Kolkata,Good
07-06-2020,57,Kolkata,Satisfactory
08-06-2020,47,Kolkata,Good
09-06-2020,46,Kolkata,Good
10-06-2020,37,Kolkata,Good
11-06-2020,26,Kolkata,Good
12-06-2020,31,Kolkata,Good
13-06-2020,33,Kolkata,Good
14-06-2020,30,Kolkata,Good
15-06-2020,31,Kolkata,Good
16-06-2020,37,Kolkata,Good
17-06-2020,39,Kolkata,Good
18-06-2020,40,Kolkata,Good
19-06-2020,44,Kolkata,Good
20-06-2020,42,Kolkata,Good
21-06-2020,34,Kolkata,Good
22-06-2020,39,Kolkata,Good
23-06-2020,43,Kolkata,Good
24-06-2020,51,Kolkata,Satisfactory
25-06-2020,45,Kolkata,Good
26-06-2020,36,Kolkata,Good
27-06-2020,30,Kolkata,Good
28-06-2020,30,Kolkata,Good
29-06-2020,37,Kolkata,Good
30-06-2020,41,Kolkata,Good
01-07-2020,44,Kolkata,Good
02-07-2020,41,Kolkata,Good
03-07-2020,40,Kolkata,Good
04-07-2020,27,Kolkata,Good
05-07-2020,30,Kolkata,Good
06-07-2020,34,Kolkata,Good
07-07-2020,36,Kolkata,Good
08-07-2020,54,Kolkata,Satisfactory
09-07-2020,51,Kolkata,Satisfactory
10-07-2020,40,Kolkata,Good
11-07-2020,41,Kolkata,Good
12-07-2020,49,Kolkata,Good
13-07-2020,40,Kolkata,Good
14-07-2020,50,Kolkata,Good
15-07-2020,28,Kolkata,Good
16-07-2020,29,Kolkata,Good
17-07-2020,27,Kolkata,Good
18-07-2020,40,Kolkata,Good
19-07-2020,36,Kolkata,Good
20-07-2020,34,Kolkata,Good
21-07-2020,44,Kolkata,Good
22-07-2020,40,Kolkata,Good
23-07-2020,44,Kolkata,Good
24-07-2020,39,Kolkata,Good
25-07-2020,47,Kolkata,Good
26-07-2020,51,Kolkata,Satisfactory
27-07-2020,56,Kolkata,Satisfactory
28-07-2020,68,Kolkata,Satisfactory
29-07-2020,45,Kolkata,Good
30-07-2020,35,Kolkata,Good
31-07-2020,33,Kolkata,Good
01-08-2020,33,Kolkata,Good
02-08-2020,43,Kolkata,Good
03-08-2020,79,Kolkata,Satisfactory
04-08-2020,66,Kolkata,Satisfactory
05-08-2020,39,Kolkata,Good
06-08-2020,36,Kolkata,Good
07-08-2020,51,Kolkata,Satisfactory
08-08-2020,54,Kolkata,Satisfactory
09-08-2020,42,Kolkata,Good
10-08-2020,33,Kolkata,Good
11-08-2020,48,Kolkata,Good
12-08-2020,49,Kolkata,Good
13-08-2020,33,Kolkata,Good
14-08-2020,32,Kolkata,Good
15-08-2020,42,Kolkata,Good
16-08-2020,46,Kolkata,Good
17-08-2020,35,Kolkata,Good
18-08-2020,46,Kolkata,Good
19-08-2020,33,Kolkata,Good
20-08-2020,34,Kolkata,Good
21-08-2020,34,Kolkata,Good
22-08-2020,49,Kolkata,Good
23-08-2020,50,Kolkata,Good
24-08-2020,52,Kolkata,Satisfactory
25-08-2020,60,Kolkata,Satisfactory
26-08-2020,38,Kolkata,Good
27-08-2020,31,Kolkata,Good
28-08-2020,42,Kolkata,Good
29-08-2020,56,Kolkata,Satisfactory
30-08-2020,54,Kolkata,Satisfactory
31-08-2020,60,Kolkata,Satisfactory
01-09-2020,56,Kolkata,Satisfactory
02-09-2020,45,Kolkata,Good
03-09-2020,37,Kolkata,Good
04-09-2020,45,Kolkata,Good
05-09-2020,47,Kolkata,Good
06-09-2020,44,Kolkata,Good
07-09-2020,39,Kolkata,Good
08-09-2020,34,Kolkata,Good
09-09-2020,57,Kolkata,Satisfactory
10-09-2020,47,Kolkata,Good
11-09-2020,36,Kolkata,Good
12-09-2020,26,Kolkata,Good
13-09-2020,36,Kolkata,Good
14-09-2020,31,Kolkata,Good
15-09-2020,35,Kolkata,Good
16-09-2020,39,Kolkata,Good
17-09-2020,48,Kolkata,Good
18-09-2020,43,Kolkata,Good
19-09-2020,53,Kolkata,Satisfactory
20-09-2020,56,Kolkata,Satisfactory
21-09-2020,33,Kolkata,Good
22-09-2020,39,Kolkata,Good
23-09-2020,34,Kolkata,Good
24-09-2020,41,Kolkata,Good
25-09-2020,48,Kolkata,Good
26-09-2020,49,Kolkata,Good
27-09-2020,72,Kolkata,Satisfactory
28-09-2020,92,Kolkata,Satisfactory
29-09-2020,69,Kolkata,Satisfactory
30-09-2020,47,Kolkata,Good
01-10-2020,43,Kolkata,Good
02-10-2020,41,Kolkata,Good
03-10-2020,38,Kolkata,Good
04-10-2020,46,Kolkata,Good
05-10-2020,42,Kolkata,Good
06-10-2020,40,Kolkata,Good
07-10-2020,40,Kolkata,Good
08-10-2020,48,Kolkata,Good
09-10-2020,72,Kolkata,Satisfactory
10-10-2020,100,Kolkata,Satisfactory
11-10-2020,73,Kolkata,Satisfactory
12-10-2020,74,Kolkata,Satisfactory
13-10-2020,84,Kolkata,Satisfactory
14-10-2020,43,Kolkata,Good
15-10-2020,38,Kolkata,Good
16-10-2020,62,Kolkata,Satisfactory
17-10-2020,112,Kolkata,Moderate
18-10-2020,120,Kolkata,Moderate
19-10-2020,61,Kolkata,Satisfactory
20-10-2020,125,Kolkata,Moderate
21-10-2020,48,Kolkata,Good
22-10-2020,31,Kolkata,Good
23-10-2020,32,Kolkata,Good
24-10-2020,42,Kolkata,Good
25-10-2020,66,Kolkata,Satisfactory
26-10-2020,152,Kolkata,Moderate
27-10-2020,144,Kolkata,Moderate
28-10-2020,178,Kolkata,Moderate
29-10-2020,145,Kolkata,Moderate
30-10-2020,102,Kolkata,Moderate
31-10-2020,114,Kolkata,Moderate
01-11-2020,53,Kolkata,Satisfactory
02-11-2020,40,Kolkata,Good
03-11-2020,134,Kolkata,Moderate
04-11-2020,248,Kolkata,Poor
05-11-2020,243,Kolkata,Poor
06-11-2020,238,Kolkata,Poor
07-11-2020,221,Kolkata,Poor
08-11-2020,248,Kolkata,Poor
09-11-2020,158,Kolkata,Moderate
10-11-2020,120,Kolkata,Moderate
11-11-2020,100,Kolkata,Satisfactory
12-11-2020,104,Kolkata,Moderate
13-11-2020,115,Kolkata,Moderate
14-11-2020,148,Kolkata,Moderate
15-11-2020,187,Kolkata,Moderate
16-11-2020,181,Kolkata,Moderate
17-11-2020,222,Kolkata,Poor
18-11-2020,266,Kolkata,Poor
19-11-2020,149,Kolkata,Moderate
20-11-2020,130,Kolkata,Moderate
21-11-2020,190,Kolkata,Moderate
22-11-2020,233,Kolkata,Poor
23-11-2020,173,Kolkata,Moderate
24-11-2020,219,Kolkata,Poor
25-11-2020,205,Kolkata,Poor
26-11-2020,214,Kolkata,Poor
27-11-2020,186,Kolkata,Moderate
28-11-2020,129,Kolkata,Moderate
29-11-2020,228,Kolkata,Poor
30-11-2020,210,Kolkata,Poor
01-12-2020,265,Kolkata,Poor
02-12-2020,289,Kolkata,Poor
03-12-2020,304,Kolkata,Very Poor
04-12-2020,322,Kolkata,Very Poor
05-12-2020,280,Kolkata,Poor
06-12-2020,260,Kolkata,Poor
07-12-2020,203,Kolkata,Poor
08-12-2020,292,Kolkata,Poor
09-12-2020,326,Kolkata,Very Poor
10-12-2020,310,Kolkata,Very Poor
11-12-2020,251,Kolkata,Poor
12-12-2020,310,Kolkata,Very Poor
13-12-2020,282,Kolkata,Poor
14-12-2020,306,Kolkata,Very Poor
15-12-2020,244,Kolkata,Poor
16-12-2020,229,Kolkata,Poor
17-12-2020,258,Kolkata,Poor
18-12-2020,222,Kolkata,Poor
19-12-2020,203,Kolkata,Poor
20-12-2020,282,Kolkata,Poor
21-12-2020,321,Kolkata,Very Poor
22-12-2020,355,Kolkata,Very Poor
23-12-2020,336,Kolkata,Very Poor
24-12-2020,271,Kolkata,Poor
25-12-2020,275,Kolkata,Poor
26-12-2020,285,Kolkata,Poor
27-12-2020,285,Kolkata,Poor
28-12-2020,301,Kolkata,Very Poor
29-12-2020,347,Kolkata,Very Poor
30-12-2020,321,Kolkata,Very Poor
31-12-2020,274,Kolkata,Poor
01-01-2021,267,Kolkata,Poor
02-01-2021,297,Kolkata,Poor
03-01-2021,332,Kolkata,Very Poor
04-01-2021,302,Kolkata,Very Poor
05-01-2021,241,Kolkata,Poor
06-01-2021,284,Kolkata,Poor
07-01-2021,304,Kolkata,Very Poor
08-01-2021,261,Kolkata,Poor
09-01-2021,173,Kolkata,Moderate
10-01-2021,212,Kolkata,Poor
11-01-2021,207,Kolkata,Poor
12-01-2021,174,Kolkata,Moderate
13-01-2021,215,Kolkata,Poor
14-01-2021,246,Kolkata,Poor
15-01-2021,263,Kolkata,Poor
16-01-2021,300,Kolkata,Poor
17-01-2021,327,Kolkata,Very Poor
18-01-2021,298,Kolkata,Poor
19-01-2021,341,Kolkata,Very Poor
20-01-2021,211,Kolkata,Poor
21-01-2021,295,Kolkata,Poor
22-01-2021,249,Kolkata,Poor
23-01-2021,274,Kolkata,Poor
24-01-2021,268,Kolkata,Poor
25-01-2021,290,Kolkata,Poor
26-01-2021,286,Kolkata,Poor
27-01-2021,284,Kolkata,Poor
28-01-2021,242,Kolkata,Poor
29-01-2021,268,Kolkata,Poor
30-01-2021,285,Kolkata,Poor
31-01-2021,302,Kolkata,Very Poor
01-02-2021,281,Kolkata,Poor
02-02-2021,285,Kolkata,Poor
03-02-2021,286,Kolkata,Poor
04-02-2021,301,Kolkata,Very Poor
05-02-2021,271,Kolkata,Poor
06-02-2021,277,Kolkata,Poor
07-02-2021,125,Kolkata,Moderate
08-02-2021,170,Kolkata,Moderate
09-02-2021,228,Kolkata,Poor
10-02-2021,258,Kolkata,Poor
11-02-2021,239,Kolkata,Poor
12-02-2021,203,Kolkata,Poor
13-02-2021,220,Kolkata,Poor
14-02-2021,203,Kolkata,Poor
15-02-2021,138,Kolkata,Moderate
16-02-2021,209,Kolkata,Poor
17-02-2021,230,Kolkata,Poor
18-02-2021,256,Kolkata,Poor
19-02-2021,241,Kolkata,Poor
20-02-2021,247,Kolkata,Poor
21-02-2021,259,Kolkata,Poor
22-02-2021,261,Kolkata,Poor
23-02-2021,252,Kolkata,Poor
24-02-2021,194,Kolkata,Moderate
25-02-2021,251,Kolkata,Poor
26-02-2021,174,Kolkata,Moderate
27-02-2021,160,Kolkata,Moderate
28-02-2021,134,Kolkata,Moderate
01-03-2021,120,Kolkata,Moderate
02-03-2021,148,Kolkata,Moderate
03-03-2021,157,Kolkata,Moderate
04-03-2021,231,Kolkata,Poor
05-03-2021,148,Kolkata,Moderate
06-03-2021,150,Kolkata,Moderate
07-03-2021,188,Kolkata,Moderate
08-03-2021,133,Kolkata,Moderate
09-03-2021,84,Kolkata,Satisfactory
10-03-2021,65,Kolkata,Satisfactory
11-03-2021,68,Kolkata,Satisfactory
12-03-2021,79,Kolkata,Satisfactory
13-03-2021,149,Kolkata,Moderate
14-03-2021,142,Kolkata,Moderate
15-03-2021,158,Kolkata,Moderate
16-03-2021,126,Kolkata,Moderate
17-03-2021,194,Kolkata,Moderate
18-03-2021,151,Kolkata,Moderate
19-03-2021,223,Kolkata,Poor
20-03-2021,244,Kolkata,Poor
21-03-2021,201,Kolkata,Poor
22-03-2021,227,Kolkata,Poor
23-03-2021,222,Kolkata,Poor
24-03-2021,181,Kolkata,Moderate
25-03-2021,212,Kolkata,Poor
26-03-2021,197,Kolkata,Moderate
27-03-2021,166,Kolkata,Moderate
28-03-2021,175,Kolkata,Moderate
29-03-2021,105,Kolkata,Moderate
30-03-2021,106,Kolkata,Moderate
31-03-2021,196,Kolkata,Moderate
01-04-2021,171,Kolkata,Moderate
02-04-2021,133,Kolkata,Moderate
03-04-2021,113,Kolkata,Moderate
04-04-2021,114,Kolkata,Moderate
05-04-2021,115,Kolkata,Moderate
06-04-2021,104,Kolkata,Moderate
07-04-2021,90,Kolkata,Satisfactory
08-04-2021,90,Kolkata,Satisfactory
09-04-2021,84,Kolkata,Satisfactory
10-04-2021,99,Kolkata,Satisfactory
11-04-2021,86,Kolkata,Satisfactory
12-04-2021,101,Kolkata,Moderate
13-04-2021,78,Kolkata,Satisfactory
14-04-2021,76,Kolkata,Satisfactory
15-04-2021,74,Kolkata,Satisfactory
16-04-2021,96,Kolkata,Satisfactory
17-04-2021,72,Kolkata,Satisfactory
18-04-2021,64,Kolkata,Satisfactory
19-04-2021,109,Kolkata,Moderate
20-04-2021,73,Kolkata,Satisfactory
21-04-2021,70,Kolkata,Satisfactory
22-04-2021,76,Kolkata,Satisfactory
23-04-2021,136,Kolkata,Moderate
24-04-2021,150,Kolkata,Moderate
25-04-2021,115,Kolkata,Moderate
26-04-2021,102,Kolkata,Moderate
27-04-2021,123,Kolkata,Moderate
28-04-2021,86,Kolkata,Satisfactory
29-04-2021,76,Kolkata,Satisfactory
30-04-2021,94,Kolkata,Satisfactory
01-05-2021,101,Kolkata,Moderate
02-05-2021,77,Kolkata,Satisfactory
03-05-2021,110,Kolkata,Moderate
04-05-2021,65,Kolkata,Satisfactory
05-05-2021,71,Kolkata,Satisfactory
06-05-2021,66,Kolkata,Satisfactory
07-05-2021,60,Kolkata,Satisfactory
08-05-2021,70,Kolkata,Satisfactory
09-05-2021,49,Kolkata,Good
10-05-2021,53,Kolkata,Satisfactory
11-05-2021,42,Kolkata,Good
12-05-2021,48,Kolkata,Good
13-05-2021,58,Kolkata,Satisfactory
14-05-2021,80,Kolkata,Satisfactory
15-05-2021,56,Kolkata,Satisfactory
16-05-2021,39,Kolkata,Good
17-05-2021,37,Kolkata,Good
18-05-2021,43,Kolkata,Good
19-05-2021,40,Kolkata,Good
20-05-2021,38,Kolkata,Good
21-05-2021,41,Kolkata,Good
22-05-2021,47,Kolkata,Good
23-05-2021,57,Kolkata,Satisfactory
24-05-2021,69,Kolkata,Satisfactory
25-05-2021,41,Kolkata,Good
26-05-2021,45,Kolkata,Good
27-05-2021,49,Kolkata,Good
28-05-2021,48,Kolkata,Good
29-05-2021,66,Kolkata,Satisfactory
30-05-2021,64,Kolkata,Satisfactory
31-05-2021,101,Kolkata,Moderate
01-06-2021,52,Kolkata,Satisfactory
02-06-2021,50,Kolkata,Good
03-06-2021,49,Kolkata,Good
04-06-2021,51,Kolkata,Satisfactory
05-06-2021,68,Kolkata,Satisfactory
06-06-2021,64,Kolkata,Satisfactory
07-06-2021,50,Kolkata,Good
08-06-2021,45,Kolkata,Good
09-06-2021,54,Kolkata,Satisfactory
10-06-2021,61,Kolkata,Satisfactory
11-06-2021,46,Kolkata,Good
12-06-2021,46,Kolkata,Good
13-06-2021,36,Kolkata,Good
14-06-2021,39,Kolkata,Good
15-06-2021,36,Kolkata,Good
16-06-2021,45,Kolkata,Good
17-06-2021,56,Kolkata,Satisfactory
18-06-2021,39,Kolkata,Good
19-06-2021,43,Kolkata,Good
20-06-2021,57,Kolkata,Satisfactory
21-06-2021,51,Kolkata,Satisfactory
22-06-2021,60,Kolkata,Satisfactory
23-06-2021,51,Kolkata,Satisfactory
24-06-2021,53,Kolkata,Satisfactory
25-06-2021,65,Kolkata,Satisfactory
26-06-2021,55,Kolkata,Satisfactory
27-06-2021,51,Kolkata,Satisfactory
28-06-2021,48,Kolkata,Good
29-06-2021,45,Kolkata,Good
30-06-2021,60,Kolkata,Satisfactory
01-07-2021,54,Kolkata,Satisfactory
02-07-2021,49,Kolkata,Good
03-07-2021,50,Kolkata,Good
04-07-2021,56,Kolkata,Satisfactory
05-07-2021,52,Kolkata,Satisfactory
06-07-2021,97,Kolkata,Satisfactory
07-07-2021,78,Kolkata,Satisfactory
08-07-2021,44,Kolkata,Good
09-07-2021,67,Kolkata,Satisfactory
10-07-2021,67,Kolkata,Satisfactory
11-07-2021,44,Kolkata,Good
12-07-2021,33,Kolkata,Good
13-07-2021,33,Kolkata,Good
14-07-2021,36,Kolkata,Good
15-07-2021,38,Kolkata,Good
16-07-2021,45,Kolkata,Good
17-07-2021,47,Kolkata,Good
18-07-2021,42,Kolkata,Good
19-07-2021,44,Kolkata,Good
20-07-2021,51,Kolkata,Satisfactory
21-07-2021,114,Kolkata,Moderate
22-07-2021,38,Kolkata,Good
23-07-2021,32,Kolkata,Good
24-07-2021,34,Kolkata,Good
25-07-2021,56,Kolkata,Satisfactory
26-07-2021,65,Kolkata,Satisfactory
27-07-2021,62,Kolkata,Satisfactory
28-07-2021,51,Kolkata,Satisfactory
29-07-2021,40,Kolkata,Good
30-07-2021,33,Kolkata,Good
31-07-2021,46,Kolkata,Good
01-08-2021,56,Kolkata,Satisfactory
02-08-2021,62,Kolkata,Satisfactory
03-08-2021,69,Kolkata,Satisfactory
04-08-2021,95,Kolkata,Satisfactory
05-08-2021,60,Kolkata,Satisfactory
06-08-2021,80,Kolkata,Satisfactory
07-08-2021,63,Kolkata,Satisfactory
08-08-2021,49,Kolkata,Good
09-08-2021,53,Kolkata,Satisfactory
10-08-2021,67,Kolkata,Satisfactory
11-08-2021,64,Kolkata,Satisfactory
12-08-2021,68,Kolkata,Satisfactory
13-08-2021,70,Kolkata,Satisfactory
14-08-2021,70,Kolkata,Satisfactory
15-08-2021,57,Kolkata,Satisfactory
16-08-2021,38,Kolkata,Good
17-08-2021,35,Kolkata,Good
18-08-2021,38,Kolkata,Good
19-08-2021,39,Kolkata,Good
20-08-2021,36,Kolkata,Good
21-08-2021,40,Kolkata,Good
22-08-2021,47,Kolkata,Good
23-08-2021,52,Kolkata,Satisfactory
24-08-2021,68,Kolkata,Satisfactory
25-08-2021,75,Kolkata,Satisfactory
26-08-2021,70,Kolkata,Satisfactory
27-08-2021,62,Kolkata,Satisfactory
28-08-2021,45,Kolkata,Good
29-08-2021,34,Kolkata,Good
30-08-2021,33,Kolkata,Good
31-08-2021,35,Kolkata,Good
01-09-2021,42,Kolkata,Good
02-09-2021,45,Kolkata,Good
03-09-2021,50,Kolkata,Good
04-09-2021,54,Kolkata,Satisfactory
05-09-2021,55,Kolkata,Satisfactory
06-09-2021,32,Kolkata,Good
07-09-2021,38,Kolkata,Good
08-09-2021,36,Kolkata,Good
09-09-2021,40,Kolkata,Good
10-09-2021,71,Kolkata,Satisfactory
11-09-2021,43,Kolkata,Good
12-09-2021,41,Kolkata,Good
13-09-2021,33,Kolkata,Good
14-09-2021,33,Kolkata,Good
15-09-2021,36,Kolkata,Good
16-09-2021,37,Kolkata,Good
17-09-2021,49,Kolkata,Good
18-09-2021,52,Kolkata,Satisfactory
19-09-2021,73,Kolkata,Satisfactory
20-09-2021,59,Kolkata,Satisfactory
21-09-2021,36,Kolkata,Good
22-09-2021,38,Kolkata,Good
23-09-2021,44,Kolkata,Good
24-09-2021,61,Kolkata,Satisfactory
25-09-2021,121,Kolkata,Moderate
26-09-2021,60,Kolkata,Satisfactory
27-09-2021,47,Kolkata,Good
28-09-2021,48,Kolkata,Good
29-09-2021,42,Kolkata,Good
30-09-2021,40,Kolkata,Good
01-10-2021,45,Kolkata,Good
02-10-2021,48,Kolkata,Good
03-10-2021,48,Kolkata,Good
04-10-2021,64,Kolkata,Satisfactory
05-10-2021,53,Kolkata,Satisfactory
06-10-2021,68,Kolkata,Satisfactory
07-10-2021,66,Kolkata,Satisfactory
08-10-2021,98,Kolkata,Satisfactory
09-10-2021,141,Kolkata,Moderate
10-10-2021,133,Kolkata,Moderate
11-10-2021,138,Kolkata,Moderate
12-10-2021,172,Kolkata,Moderate
13-10-2021,177,Kolkata,Moderate
14-10-2021,90,Kolkata,Satisfactory
15-10-2021,68,Kolkata,Satisfactory
16-10-2021,46,Kolkata,Good
17-10-2021,33,Kolkata,Good
18-10-2021,29,Kolkata,Good
19-10-2021,32,Kolkata,Good
20-10-2021,36,Kolkata,Good
21-10-2021,94,Kolkata,Satisfactory
22-10-2021,122,Kolkata,Moderate
23-10-2021,189,Kolkata,Moderate
24-10-2021,192,Kolkata,Moderate
25-10-2021,168,Kolkata,Moderate
26-10-2021,183,Kolkata,Moderate
27-10-2021,151,Kolkata,Moderate
28-10-2021,104,Kolkata,Moderate
29-10-2021,141,Kolkata,Moderate
30-10-2021,115,Kolkata,Moderate
31-10-2021,140,Kolkata,Moderate
01-11-2021,168,Kolkata,Moderate
02-11-2021,192,Kolkata,Moderate
03-11-2021,154,Kolkata,Moderate
04-11-2021,194,Kolkata,Moderate
05-11-2021,207,Kolkata,Poor
06-11-2021,156,Kolkata,Moderate
07-11-2021,168,Kolkata,Moderate
08-11-2021,146,Kolkata,Moderate
09-11-2021,144,Kolkata,Moderate
10-11-2021,164,Kolkata,Moderate
11-11-2021,144,Kolkata,Moderate
12-11-2021,133,Kolkata,Moderate
13-11-2021,102,Kolkata,Moderate
14-11-2021,80,Kolkata,Satisfactory
15-11-2021,65,Kolkata,Satisfactory
16-11-2021,99,Kolkata,Satisfactory
17-11-2021,153,Kolkata,Moderate
18-11-2021,162,Kolkata,Moderate
19-11-2021,157,Kolkata,Moderate
20-11-2021,188,Kolkata,Moderate
21-11-2021,214,Kolkata,Poor
22-11-2021,258,Kolkata,Poor
23-11-2021,229,Kolkata,Poor
24-11-2021,179,Kolkata,Moderate
25-11-2021,151,Kolkata,Moderate
26-11-2021,194,Kolkata,Moderate
27-11-2021,212,Kolkata,Poor
28-11-2021,216,Kolkata,Poor
29-11-2021,178,Kolkata,Moderate
30-11-2021,168,Kolkata,Moderate
01-12-2021,180,Kolkata,Moderate
02-12-2021,210,Kolkata,Poor
03-12-2021,202,Kolkata,Poor
04-12-2021,177,Kolkata,Moderate
05-12-2021,108,Kolkata,Moderate
06-12-2021,32,Kolkata,Good
07-12-2021,41,Kolkata,Good
08-12-2021,93,Kolkata,Satisfactory
09-12-2021,110,Kolkata,Moderate
10-12-2021,98,Kolkata,Satisfactory
11-12-2021,232,Kolkata,Poor
12-12-2021,196,Kolkata,Moderate
13-12-2021,237,Kolkata,Poor
14-12-2021,255,Kolkata,Poor
15-12-2021,268,Kolkata,Poor
16-12-2021,284,Kolkata,Poor
17-12-2021,219,Kolkata,Poor
18-12-2021,258,Kolkata,Poor
19-12-2021,223,Kolkata,Poor
20-12-2021,155,Kolkata,Moderate
21-12-2021,258,Kolkata,Poor
22-12-2021,246,Kolkata,Poor
23-12-2021,272,Kolkata,Poor
24-12-2021,302,Kolkata,Very Poor
25-12-2021,250,Kolkata,Poor
26-12-2021,253,Kolkata,Poor
27-12-2021,212,Kolkata,Poor
28-12-2021,234,Kolkata,Poor
29-12-2021,240,Kolkata,Poor
30-12-2021,260,Kolkata,Poor
31-12-2021,160,Kolkata,Moderate
01-01-2022,198,Kolkata,Moderate
02-01-2022,183,Kolkata,Moderate
03-01-2022,211,Kolkata,Poor
04-01-2022,243,Kolkata,Poor
05-01-2022,290,Kolkata,Poor
06-01-2022,268,Kolkata,Poor
07-01-2022,280,Kolkata,Poor
08-01-2022,228,Kolkata,Poor
09-01-2022,225,Kolkata,Poor
10-01-2022,209,Kolkata,Poor
11-01-2022,242,Kolkata,Poor
12-01-2022,88,Kolkata,Satisfactory
13-01-2022,132,Kolkata,Moderate
14-01-2022,142,Kolkata,Moderate
15-01-2022,123,Kolkata,Moderate
16-01-2022,161,Kolkata,Moderate
17-01-2022,180,Kolkata,Moderate
18-01-2022,226,Kolkata,Poor
19-01-2022,267,Kolkata,Poor
20-01-2022,266,Kolkata,Poor
21-01-2022,306,Kolkata,Very Poor
22-01-2022,245,Kolkata,Poor
23-01-2022,192,Kolkata,Moderate
24-01-2022,206,Kolkata,Poor
25-01-2022,208,Kolkata,Poor
26-01-2022,194,Kolkata,Moderate
27-01-2022,185,Kolkata,Moderate
28-01-2022,160,Kolkata,Moderate
29-01-2022,210,Kolkata,Poor
30-01-2022,246,Kolkata,Poor
31-01-2022,183,Kolkata,Moderate
01-02-2022,105,Kolkata,Moderate
02-02-2022,141,Kolkata,Moderate
03-02-2022,102,Kolkata,Moderate
04-02-2022,70,Kolkata,Satisfactory
05-02-2022,64,Kolkata,Satisfactory
06-02-2022,132,Kolkata,Moderate
07-02-2022,108,Kolkata,Moderate
08-02-2022,144,Kolkata,Moderate
09-02-2022,186,Kolkata,Moderate
10-02-2022,119,Kolkata,Moderate
11-02-2022,214,Kolkata,Poor
12-02-2022,143,Kolkata,Moderate
13-02-2022,132,Kolkata,Moderate
14-02-2022,149,Kolkata,Moderate
15-02-2022,191,Kolkata,Moderate
16-02-2022,201,Kolkata,Poor
17-02-2022,220,Kolkata,Poor
18-02-2022,232,Kolkata,Poor
19-02-2022,219,Kolkata,Poor
20-02-2022,164,Kolkata,Moderate
21-02-2022,137,Kolkata,Moderate
22-02-2022,128,Kolkata,Moderate
23-02-2022,165,Kolkata,Moderate
24-02-2022,141,Kolkata,Moderate
25-02-2022,105,Kolkata,Moderate
26-02-2022,243,Kolkata,Poor
27-02-2022,212,Kolkata,Poor
28-02-2022,104,Kolkata,Moderate
01-03-2022,174,Kolkata,Moderate
02-03-2022,155,Kolkata,Moderate
03-03-2022,198,Kolkata,Moderate
04-03-2022,231,Kolkata,Poor
05-03-2022,180,Kolkata,Moderate
06-03-2022,171,Kolkata,Moderate
07-03-2022,149,Kolkata,Moderate
08-03-2022,188,Kolkata,Moderate
09-03-2022,202,Kolkata,Poor
10-03-2022,222,Kolkata,Poor
11-03-2022,198,Kolkata,Moderate
12-03-2022,193,Kolkata,Moderate
13-03-2022,183,Kolkata,Moderate
14-03-2022,182,Kolkata,Moderate
15-03-2022,198,Kolkata,Moderate
16-03-2022,125,Kolkata,Moderate
17-03-2022,107,Kolkata,Moderate
18-03-2022,96,Kolkata,Satisfactory
19-03-2022,96,Kolkata,Satisfactory
20-03-2022,88,Kolkata,Satisfactory
21-03-2022,79,Kolkata,Satisfactory
22-03-2022,78,Kolkata,Satisfactory
23-03-2022,82,Kolkata,Satisfactory
24-03-2022,95,Kolkata,Satisfactory
25-03-2022,89,Kolkata,Satisfactory
26-03-2022,69,Kolkata,Satisfactory
27-03-2022,85,Kolkata,Satisfactory
28-03-2022,108,Kolkata,Moderate
29-03-2022,89,Kolkata,Satisfactory
30-03-2022,74,Kolkata,Satisfactory
31-03-2022,64,Kolkata,Satisfactory
01-04-2022,70,Kolkata,Satisfactory
02-04-2022,65,Kolkata,Satisfactory
03-04-2022,57,Kolkata,Satisfactory
04-04-2022,60,Kolkata,Satisfactory
05-04-2022,55,Kolkata,Satisfactory
06-04-2022,60,Kolkata,Satisfactory
07-04-2022,65,Kolkata,Satisfactory
08-04-2022,69,Kolkata,Satisfactory
09-04-2022,53,Kolkata,Satisfactory
10-04-2022,49,Kolkata,Good
11-04-2022,53,Kolkata,Satisfactory
12-04-2022,70,Kolkata,Satisfactory
13-04-2022,52,Kolkata,Satisfactory
14-04-2022,54,Kolkata,Satisfactory
15-04-2022,93,Kolkata,Satisfactory
16-04-2022,71,Kolkata,Satisfactory
17-04-2022,68,Kolkata,Satisfactory
18-04-2022,63,Kolkata,Satisfactory
19-04-2022,63,Kolkata,Satisfactory
20-04-2022,58,Kolkata,Satisfactory
21-04-2022,57,Kolkata,Satisfactory
22-04-2022,81,Kolkata,Satisfactory
23-04-2022,102,Kolkata,Moderate
24-04-2022,122,Kolkata,Moderate
25-04-2022,85,Kolkata,Satisfactory
26-04-2022,81,Kolkata,Satisfactory
27-04-2022,74,Kolkata,Satisfactory
28-04-2022,75,Kolkata,Satisfactory
29-04-2022,75,Kolkata,Satisfactory
30-04-2022,122,Kolkata,Moderate
01-05-2022,71,Kolkata,Satisfactory
02-05-2022,60,Kolkata,Satisfactory
03-05-2022,61,Kolkata,Satisfactory
04-05-2022,59,Kolkata,Satisfactory
05-05-2022,68,Kolkata,Satisfactory
06-05-2022,103,Kolkata,Moderate
07-05-2022,83,Kolkata,Satisfactory
08-05-2022,83,Kolkata,Satisfactory
09-05-2022,56,Kolkata,Satisfactory
10-05-2022,46,Kolkata,Good
11-05-2022,53,Kolkata,Satisfactory
12-05-2022,68,Kolkata,Satisfactory
13-05-2022,77,Kolkata,Satisfactory
14-05-2022,62,Kolkata,Satisfactory
15-05-2022,52,Kolkata,Satisfactory
16-05-2022,57,Kolkata,Satisfactory
17-05-2022,55,Kolkata,Satisfactory
18-05-2022,51,Kolkata,Satisfactory
19-05-2022,47,Kolkata,Good
20-05-2022,57,Kolkata,Satisfactory
21-05-2022,61,Kolkata,Satisfactory
22-05-2022,71,Kolkata,Satisfactory
23-05-2022,96,Kolkata,Satisfactory
24-05-2022,75,Kolkata,Satisfactory
25-05-2022,82,Kolkata,Satisfactory
26-05-2022,87,Kolkata,Satisfactory
27-05-2022,121,Kolkata,Moderate
28-05-2022,130,Kolkata,Moderate
29-05-2022,91,Kolkata,Satisfactory
30-05-2022,83,Kolkata,Satisfactory
31-05-2022,76,Kolkata,Satisfactory
01-06-2022,91,Kolkata,Satisfactory
02-06-2022,74,Kolkata,Satisfactory
03-06-2022,78,Kolkata,Satisfactory
04-06-2022,86,Kolkata,Satisfactory
05-06-2022,76,Kolkata,Satisfactory
06-06-2022,70,Kolkata,Satisfactory
07-06-2022,73,Kolkata,Satisfactory
08-06-2022,71,Kolkata,Satisfactory
09-06-2022,78,Kolkata,Satisfactory
10-06-2022,69,Kolkata,Satisfactory
11-06-2022,70,Kolkata,Satisfactory
12-06-2022,66,Kolkata,Satisfactory
13-06-2022,62,Kolkata,Satisfactory
14-06-2022,95,Kolkata,Satisfactory
15-06-2022,55,Kolkata,Satisfactory
16-06-2022,62,Kolkata,Satisfactory
17-06-2022,49,Kolkata,Good
18-06-2022,44,Kolkata,Good
19-06-2022,39,Kolkata,Good
20-06-2022,39,Kolkata,Good
21-06-2022,58,Kolkata,Satisfactory
22-06-2022,51,Kolkata,Satisfactory
23-06-2022,43,Kolkata,Good
24-06-2022,43,Kolkata,Good
25-06-2022,45,Kolkata,Good
26-06-2022,33,Kolkata,Good
27-06-2022,35,Kolkata,Good
28-06-2022,40,Kolkata,Good
29-06-2022,43,Kolkata,Good
30-06-2022,42,Kolkata,Good
01-07-2022,52,Kolkata,Satisfactory
02-07-2022,46,Kolkata,Good
03-07-2022,43,Kolkata,Good
04-07-2022,42,Kolkata,Good
05-07-2022,36,Kolkata,Good
06-07-2022,32,Kolkata,Good
07-07-2022,36,Kolkata,Good
08-07-2022,37,Kolkata,Good
09-07-2022,35,Kolkata,Good
10-07-2022,39,Kolkata,Good
11-07-2022,35,Kolkata,Good
12-07-2022,33,Kolkata,Good
14-07-2022,35,Kolkata,Good
15-07-2022,35,Kolkata,Good
16-07-2022,37,Kolkata,Good
17-07-2022,34,Kolkata,Good
18-07-2022,36,Kolkata,Good
19-07-2022,45,Kolkata,Good
20-07-2022,51,Kolkata,Satisfactory
21-07-2022,49,Kolkata,Good
22-07-2022,42,Kolkata,Good
23-07-2022,41,Kolkata,Good
24-07-2022,40,Kolkata,Good
25-07-2022,37,Kolkata,Good
26-07-2022,43,Kolkata,Good
27-07-2022,40,Kolkata,Good
28-07-2022,40,Kolkata,Good
29-07-2022,45,Kolkata,Good
30-07-2022,47,Kolkata,Good
31-07-2022,49,Kolkata,Good
01-08-2022,52,Kolkata,Satisfactory
02-08-2022,63,Kolkata,Satisfactory
03-08-2022,57,Kolkata,Satisfactory
04-08-2022,41,Kolkata,Good
05-08-2022,36,Kolkata,Good
06-08-2022,37,Kolkata,Good
07-08-2022,34,Kolkata,Good
08-08-2022,30,Kolkata,Good
09-08-2022,32,Kolkata,Good
10-08-2022,32,Kolkata,Good
11-08-2022,32,Kolkata,Good
12-08-2022,44,Kolkata,Good
13-08-2022,52,Kolkata,Satisfactory
14-08-2022,32,Kolkata,Good
15-08-2022,33,Kolkata,Good
16-08-2022,52,Kolkata,Satisfactory
17-08-2022,69,Kolkata,Satisfactory
18-08-2022,89,Kolkata,Satisfactory
19-08-2022,46,Kolkata,Good
20-08-2022,38,Kolkata,Good
21-08-2022,44,Kolkata,Good
22-08-2022,54,Kolkata,Satisfactory
23-08-2022,63,Kolkata,Satisfactory
24-08-2022,42,Kolkata,Good
25-08-2022,44,Kolkata,Good
26-08-2022,57,Kolkata,Satisfactory
27-08-2022,65,Kolkata,Satisfactory
28-08-2022,56,Kolkata,Satisfactory
29-08-2022,44,Kolkata,Good
30-08-2022,43,Kolkata,Good
31-08-2022,44,Kolkata,Good
01-09-2022,38,Kolkata,Good
02-09-2022,37,Kolkata,Good
03-09-2022,40,Kolkata,Good
04-09-2022,61,Kolkata,Satisfactory
05-09-2022,59,Kolkata,Satisfactory
06-09-2022,57,Kolkata,Satisfactory
07-09-2022,73,Kolkata,Satisfactory
08-09-2022,47,Kolkata,Good
09-09-2022,59,Kolkata,Satisfactory
10-09-2022,44,Kolkata,Good
11-09-2022,38,Kolkata,Good
12-09-2022,35,Kolkata,Good
13-09-2022,37,Kolkata,Good
14-09-2022,39,Kolkata,Good
15-09-2022,43,Kolkata,Good
16-09-2022,53,Kolkata,Satisfactory
17-09-2022,56,Kolkata,Satisfactory
18-09-2022,48,Kolkata,Good
19-09-2022,46,Kolkata,Good
20-09-2022,33,Kolkata,Good
21-09-2022,37,Kolkata,Good
22-09-2022,42,Kolkata,Good
23-09-2022,48,Kolkata,Good
24-09-2022,50,Kolkata,Good
25-09-2022,43,Kolkata,Good
26-09-2022,42,Kolkata,Good
27-09-2022,50,Kolkata,Good
28-09-2022,73,Kolkata,Satisfactory
29-09-2022,87,Kolkata,Satisfactory
30-09-2022,79,Kolkata,Satisfactory
01-10-2022,98,Kolkata,Satisfactory
02-10-2022,55,Kolkata,Satisfactory
03-10-2022,45,Kolkata,Good
04-10-2022,36,Kolkata,Good
05-10-2022,40,Kolkata,Good
06-10-2022,35,Kolkata,Good
07-10-2022,39,Kolkata,Good
08-10-2022,55,Kolkata,Satisfactory
09-10-2022,43,Kolkata,Good
10-10-2022,42,Kolkata,Good
11-10-2022,31,Kolkata,Good
12-10-2022,34,Kolkata,Good
13-10-2022,47,Kolkata,Good
14-10-2022,58,Kolkata,Satisfactory
15-10-2022,76,Kolkata,Satisfactory
16-10-2022,78,Kolkata,Satisfactory
17-10-2022,87,Kolkata,Satisfactory
18-10-2022,101,Kolkata,Moderate
19-10-2022,83,Kolkata,Satisfactory
20-10-2022,107,Kolkata,Moderate
21-10-2022,112,Kolkata,Moderate
22-10-2022,99,Kolkata,Satisfactory
23-10-2022,101,Kolkata,Moderate
24-10-2022,55,Kolkata,Satisfactory
25-10-2022,47,Kolkata,Good
26-10-2022,81,Kolkata,Satisfactory
27-10-2022,107,Kolkata,Moderate
28-10-2022,167,Kolkata,Moderate
29-10-2022,157,Kolkata,Moderate
30-10-2022,126,Kolkata,Moderate
31-10-2022,102,Kolkata,Moderate
01-11-2022,115,Kolkata,Moderate
02-11-2022,105,Kolkata,Moderate
03-11-2022,104,Kolkata,Moderate
04-11-2022,176,Kolkata,Moderate
05-11-2022,196,Kolkata,Moderate
06-11-2022,152,Kolkata,Moderate
07-11-2022,140,Kolkata,Moderate
08-11-2022,152,Kolkata,Moderate
09-11-2022,158,Kolkata,Moderate
10-11-2022,167,Kolkata,Moderate
11-11-2022,137,Kolkata,Moderate
12-11-2022,214,Kolkata,Poor
13-11-2022,233,Kolkata,Poor
14-11-2022,205,Kolkata,Poor
15-11-2022,223,Kolkata,Poor
16-11-2022,237,Kolkata,Poor
17-11-2022,271,Kolkata,Poor
18-11-2022,229,Kolkata,Poor
19-11-2022,131,Kolkata,Moderate
20-11-2022,186,Kolkata,Moderate
21-11-2022,150,Kolkata,Moderate
22-11-2022,165,Kolkata,Moderate
23-11-2022,250,Kolkata,Poor
24-11-2022,238,Kolkata,Poor
25-11-2022,238,Kolkata,Poor
26-11-2022,252,Kolkata,Poor
27-11-2022,241,Kolkata,Poor
28-11-2022,234,Kolkata,Poor
29-11-2022,179,Kolkata,Moderate
30-11-2022,182,Kolkata,Moderate
01-12-2022,189,Kolkata,Moderate
02-12-2022,230,Kolkata,Poor
03-12-2022,262,Kolkata,Poor
04-12-2022,278,Kolkata,Poor
05-12-2022,264,Kolkata,Poor
06-12-2022,232,Kolkata,Poor
07-12-2022,270,Kolkata,Poor
08-12-2022,295,Kolkata,Poor
09-12-2022,282,Kolkata,Poor
10-12-2022,280,Kolkata,Poor
11-12-2022,282,Kolkata,Poor
12-12-2022,307,Kolkata,Very Poor
13-12-2022,314,Kolkata,Very Poor
14-12-2022,305,Kolkata,Very Poor
15-12-2022,271,Kolkata,Poor
16-12-2022,201,Kolkata,Poor
17-12-2022,251,Kolkata,Poor
18-12-2022,303,Kolkata,Very Poor
19-12-2022,283,Kolkata,Poor
20-12-2022,283,Kolkata,Poor
21-12-2022,295,Kolkata,Poor
22-12-2022,300,Kolkata,Poor
23-12-2022,274,Kolkata,Poor
24-12-2022,278,Kolkata,Poor
25-12-2022,194,Kolkata,Moderate
26-12-2022,85,Kolkata,Satisfactory
27-12-2022,97,Kolkata,Satisfactory
28-12-2022,215,Kolkata,Poor
29-12-2022,217,Kolkata,Poor
30-12-2022,252,Kolkata,Poor
31-12-2022,284,Kolkata,Poor
01-01-2023,261,Kolkata,Poor
02-01-2023,221,Kolkata,Poor
03-01-2023,236,Kolkata,Poor
04-01-2023,213,Kolkata,Poor
05-01-2023,233,Kolkata,Poor
06-01-2023,247,Kolkata,Poor
07-01-2023,269,Kolkata,Poor
08-01-2023,311,Kolkata,Very Poor
09-01-2023,292,Kolkata,Poor
10-01-2023,242,Kolkata,Poor
11-01-2023,270,Kolkata,Poor
12-01-2023,272,Kolkata,Poor
13-01-2023,238,Kolkata,Poor
14-01-2023,100,Kolkata,Satisfactory
15-01-2023,181,Kolkata,Moderate
16-01-2023,162,Kolkata,Moderate
17-01-2023,182,Kolkata,Moderate
18-01-2023,204,Kolkata,Poor
19-01-2023,213,Kolkata,Poor
20-01-2023,257,Kolkata,Poor
21-01-2023,302,Kolkata,Very Poor
22-01-2023,297,Kolkata,Poor
23-01-2023,242,Kolkata,Poor
24-01-2023,244,Kolkata,Poor
25-01-2023,220,Kolkata,Poor
26-01-2023,208,Kolkata,Poor
27-01-2023,189,Kolkata,Moderate
28-01-2023,147,Kolkata,Moderate
29-01-2023,140,Kolkata,Moderate
30-01-2023,156,Kolkata,Moderate
31-01-2023,226,Kolkata,Poor
01-02-2023,168,Kolkata,Moderate
02-02-2023,110,Kolkata,Moderate
03-02-2023,130,Kolkata,Moderate
04-02-2023,187,Kolkata,Moderate
05-02-2023,172,Kolkata,Moderate
06-02-2023,177,Kolkata,Moderate
07-02-2023,101,Kolkata,Moderate
08-02-2023,85,Kolkata,Satisfactory
09-02-2023,121,Kolkata,Moderate
10-02-2023,187,Kolkata,Moderate
11-02-2023,134,Kolkata,Moderate
12-02-2023,109,Kolkata,Moderate
13-02-2023,119,Kolkata,Moderate
14-02-2023,139,Kolkata,Moderate
15-02-2023,201,Kolkata,Poor
16-02-2023,200,Kolkata,Moderate
17-02-2023,153,Kolkata,Moderate
18-02-2023,101,Kolkata,Moderate
19-02-2023,90,Kolkata,Satisfactory
20-02-2023,83,Kolkata,Satisfactory
21-02-2023,77,Kolkata,Satisfactory
22-02-2023,110,Kolkata,Moderate
23-02-2023,78,Kolkata,Satisfactory
24-02-2023,87,Kolkata,Satisfactory
25-02-2023,111,Kolkata,Moderate
26-02-2023,155,Kolkata,Moderate
27-02-2023,105,Kolkata,Moderate
28-02-2023,119,Kolkata,Moderate
01-03-2023,113,Kolkata,Moderate
02-03-2023,90,Kolkata,Satisfactory
03-03-2023,129,Kolkata,Moderate
04-03-2023,140,Kolkata,Moderate
05-03-2023,154,Kolkata,Moderate
06-03-2023,128,Kolkata,Moderate
07-03-2023,112,Kolkata,Moderate
08-03-2023,110,Kolkata,Moderate
09-03-2023,105,Kolkata,Moderate
10-03-2023,133,Kolkata,Moderate
11-03-2023,128,Kolkata,Moderate
12-03-2023,143,Kolkata,Moderate
13-03-2023,139,Kolkata,Moderate
14-03-2023,119,Kolkata,Moderate
15-03-2023,111,Kolkata,Moderate
16-03-2023,85,Kolkata,Satisfactory
17-03-2023,74,Kolkata,Satisfactory
18-03-2023,129,Kolkata,Moderate
19-03-2023,71,Kolkata,Satisfactory
20-03-2023,37,Kolkata,Good
21-03-2023,45,Kolkata,Good
22-03-2023,97,Kolkata,Satisfactory
23-03-2023,72,Kolkata,Satisfactory
24-03-2023,72,Kolkata,Satisfactory
25-03-2023,57,Kolkata,Satisfactory
26-03-2023,53,Kolkata,Satisfactory
27-03-2023,66,Kolkata,Satisfactory
28-03-2023,118,Kolkata,Moderate
29-03-2023,55,Kolkata,Satisfactory
30-03-2023,50,Kolkata,Good
31-03-2023,54,Kolkata,Satisfactory
01-04-2023,52,Kolkata,Satisfactory
02-04-2023,54,Kolkata,Satisfactory
03-04-2023,102,Kolkata,Moderate
04-04-2023,59,Kolkata,Satisfactory
05-04-2023,74,Kolkata,Satisfactory
06-04-2023,111,Kolkata,Moderate
07-04-2023,107,Kolkata,Moderate
08-04-2023,134,Kolkata,Moderate
09-04-2023,131,Kolkata,Moderate
10-04-2023,134,Kolkata,Moderate
11-04-2023,159,Kolkata,Moderate
12-04-2023,126,Kolkata,Moderate
13-04-2023,131,Kolkata,Moderate
14-04-2023,122,Kolkata,Moderate
15-04-2023,127,Kolkata,Moderate
16-04-2023,106,Kolkata,Moderate
17-04-2023,109,Kolkata,Moderate
18-04-2023,102,Kolkata,Moderate
19-04-2023,83,Kolkata,Satisfactory
20-04-2023,90,Kolkata,Satisfactory
21-04-2023,89,Kolkata,Satisfactory
22-04-2023,105,Kolkata,Moderate
23-04-2023,78,Kolkata,Satisfactory
24-04-2023,57,Kolkata,Satisfactory
25-04-2023,75,Kolkata,Satisfactory
26-04-2023,89,Kolkata,Satisfactory
27-04-2023,60,Kolkata,Satisfactory
28-04-2023,61,Kolkata,Satisfactory
29-04-2023,68,Kolkata,Satisfactory
30-04-2023,62,Kolkata,Satisfactory
01-05-2023,59,Kolkata,Satisfactory
02-05-2023,68,Kolkata,Satisfactory
03-05-2023,51,Kolkata,Satisfactory
04-05-2023,52,Kolkata,Satisfactory
05-05-2023,54,Kolkata,Satisfactory
06-05-2023,86,Kolkata,Satisfactory
07-05-2023,96,Kolkata,Satisfactory
08-05-2023,78,Kolkata,Satisfactory
09-05-2023,90,Kolkata,Satisfactory
10-05-2023,77,Kolkata,Satisfactory
11-05-2023,56,Kolkata,Satisfactory
12-05-2023,58,Kolkata,Satisfactory
13-05-2023,50,Kolkata,Good
14-05-2023,65,Kolkata,Satisfactory
15-05-2023,69,Kolkata,Satisfactory
16-05-2023,67,Kolkata,Satisfactory
17-05-2023,64,Kolkata,Satisfactory
18-05-2023,53,Kolkata,Satisfactory
19-05-2023,52,Kolkata,Satisfactory
20-05-2023,55,Kolkata,Satisfactory
21-05-2023,60,Kolkata,Satisfactory
22-05-2023,54,Kolkata,Satisfactory
23-05-2023,94,Kolkata,Satisfactory
24-05-2023,52,Kolkata,Satisfactory
25-05-2023,61,Kolkata,Satisfactory
26-05-2023,50,Kolkata,Good
27-05-2023,50,Kolkata,Good
28-05-2023,67,Kolkata,Satisfactory
29-05-2023,70,Kolkata,Satisfactory
30-05-2023,86,Kolkata,Satisfactory
31-05-2023,83,Kolkata,Satisfactory
01-06-2023,77,Kolkata,Satisfactory
02-06-2023,87,Kolkata,Satisfactory
03-06-2023,79,Kolkata,Satisfactory
04-06-2023,77,Kolkata,Satisfactory
05-06-2023,72,Kolkata,Satisfactory
06-06-2023,86,Kolkata,Satisfactory
07-06-2023,78,Kolkata,Satisfactory
08-06-2023,76,Kolkata,Satisfactory
09-06-2023,61,Kolkata,Satisfactory
10-06-2023,58,Kolkata,Satisfactory
11-06-2023,73,Kolkata,Satisfactory
12-06-2023,61,Kolkata,Satisfactory
13-06-2023,67,Kolkata,Satisfactory
14-06-2023,69,Kolkata,Satisfactory
15-06-2023,65,Kolkata,Satisfactory
16-06-2023,67,Kolkata,Satisfactory
17-06-2023,62,Kolkata,Satisfactory
18-06-2023,57,Kolkata,Satisfactory
19-06-2023,45,Kolkata,Good
20-06-2023,50,Kolkata,Good
21-06-2023,43,Kolkata,Good
22-06-2023,42,Kolkata,Good
23-06-2023,36,Kolkata,Good
24-06-2023,36,Kolkata,Good
25-06-2023,38,Kolkata,Good
26-06-2023,38,Kolkata,Good
27-06-2023,32,Kolkata,Good
28-06-2023,27,Kolkata,Good
29-06-2023,32,Kolkata,Good
30-06-2023,51,Kolkata,Satisfactory
01-07-2023,43,Kolkata,Good
02-07-2023,48,Kolkata,Good
03-07-2023,47,Kolkata,Good
04-07-2023,50,Kolkata,Good
05-07-2023,30,Kolkata,Good
06-07-2023,29,Kolkata,Good
07-07-2023,51,Kolkata,Satisfactory
08-07-2023,40,Kolkata,Good
09-07-2023,40,Kolkata,Good
10-07-2023,46,Kolkata,Good
11-07-2023,41,Kolkata,Good
12-07-2023,32,Kolkata,Good
13-07-2023,35,Kolkata,Good
14-07-2023,38,Kolkata,Good
15-07-2023,44,Kolkata,Good
16-07-2023,31,Kolkata,Good
17-07-2023,34,Kolkata,Good
18-07-2023,30,Kolkata,Good
19-07-2023,30,Kolkata,Good
20-07-2023,32,Kolkata,Good
21-07-2023,33,Kolkata,Good
22-07-2023,32,Kolkata,Good
23-07-2023,33,Kolkata,Good
24-07-2023,32,Kolkata,Good
25-07-2023,33,Kolkata,Good
26-07-2023,32,Kolkata,Good
27-07-2023,32,Kolkata,Good
28-07-2023,34,Kolkata,Good
29-07-2023,32,Kolkata,Good
30-07-2023,40,Kolkata,Good
31-07-2023,46,Kolkata,Good
01-08-2023,42,Kolkata,Good
02-08-2023,37,Kolkata,Good
03-08-2023,38,Kolkata,Good
04-08-2023,49,Kolkata,Good
05-08-2023,48,Kolkata,Good
06-08-2023,49,Kolkata,Good
07-08-2023,48,Kolkata,Good
08-08-2023,46,Kolkata,Good
09-08-2023,70,Kolkata,Satisfactory
10-08-2023,94,Kolkata,Satisfactory
11-08-2023,91,Kolkata,Satisfactory
12-08-2023,62,Kolkata,Satisfactory
13-08-2023,54,Kolkata,Satisfactory
14-08-2023,64,Kolkata,Satisfactory
15-08-2023,77,Kolkata,Satisfactory
16-08-2023,71,Kolkata,Satisfactory
17-08-2023,58,Kolkata,Satisfactory
18-08-2023,43,Kolkata,Good
19-08-2023,34,Kolkata,Good
20-08-2023,50,Kolkata,Good
21-08-2023,62,Kolkata,Satisfactory
22-08-2023,49,Kolkata,Good
23-08-2023,52,Kolkata,Satisfactory
24-08-2023,38,Kolkata,Good
25-08-2023,42,Kolkata,Good
26-08-2023,50,Kolkata,Good
27-08-2023,78,Kolkata,Satisfactory
28-08-2023,126,Kolkata,Moderate
29-08-2023,180,Kolkata,Moderate
30-08-2023,139,Kolkata,Moderate
31-08-2023,135,Kolkata,Moderate
01-09-2023,104,Kolkata,Moderate
02-09-2023,106,Kolkata,Moderate
03-09-2023,65,Kolkata,Satisfactory
04-09-2023,42,Kolkata,Good
05-09-2023,33,Kolkata,Good
06-09-2023,30,Kolkata,Good
07-09-2023,30,Kolkata,Good
08-09-2023,29,Kolkata,Good
09-09-2023,34,Kolkata,Good
10-09-2023,41,Kolkata,Good
11-09-2023,39,Kolkata,Good
12-09-2023,59,Kolkata,Satisfactory
13-09-2023,40,Kolkata,Good
14-09-2023,31,Kolkata,Good
15-09-2023,31,Kolkata,Good
16-09-2023,36,Kolkata,Good
17-09-2023,40,Kolkata,Good
18-09-2023,42,Kolkata,Good
19-09-2023,29,Kolkata,Good
20-09-2023,28,Kolkata,Good
21-09-2023,30,Kolkata,Good
22-09-2023,38,Kolkata,Good
23-09-2023,34,Kolkata,Good
24-09-2023,35,Kolkata,Good
25-09-2023,39,Kolkata,Good
26-09-2023,39,Kolkata,Good
27-09-2023,43,Kolkata,Good
28-09-2023,61,Kolkata,Satisfactory
29-09-2023,99,Kolkata,Satisfactory
30-09-2023,52,Kolkata,Satisfactory
01-10-2023,31,Kolkata,Good
02-10-2023,39,Kolkata,Good
03-10-2023,31,Kolkata,Good
04-10-2023,32,Kolkata,Good
05-10-2023,43,Kolkata,Good
06-10-2023,63,Kolkata,Satisfactory
07-10-2023,76,Kolkata,Satisfactory
08-10-2023,89,Kolkata,Satisfactory
09-10-2023,80,Kolkata,Satisfactory
10-10-2023,138,Kolkata,Moderate
11-10-2023,139,Kolkata,Moderate
12-10-2023,166,Kolkata,Moderate
13-10-2023,130,Kolkata,Moderate
14-10-2023,121,Kolkata,Moderate
15-10-2023,125,Kolkata,Moderate
16-10-2023,135,Kolkata,Moderate
17-10-2023,175,Kolkata,Moderate
18-10-2023,166,Kolkata,Moderate
19-10-2023,106,Kolkata,Moderate
20-10-2023,89,Kolkata,Satisfactory
21-10-2023,96,Kolkata,Satisfactory
22-10-2023,85,Kolkata,Satisfactory
23-10-2023,107,Kolkata,Moderate
24-10-2023,70,Kolkata,Satisfactory
25-10-2023,55,Kolkata,Satisfactory
26-10-2023,87,Kolkata,Satisfactory
27-10-2023,100,Kolkata,Satisfactory
28-10-2023,140,Kolkata,Moderate
29-10-2023,180,Kolkata,Moderate
30-10-2023,123,Kolkata,Moderate
31-10-2023,142,Kolkata,Moderate
01-11-2023,110,Kolkata,Moderate
02-11-2023,109,Kolkata,Moderate
03-11-2023,184,Kolkata,Moderate
04-11-2023,102,Kolkata,Moderate
05-11-2023,133,Kolkata,Moderate
06-11-2023,127,Kolkata,Moderate
07-11-2023,203,Kolkata,Poor
08-11-2023,211,Kolkata,Poor
09-11-2023,261,Kolkata,Poor
10-11-2023,282,Kolkata,Poor
11-11-2023,269,Kolkata,Poor
12-11-2023,248,Kolkata,Poor
13-11-2023,218,Kolkata,Poor
14-11-2023,135,Kolkata,Moderate
15-11-2023,102,Kolkata,Moderate
16-11-2023,87,Kolkata,Satisfactory
17-11-2023,50,Kolkata,Good
18-11-2023,44,Kolkata,Good
19-11-2023,76,Kolkata,Satisfactory
20-11-2023,96,Kolkata,Satisfactory
21-11-2023,127,Kolkata,Moderate
22-11-2023,194,Kolkata,Moderate
23-11-2023,264,Kolkata,Poor
24-11-2023,268,Kolkata,Poor
25-11-2023,211,Kolkata,Poor
26-11-2023,159,Kolkata,Moderate
27-11-2023,168,Kolkata,Moderate
28-11-2023,129,Kolkata,Moderate
29-11-2023,150,Kolkata,Moderate
30-11-2023,224,Kolkata,Poor
01-12-2023,116,Kolkata,Moderate
02-12-2023,103,Kolkata,Moderate
03-12-2023,188,Kolkata,Moderate
04-12-2023,159,Kolkata,Moderate
05-12-2023,147,Kolkata,Moderate
06-12-2023,74,Kolkata,Satisfactory
07-12-2023,68,Kolkata,Satisfactory
08-12-2023,37,Kolkata,Good
09-12-2023,94,Kolkata,Satisfactory
10-12-2023,177,Kolkata,Moderate
11-12-2023,162,Kolkata,Moderate
12-12-2023,199,Kolkata,Moderate
13-12-2023,190,Kolkata,Moderate
14-12-2023,210,Kolkata,Poor
15-12-2023,241,Kolkata,Poor
16-12-2023,242,Kolkata,Poor
17-12-2023,248,Kolkata,Poor
18-12-2023,245,Kolkata,Poor
19-12-2023,209,Kolkata,Poor
20-12-2023,236,Kolkata,Poor
21-12-2023,155,Kolkata,Moderate
22-12-2023,199,Kolkata,Moderate
23-12-2023,216,Kolkata,Poor
24-12-2023,172,Kolkata,Moderate
25-12-2023,206,Kolkata,Poor
26-12-2023,205,Kolkata,Poor
27-12-2023,205,Kolkata,Poor
28-12-2023,198,Kolkata,Moderate
29-12-2023,198,Kolkata,Moderate
30-12-2023,191,Kolkata,Moderate
31-12-2023,170,Kolkata,Moderate
01-01-2024,180,Kolkata,Moderate
02-01-2024,204,Kolkata,Poor
03-01-2024,166,Kolkata,Moderate
04-01-2024,161,Kolkata,Moderate
05-01-2024,241,Kolkata,Poor
06-01-2024,213,Kolkata,Poor
07-01-2024,234,Kolkata,Poor
08-01-2024,259,Kolkata,Poor
09-01-2024,250,Kolkata,Poor
10-01-2024,244,Kolkata,Poor
11-01-2024,239,Kolkata,Poor
12-01-2024,204,Kolkata,Poor
13-01-2024,252,Kolkata,Poor
14-01-2024,272,Kolkata,Poor
15-01-2024,278,Kolkata,Poor
16-01-2024,264,Kolkata,Poor
17-01-2024,227,Kolkata,Poor
18-01-2024,202,Kolkata,Poor
19-01-2024,175,Kolkata,Moderate
20-01-2024,230,Kolkata,Poor
21-01-2024,289,Kolkata,Poor
22-01-2024,281,Kolkata,Poor
23-01-2024,259,Kolkata,Poor
24-01-2024,256,Kolkata,Poor
25-01-2024,216,Kolkata,Poor
26-01-2024,262,Kolkata,Poor
27-01-2024,213,Kolkata,Poor
28-01-2024,206,Kolkata,Poor
29-01-2024,209,Kolkata,Poor
30-01-2024,187,Kolkata,Moderate
31-01-2024,100,Kolkata,Satisfactory
01-02-2024,102,Kolkata,Moderate
02-02-2024,128,Kolkata,Moderate
03-02-2024,140,Kolkata,Moderate
04-02-2024,176,Kolkata,Moderate
05-02-2024,156,Kolkata,Moderate
06-02-2024,131,Kolkata,Moderate
07-02-2024,148,Kolkata,Moderate
08-02-2024,111,Kolkata,Moderate
09-02-2024,107,Kolkata,Moderate
10-02-2024,136,Kolkata,Moderate
11-02-2024,211,Kolkata,Poor
12-02-2024,228,Kolkata,Poor
13-02-2024,221,Kolkata,Poor
14-02-2024,222,Kolkata,Poor
15-02-2024,187,Kolkata,Moderate
16-02-2024,147,Kolkata,Moderate
17-02-2024,225,Kolkata,Poor
18-02-2024,165,Kolkata,Moderate
19-02-2024,97,Kolkata,Satisfactory
20-02-2024,91,Kolkata,Satisfactory
21-02-2024,84,Kolkata,Satisfactory
22-02-2024,119,Kolkata,Moderate
23-02-2024,106,Kolkata,Moderate
24-02-2024,99,Kolkata,Satisfactory
25-02-2024,100,Kolkata,Satisfactory
26-02-2024,86,Kolkata,Satisfactory
27-02-2024,127,Kolkata,Moderate
28-02-2024,127,Kolkata,Moderate
29-02-2024,155,Kolkata,Moderate
01-03-2024,134,Kolkata,Moderate
02-03-2024,140,Kolkata,Moderate
03-03-2024,119,Kolkata,Moderate
04-03-2024,123,Kolkata,Moderate
05-03-2024,96,Kolkata,Satisfactory
06-03-2024,106,Kolkata,Moderate
07-03-2024,114,Kolkata,Moderate
08-03-2024,129,Kolkata,Moderate
09-03-2024,134,Kolkata,Moderate
10-03-2024,134,Kolkata,Moderate
11-03-2024,117,Kolkata,Moderate
12-03-2024,98,Kolkata,Satisfactory
13-03-2024,88,Kolkata,Satisfactory
14-03-2024,66,Kolkata,Satisfactory
15-03-2024,85,Kolkata,Satisfactory
16-03-2024,70,Kolkata,Satisfactory
17-03-2024,66,Kolkata,Satisfactory
18-03-2024,87,Kolkata,Satisfactory
19-03-2024,96,Kolkata,Satisfactory
20-03-2024,59,Kolkata,Satisfactory
21-03-2024,56,Kolkata,Satisfactory
22-03-2024,81,Kolkata,Satisfactory
23-03-2024,99,Kolkata,Satisfactory
24-03-2024,71,Kolkata,Satisfactory
25-03-2024,66,Kolkata,Satisfactory
26-03-2024,59,Kolkata,Satisfactory
27-03-2024,60,Kolkata,Satisfactory
28-03-2024,71,Kolkata,Satisfactory
29-03-2024,82,Kolkata,Satisfactory
30-03-2024,68,Kolkata,Satisfactory
31-03-2024,76,Kolkata,Satisfactory
01-04-2024,106,Kolkata,Moderate
02-04-2024,105,Kolkata,Moderate
03-04-2024,111,Kolkata,Moderate
04-04-2024,79,Kolkata,Satisfactory
05-04-2024,68,Kolkata,Satisfactory
06-04-2024,95,Kolkata,Satisfactory
07-04-2024,72,Kolkata,Satisfactory
08-04-2024,73,Kolkata,Satisfactory
09-04-2024,80,Kolkata,Satisfactory
10-04-2024,120,Kolkata,Moderate
11-04-2024,148,Kolkata,Moderate
12-04-2024,96,Kolkata,Satisfactory
13-04-2024,106,Kolkata,Moderate
14-04-2024,100,Kolkata,Satisfactory
15-04-2024,96,Kolkata,Satisfactory
16-04-2024,76,Kolkata,Satisfactory
17-04-2024,95,Kolkata,Satisfactory
18-04-2024,98,Kolkata,Satisfactory
19-04-2024,108,Kolkata,Moderate
20-04-2024,92,Kolkata,Satisfactory
21-04-2024,96,Kolkata,Satisfactory
22-04-2024,97,Kolkata,Satisfactory
23-04-2024,96,Kolkata,Satisfactory
24-04-2024,93,Kolkata,Satisfactory
25-04-2024,119,Kolkata,Moderate
26-04-2024,82,Kolkata,Satisfactory
27-04-2024,111,Kolkata,Moderate
28-04-2024,90,Kolkata,Satisfactory
29-04-2024,128,Kolkata,Moderate
30-04-2024,110,Kolkata,Moderate
01-05-2024,150,Kolkata,Moderate
02-05-2024,90,Kolkata,Satisfactory
03-05-2024,91,Kolkata,Satisfactory
04-05-2024,84,Kolkata,Satisfactory
05-05-2024,64,Kolkata,Satisfactory
06-05-2024,70,Kolkata,Satisfactory
07-05-2024,56,Kolkata,Satisfactory
08-05-2024,48,Kolkata,Good
09-05-2024,41,Kolkata,Good
10-05-2024,50,Kolkata,Good
11-05-2024,43,Kolkata,Good
12-05-2024,53,Kolkata,Satisfactory
13-05-2024,55,Kolkata,Satisfactory
14-05-2024,58,Kolkata,Satisfactory
15-05-2024,60,Kolkata,Satisfactory
16-05-2024,50,Kolkata,Good
17-05-2024,49,Kolkata,Good
18-05-2024,57,Kolkata,Satisfactory
19-05-2024,58,Kolkata,Satisfactory
20-05-2024,41,Kolkata,Good
21-05-2024,42,Kolkata,Good
22-05-2024,35,Kolkata,Good
23-05-2024,46,Kolkata,Good
24-05-2024,56,Kolkata,Satisfactory
25-05-2024,53,Kolkata,Satisfactory
26-05-2024,42,Kolkata,Good
27-05-2024,26,Kolkata,Good
28-05-2024,54,Kolkata,Satisfactory
29-05-2024,75,Kolkata,Satisfactory
30-05-2024,72,Kolkata,Satisfactory
31-05-2024,53,Kolkata,Satisfactory
01-06-2024,56,Kolkata,Satisfactory
02-06-2024,53,Kolkata,Satisfactory
03-06-2024,63,Kolkata,Satisfactory
04-06-2024,60,Kolkata,Satisfactory
05-06-2024,68,Kolkata,Satisfactory
06-06-2024,76,Kolkata,Satisfactory
07-06-2024,71,Kolkata,Satisfactory
08-06-2024,61,Kolkata,Satisfactory
09-06-2024,63,Kolkata,Satisfactory
10-06-2024,63,Kolkata,Satisfactory
11-06-2024,51,Kolkata,Satisfactory
12-06-2024,50,Kolkata,Good
13-06-2024,55,Kolkata,Satisfactory
14-06-2024,61,Kolkata,Satisfactory
15-06-2024,72,Kolkata,Satisfactory
16-06-2024,61,Kolkata,Satisfactory
17-06-2024,59,Kolkata,Satisfactory
18-06-2024,65,Kolkata,Satisfactory
19-06-2024,63,Kolkata,Satisfactory
20-06-2024,47,Kolkata,Good
21-06-2024,42,Kolkata,Good
22-06-2024,40,Kolkata,Good
23-06-2024,35,Kolkata,Good
24-06-2024,38,Kolkata,Good
25-06-2024,46,Kolkata,Good
26-06-2024,41,Kolkata,Good
27-06-2024,32,Kolkata,Good
28-06-2024,32,Kolkata,Good
29-06-2024,35,Kolkata,Good
30-06-2024,42,Kolkata,Good
01-07-2024,52,Kolkata,Satisfactory
02-07-2024,45,Kolkata,Good
03-07-2024,41,Kolkata,Good
04-07-2024,44,Kolkata,Good
05-07-2024,50,Kolkata,Good
06-07-2024,50,Kolkata,Good
07-07-2024,39,Kolkata,Good
08-07-2024,41,Kolkata,Good
09-07-2024,40,Kolkata,Good
10-07-2024,43,Kolkata,Good
11-07-2024,49,Kolkata,Good
12-07-2024,51,Kolkata,Satisfactory
13-07-2024,46,Kolkata,Good
14-07-2024,50,Kolkata,Good
15-07-2024,34,Kolkata,Good
16-07-2024,33,Kolkata,Good
17-07-2024,37,Kolkata,Good
18-07-2024,35,Kolkata,Good
19-07-2024,34,Kolkata,Good
20-07-2024,33,Kolkata,Good
21-07-2024,35,Kolkata,Good
22-07-2024,35,Kolkata,Good
23-07-2024,33,Kolkata,Good
24-07-2024,40,Kolkata,Good
25-07-2024,54,Kolkata,Satisfactory
26-07-2024,55,Kolkata,Satisfactory
27-07-2024,42,Kolkata,Good
28-07-2024,42,Kolkata,Good
29-07-2024,40,Kolkata,Good
30-07-2024,47,Kolkata,Good
31-07-2024,52,Kolkata,Satisfactory
01-08-2024,54,Kolkata,Satisfactory
02-08-2024,42,Kolkata,Good
03-08-2024,42,Kolkata,Good
04-08-2024,45,Kolkata,Good
05-08-2024,47,Kolkata,Good
06-08-2024,50,Kolkata,Good
07-08-2024,43,Kolkata,Good
08-08-2024,40,Kolkata,Good
09-08-2024,43,Kolkata,Good
10-08-2024,45,Kolkata,Good
11-08-2024,53,Kolkata,Satisfactory
12-08-2024,59,Kolkata,Satisfactory
13-08-2024,49,Kolkata,Good
14-08-2024,61,Kolkata,Satisfactory
15-08-2024,73,Kolkata,Satisfactory
16-08-2024,50,Kolkata,Good
17-08-2024,63,Kolkata,Satisfactory
18-08-2024,50,Kolkata,Good
19-08-2024,45,Kolkata,Good
20-08-2024,63,Kolkata,Satisfactory
21-08-2024,58,Kolkata,Satisfactory
22-08-2024,62,Kolkata,Satisfactory
23-08-2024,56,Kolkata,Satisfactory
24-08-2024,43,Kolkata,Good
25-08-2024,54,Kolkata,Satisfactory
26-08-2024,82,Kolkata,Satisfactory
27-08-2024,35,Kolkata,Good
28-08-2024,37,Kolkata,Good
29-08-2024,37,Kolkata,Good
30-08-2024,46,Kolkata,Good
31-08-2024,35,Kolkata,Good
01-09-2024,38,Kolkata,Good
02-09-2024,38,Kolkata,Good
03-09-2024,45,Kolkata,Good
04-09-2024,49,Kolkata,Good
05-09-2024,50,Kolkata,Good
06-09-2024,47,Kolkata,Good
07-09-2024,57,Kolkata,Satisfactory
08-09-2024,66,Kolkata,Satisfactory
09-09-2024,40,Kolkata,Good
10-09-2024,43,Kolkata,Good
11-09-2024,48,Kolkata,Good
12-09-2024,66,Kolkata,Satisfactory
13-09-2024,82,Kolkata,Satisfactory
14-09-2024,52,Kolkata,Satisfactory
15-09-2024,46,Kolkata,Good
16-09-2024,47,Kolkata,Good
17-09-2024,56,Kolkata,Satisfactory
18-09-2024,52,Kolkata,Satisfactory
19-09-2024,87,Kolkata,Satisfactory
20-09-2024,106,Kolkata,Moderate
21-09-2024,88,Kolkata,Satisfactory
22-09-2024,68,Kolkata,Satisfactory
23-09-2024,95,Kolkata,Satisfactory
24-09-2024,46,Kolkata,Good
25-09-2024,37,Kolkata,Good
26-09-2024,36,Kolkata,Good
27-09-2024,34,Kolkata,Good
28-09-2024,42,Kolkata,Good
29-09-2024,44,Kolkata,Good
30-09-2024,58,Kolkata,Satisfactory
01-10-2024,85,Kolkata,Satisfactory
02-10-2024,87,Kolkata,Satisfactory
03-10-2024,100,Kolkata,Satisfactory
04-10-2024,73,Kolkata,Satisfactory
05-10-2024,69,Kolkata,Satisfactory
06-10-2024,68,Kolkata,Satisfactory
07-10-2024,54,Kolkata,Satisfactory
08-10-2024,47,Kolkata,Good
09-10-2024,50,Kolkata,Good
10-10-2024,42,Kolkata,Good
11-10-2024,48,Kolkata,Good
12-10-2024,45,Kolkata,Good
13-10-2024,59,Kolkata,Satisfactory
14-10-2024,134,Kolkata,Moderate
15-10-2024,177,Kolkata,Moderate
16-10-2024,142,Kolkata,Moderate
17-10-2024,83,Kolkata,Satisfactory
18-10-2024,66,Kolkata,Satisfactory
19-10-2024,53,Kolkata,Satisfactory
20-10-2024,87,Kolkata,Satisfactory
21-10-2024,120,Kolkata,Moderate
22-10-2024,100,Kolkata,Satisfactory
23-10-2024,89,Kolkata,Satisfactory
24-10-2024,43,Kolkata,Good
25-10-2024,44,Kolkata,Good
26-10-2024,55,Kolkata,Satisfactory
27-10-2024,71,Kolkata,Satisfactory
28-10-2024,69,Kolkata,Satisfactory
29-10-2024,78,Kolkata,Satisfactory
30-10-2024,70,Kolkata,Satisfactory
31-10-2024,57,Kolkata,Satisfactory
01-11-2024,155,Kolkata,Moderate
02-11-2024,242,Kolkata,Poor
03-11-2024,178,Kolkata,Moderate
04-11-2024,159,Kolkata,Moderate
05-11-2024,150,Kolkata,Moderate
06-11-2024,110,Kolkata,Moderate
07-11-2024,102,Kolkata,Moderate
08-11-2024,102,Kolkata,Moderate
09-11-2024,96,Kolkata,Satisfactory
10-11-2024,87,Kolkata,Satisfactory
11-11-2024,90,Kolkata,Satisfactory
12-11-2024,100,Kolkata,Satisfactory
13-11-2024,103,Kolkata,Moderate
14-11-2024,204,Kolkata,Poor
15-11-2024,222,Kolkata,Poor
16-11-2024,172,Kolkata,Moderate
17-11-2024,202,Kolkata,Poor
18-11-2024,178,Kolkata,Moderate
19-11-2024,178,Kolkata,Moderate
20-11-2024,173,Kolkata,Moderate
21-11-2024,151,Kolkata,Moderate
22-11-2024,164,Kolkata,Moderate
23-11-2024,213,Kolkata,Poor
24-11-2024,220,Kolkata,Poor
25-11-2024,208,Kolkata,Poor
26-11-2024,262,Kolkata,Poor
27-11-2024,224,Kolkata,Poor
28-11-2024,124,Kolkata,Moderate
29-11-2024,93,Kolkata,Satisfactory
30-11-2024,104,Kolkata,Moderate
01-12-2024,85,Kolkata,Satisfactory
02-12-2024,104,Kolkata,Moderate
03-12-2024,191,Kolkata,Moderate
04-12-2024,201,Kolkata,Poor
05-12-2024,260,Kolkata,Poor
06-12-2024,159,Kolkata,Moderate
07-12-2024,129,Kolkata,Moderate
08-12-2024,142,Kolkata,Moderate
09-12-2024,167,Kolkata,Moderate
10-12-2024,169,Kolkata,Moderate
11-12-2024,161,Kolkata,Moderate
12-12-2024,175,Kolkata,Moderate
13-12-2024,165,Kolkata,Moderate
14-12-2024,185,Kolkata,Moderate
15-12-2024,157,Kolkata,Moderate
16-12-2024,190,Kolkata,Moderate
17-12-2024,207,Kolkata,Poor
18-12-2024,191,Kolkata,Moderate
19-12-2024,153,Kolkata,Moderate
20-12-2024,174,Kolkata,Moderate
21-12-2024,136,Kolkata,Moderate
22-12-2024,81,Kolkata,Satisfactory
23-12-2024,120,Kolkata,Moderate
24-12-2024,126,Kolkata,Moderate
25-12-2024,138,Kolkata,Moderate
26-12-2024,150,Kolkata,Moderate
27-12-2024,144,Kolkata,Moderate
28-12-2024,178,Kolkata,Moderate
29-12-2024,196,Kolkata,Moderate
30-12-2024,159,Kolkata,Moderate
31-12-2024,124,Kolkata,Moderate
01-01-2025,120,Kolkata,Moderate
02-01-2025,141,Kolkata,Moderate
03-01-2025,181,Kolkata,Moderate
04-01-2025,231,Kolkata,Poor
05-01-2025,201,Kolkata,Poor
06-01-2025,179,Kolkata,Moderate
07-01-2025,179,Kolkata,Moderate
08-01-2025,162,Kolkata,Moderate
09-01-2025,110,Kolkata,Moderate
10-01-2025,188,Kolkata,Moderate
11-01-2025,223,Kolkata,Poor
12-01-2025,241,Kolkata,Poor
13-01-2025,220,Kolkata,Poor
14-01-2025,232,Kolkata,Poor
15-01-2025,192,Kolkata,Moderate
16-01-2025,147,Kolkata,Moderate
17-01-2025,153,Kolkata,Moderate
18-01-2025,153,Kolkata,Moderate
19-01-2025,160,Kolkata,Moderate
20-01-2025,147,Kolkata,Moderate
21-01-2025,175,Kolkata,Moderate
22-01-2025,169,Kolkata,Moderate
23-01-2025,205,Kolkata,Poor
24-01-2025,181,Kolkata,Moderate
25-01-2025,188,Kolkata,Moderate
26-01-2025,162,Kolkata,Moderate
27-01-2025,167,Kolkata,Moderate
28-01-2025,189,Kolkata,Moderate
29-01-2025,123,Kolkata,Moderate
30-01-2025,106,Kolkata,Moderate
31-01-2025,96,Kolkata,Satisfactory
01-02-2025,84,Kolkata,Satisfactory
02-02-2025,118,Kolkata,Moderate
03-02-2025,180,Kolkata,Moderate
04-02-2025,132,Kolkata,Moderate
05-02-2025,159,Kolkata,Moderate
06-02-2025,124,Kolkata,Moderate
07-02-2025,124,Kolkata,Moderate
08-02-2025,141,Kolkata,Moderate
09-02-2025,139,Kolkata,Moderate
10-02-2025,158,Kolkata,Moderate
11-02-2025,98,Kolkata,Satisfactory
12-02-2025,97,Kolkata,Satisfactory
13-02-2025,100,Kolkata,Satisfactory
14-02-2025,144,Kolkata,Moderate
15-02-2025,152,Kolkata,Moderate
16-02-2025,122,Kolkata,Moderate
17-02-2025,88,Kolkata,Satisfactory
18-02-2025,68,Kolkata,Satisfactory
19-02-2025,90,Kolkata,Satisfactory
20-02-2025,75,Kolkata,Satisfactory
21-02-2025,69,Kolkata,Satisfactory
22-02-2025,85,Kolkata,Satisfactory
23-02-2025,90,Kolkata,Satisfactory
24-02-2025,106,Kolkata,Moderate
25-02-2025,121,Kolkata,Moderate
26-02-2025,129,Kolkata,Moderate
27-02-2025,161,Kolkata,Moderate
28-02-2025,129,Kolkata,Moderate
01-03-2025,106,Kolkata,Moderate
02-03-2025,87,Kolkata,Satisfactory
03-03-2025,99,Kolkata,Satisfactory
04-03-2025,96,Kolkata,Satisfactory
05-03-2025,112,Kolkata,Moderate
06-03-2025,116,Kolkata,Moderate
07-03-2025,120,Kolkata,Moderate
08-03-2025,126,Kolkata,Moderate
09-03-2025,90,Kolkata,Satisfactory
10-03-2025,99,Kolkata,Satisfactory
11-03-2025,93,Kolkata,Satisfactory
12-03-2025,91,Kolkata,Satisfactory
13-03-2025,84,Kolkata,Satisfactory
14-03-2025,81,Kolkata,Satisfactory
15-03-2025,73,Kolkata,Satisfactory
16-03-2025,65,Kolkata,Satisfactory
17-03-2025,71,Kolkata,Satisfactory
18-03-2025,76,Kolkata,Satisfactory
19-03-2025,118,Kolkata,Moderate
20-03-2025,67,Kolkata,Satisfactory
21-03-2025,92,Kolkata,Satisfactory
22-03-2025,51,Kolkata,Satisfactory
23-03-2025,75,Kolkata,Satisfactory
24-03-2025,114,Kolkata,Moderate
25-03-2025,135,Kolkata,Moderate
26-03-2025,91,Kolkata,Satisfactory
27-03-2025,76,Kolkata,Satisfactory
28-03-2025,103,Kolkata,Moderate
29-03-2025,128,Kolkata,Moderate
30-03-2025,109,Kolkata,Moderate
31-03-2025,78,Kolkata,Satisfactory
01-01-2019,194,Mumbai,Moderate
02-01-2019,180,Mumbai,Moderate
03-01-2019,267,Mumbai,Poor
04-01-2019,223,Mumbai,Poor
05-01-2019,178,Mumbai,Moderate
06-01-2019,192,Mumbai,Moderate
07-01-2019,146,Mumbai,Moderate
08-01-2019,161,Mumbai,Moderate
09-01-2019,154,Mumbai,Moderate
10-01-2019,219,Mumbai,Poor
11-01-2019,212,Mumbai,Poor
12-01-2019,200,Mumbai,Moderate
13-01-2019,206,Mumbai,Poor
14-01-2019,163,Mumbai,Moderate
15-01-2019,163,Mumbai,Moderate
16-01-2019,163,Mumbai,Moderate
17-01-2019,193,Mumbai,Moderate
18-01-2019,207,Mumbai,Poor
19-01-2019,202,Mumbai,Poor
20-01-2019,251,Mumbai,Poor
21-01-2019,137,Mumbai,Moderate
22-01-2019,108,Mumbai,Moderate
23-01-2019,93,Mumbai,Satisfactory
24-01-2019,134,Mumbai,Moderate
25-01-2019,123,Mumbai,Moderate
26-01-2019,115,Mumbai,Moderate
27-01-2019,110,Mumbai,Moderate
28-01-2019,110,Mumbai,Moderate
29-01-2019,118,Mumbai,Moderate
30-01-2019,156,Mumbai,Moderate
31-01-2019,153,Mumbai,Moderate
01-02-2019,153,Mumbai,Moderate
02-02-2019,158,Mumbai,Moderate
03-02-2019,204,Mumbai,Poor
04-02-2019,197,Mumbai,Moderate
05-02-2019,159,Mumbai,Moderate
06-02-2019,153,Mumbai,Moderate
07-02-2019,90,Mumbai,Satisfactory
08-02-2019,162,Mumbai,Moderate
09-02-2019,159,Mumbai,Moderate
10-02-2019,187,Mumbai,Moderate
11-02-2019,225,Mumbai,Poor
12-02-2019,219,Mumbai,Poor
13-02-2019,175,Mumbai,Moderate
14-02-2019,97,Mumbai,Satisfactory
15-02-2019,108,Mumbai,Moderate
16-02-2019,124,Mumbai,Moderate
17-02-2019,173,Mumbai,Moderate
18-02-2019,133,Mumbai,Moderate
19-02-2019,166,Mumbai,Moderate
20-02-2019,156,Mumbai,Moderate
21-02-2019,90,Mumbai,Satisfactory
22-02-2019,83,Mumbai,Satisfactory
23-02-2019,173,Mumbai,Moderate
24-02-2019,124,Mumbai,Moderate
25-02-2019,103,Mumbai,Moderate
26-02-2019,115,Mumbai,Moderate
27-02-2019,104,Mumbai,Moderate
02-03-2019,207,Mumbai,Poor
03-03-2019,84,Mumbai,Satisfactory
04-03-2019,83,Mumbai,Satisfactory
05-03-2019,113,Mumbai,Moderate
06-03-2019,101,Mumbai,Moderate
07-03-2019,96,Mumbai,Satisfactory
08-03-2019,102,Mumbai,Moderate
09-03-2019,189,Mumbai,Moderate
10-03-2019,144,Mumbai,Moderate
11-03-2019,120,Mumbai,Moderate
12-03-2019,92,Mumbai,Satisfactory
13-03-2019,151,Mumbai,Moderate
14-03-2019,95,Mumbai,Satisfactory
15-03-2019,162,Mumbai,Moderate
16-03-2019,174,Mumbai,Moderate
17-03-2019,126,Mumbai,Moderate
18-03-2019,125,Mumbai,Moderate
19-03-2019,137,Mumbai,Moderate
20-03-2019,89,Mumbai,Satisfactory
21-03-2019,82,Mumbai,Satisfactory
22-03-2019,74,Mumbai,Satisfactory
23-03-2019,87,Mumbai,Satisfactory
24-03-2019,168,Mumbai,Moderate
25-03-2019,165,Mumbai,Moderate
26-03-2019,138,Mumbai,Moderate
27-03-2019,122,Mumbai,Moderate
28-03-2019,105,Mumbai,Moderate
29-03-2019,91,Mumbai,Satisfactory
30-03-2019,99,Mumbai,Satisfactory
31-03-2019,80,Mumbai,Satisfactory
01-04-2019,90,Mumbai,Satisfactory
03-04-2019,99,Mumbai,Satisfactory
04-04-2019,88,Mumbai,Satisfactory
05-04-2019,91,Mumbai,Satisfactory
06-04-2019,91,Mumbai,Satisfactory
07-04-2019,93,Mumbai,Satisfactory
08-04-2019,93,Mumbai,Satisfactory
09-04-2019,90,Mumbai,Satisfactory
10-04-2019,93,Mumbai,Satisfactory
11-04-2019,89,Mumbai,Satisfactory
12-04-2019,93,Mumbai,Satisfactory
13-04-2019,100,Mumbai,Satisfactory
14-04-2019,95,Mumbai,Satisfactory
15-04-2019,92,Mumbai,Satisfactory
16-04-2019,95,Mumbai,Satisfactory
17-04-2019,85,Mumbai,Satisfactory
18-04-2019,94,Mumbai,Satisfactory
19-04-2019,94,Mumbai,Satisfactory
20-04-2019,97,Mumbai,Satisfactory
21-04-2019,95,Mumbai,Satisfactory
22-04-2019,97,Mumbai,Satisfactory
23-04-2019,98,Mumbai,Satisfactory
24-04-2019,90,Mumbai,Satisfactory
25-04-2019,88,Mumbai,Satisfactory
26-04-2019,92,Mumbai,Satisfactory
27-04-2019,96,Mumbai,Satisfactory
28-04-2019,99,Mumbai,Satisfactory
29-04-2019,93,Mumbai,Satisfactory
30-04-2019,93,Mumbai,Satisfactory
01-05-2019,88,Mumbai,Satisfactory
02-05-2019,109,Mumbai,Moderate
03-05-2019,90,Mumbai,Satisfactory
04-05-2019,89,Mumbai,Satisfactory
05-05-2019,88,Mumbai,Satisfactory
06-05-2019,93,Mumbai,Satisfactory
07-05-2019,94,Mumbai,Satisfactory
08-05-2019,88,Mumbai,Satisfactory
09-05-2019,89,Mumbai,Satisfactory
10-05-2019,87,Mumbai,Satisfactory
11-05-2019,92,Mumbai,Satisfactory
12-05-2019,93,Mumbai,Satisfactory
13-05-2019,90,Mumbai,Satisfactory
14-05-2019,91,Mumbai,Satisfactory
15-05-2019,82,Mumbai,Satisfactory
16-05-2019,77,Mumbai,Satisfactory
17-05-2019,78,Mumbai,Satisfactory
18-05-2019,80,Mumbai,Satisfactory
19-05-2019,79,Mumbai,Satisfactory
20-05-2019,83,Mumbai,Satisfactory
21-05-2019,90,Mumbai,Satisfactory
22-05-2019,87,Mumbai,Satisfactory
23-05-2019,90,Mumbai,Satisfactory
24-05-2019,89,Mumbai,Satisfactory
25-05-2019,71,Mumbai,Satisfactory
26-05-2019,68,Mumbai,Satisfactory
27-05-2019,86,Mumbai,Satisfactory
28-05-2019,88,Mumbai,Satisfactory
29-05-2019,90,Mumbai,Satisfactory
30-05-2019,69,Mumbai,Satisfactory
31-05-2019,71,Mumbai,Satisfactory
01-06-2019,79,Mumbai,Satisfactory
02-06-2019,79,Mumbai,Satisfactory
03-06-2019,78,Mumbai,Satisfactory
04-06-2019,58,Mumbai,Satisfactory
05-06-2019,59,Mumbai,Satisfactory
06-06-2019,60,Mumbai,Satisfactory
07-06-2019,70,Mumbai,Satisfactory
08-06-2019,72,Mumbai,Satisfactory
09-06-2019,87,Mumbai,Satisfactory
10-06-2019,81,Mumbai,Satisfactory
11-06-2019,62,Mumbai,Satisfactory
12-06-2019,61,Mumbai,Satisfactory
13-06-2019,52,Mumbai,Satisfactory
14-06-2019,70,Mumbai,Satisfactory
15-06-2019,51,Mumbai,Satisfactory
16-06-2019,56,Mumbai,Satisfactory
17-06-2019,59,Mumbai,Satisfactory
18-06-2019,65,Mumbai,Satisfactory
19-06-2019,51,Mumbai,Satisfactory
20-06-2019,84,Mumbai,Satisfactory
21-06-2019,79,Mumbai,Satisfactory
22-06-2019,88,Mumbai,Satisfactory
23-06-2019,88,Mumbai,Satisfactory
24-06-2019,90,Mumbai,Satisfactory
25-06-2019,60,Mumbai,Satisfactory
26-06-2019,59,Mumbai,Satisfactory
27-06-2019,44,Mumbai,Good
28-06-2019,42,Mumbai,Good
29-06-2019,44,Mumbai,Good
30-06-2019,48,Mumbai,Good
01-07-2019,42,Mumbai,Good
02-07-2019,46,Mumbai,Good
03-07-2019,41,Mumbai,Good
04-07-2019,46,Mumbai,Good
05-07-2019,55,Mumbai,Satisfactory
06-07-2019,52,Mumbai,Satisfactory
07-07-2019,63,Mumbai,Satisfactory
08-07-2019,51,Mumbai,Satisfactory
09-07-2019,53,Mumbai,Satisfactory
10-07-2019,42,Mumbai,Good
11-07-2019,52,Mumbai,Satisfactory
12-07-2019,53,Mumbai,Satisfactory
13-07-2019,55,Mumbai,Satisfactory
14-07-2019,50,Mumbai,Good
15-07-2019,58,Mumbai,Satisfactory
16-07-2019,58,Mumbai,Satisfactory
17-07-2019,63,Mumbai,Satisfactory
18-07-2019,67,Mumbai,Satisfactory
19-07-2019,77,Mumbai,Satisfactory
20-07-2019,74,Mumbai,Satisfactory
21-07-2019,57,Mumbai,Satisfactory
22-07-2019,44,Mumbai,Good
23-07-2019,40,Mumbai,Good
24-07-2019,34,Mumbai,Good
25-07-2019,38,Mumbai,Good
26-07-2019,46,Mumbai,Good
27-07-2019,50,Mumbai,Good
28-07-2019,56,Mumbai,Satisfactory
29-07-2019,67,Mumbai,Satisfactory
30-07-2019,44,Mumbai,Good
31-07-2019,43,Mumbai,Good
01-08-2019,46,Mumbai,Good
02-08-2019,44,Mumbai,Good
03-08-2019,37,Mumbai,Good
04-08-2019,41,Mumbai,Good
05-08-2019,44,Mumbai,Good
06-08-2019,51,Mumbai,Satisfactory
07-08-2019,54,Mumbai,Satisfactory
08-08-2019,69,Mumbai,Satisfactory
09-08-2019,72,Mumbai,Satisfactory
10-08-2019,68,Mumbai,Satisfactory
11-08-2019,70,Mumbai,Satisfactory
12-08-2019,65,Mumbai,Satisfactory
13-08-2019,56,Mumbai,Satisfactory
14-08-2019,62,Mumbai,Satisfactory
15-08-2019,61,Mumbai,Satisfactory
16-08-2019,52,Mumbai,Satisfactory
17-08-2019,69,Mumbai,Satisfactory
18-08-2019,60,Mumbai,Satisfactory
19-08-2019,61,Mumbai,Satisfactory
20-08-2019,67,Mumbai,Satisfactory
21-08-2019,60,Mumbai,Satisfactory
22-08-2019,57,Mumbai,Satisfactory
23-08-2019,59,Mumbai,Satisfactory
24-08-2019,59,Mumbai,Satisfactory
25-08-2019,56,Mumbai,Satisfactory
26-08-2019,69,Mumbai,Satisfactory
27-08-2019,61,Mumbai,Satisfactory
28-08-2019,45,Mumbai,Good
29-08-2019,50,Mumbai,Good
30-08-2019,49,Mumbai,Good
31-08-2019,50,Mumbai,Good
01-09-2019,43,Mumbai,Good
02-09-2019,54,Mumbai,Satisfactory
03-09-2019,39,Mumbai,Good
04-09-2019,36,Mumbai,Good
05-09-2019,36,Mumbai,Good
06-09-2019,37,Mumbai,Good
07-09-2019,41,Mumbai,Good
08-09-2019,39,Mumbai,Good
09-09-2019,45,Mumbai,Good
10-09-2019,46,Mumbai,Good
11-09-2019,50,Mumbai,Good
12-09-2019,47,Mumbai,Good
13-09-2019,39,Mumbai,Good
14-09-2019,49,Mumbai,Good
15-09-2019,46,Mumbai,Good
16-09-2019,44,Mumbai,Good
17-09-2019,44,Mumbai,Good
18-09-2019,50,Mumbai,Good
19-09-2019,66,Mumbai,Satisfactory
20-09-2019,66,Mumbai,Satisfactory
21-09-2019,40,Mumbai,Good
22-09-2019,45,Mumbai,Good
23-09-2019,58,Mumbai,Satisfactory
24-09-2019,60,Mumbai,Satisfactory
25-09-2019,44,Mumbai,Good
26-09-2019,54,Mumbai,Satisfactory
27-09-2019,32,Mumbai,Good
28-09-2019,29,Mumbai,Good
29-09-2019,33,Mumbai,Good
30-09-2019,28,Mumbai,Good
01-10-2019,37,Mumbai,Good
02-10-2019,60,Mumbai,Satisfactory
03-10-2019,55,Mumbai,Satisfactory
04-10-2019,62,Mumbai,Satisfactory
05-10-2019,82,Mumbai,Satisfactory
06-10-2019,102,Mumbai,Moderate
07-10-2019,91,Mumbai,Satisfactory
08-10-2019,124,Mumbai,Moderate
09-10-2019,64,Mumbai,Satisfactory
10-10-2019,88,Mumbai,Satisfactory
11-10-2019,106,Mumbai,Moderate
12-10-2019,116,Mumbai,Moderate
13-10-2019,109,Mumbai,Moderate
14-10-2019,116,Mumbai,Moderate
15-10-2019,106,Mumbai,Moderate
16-10-2019,106,Mumbai,Moderate
17-10-2019,146,Mumbai,Moderate
18-10-2019,142,Mumbai,Moderate
19-10-2019,69,Mumbai,Satisfactory
20-10-2019,46,Mumbai,Good
21-10-2019,50,Mumbai,Good
22-10-2019,56,Mumbai,Satisfactory
23-10-2019,50,Mumbai,Good
24-10-2019,71,Mumbai,Satisfactory
25-10-2019,62,Mumbai,Satisfactory
26-10-2019,56,Mumbai,Satisfactory
27-10-2019,92,Mumbai,Satisfactory
28-10-2019,104,Mumbai,Moderate
29-10-2019,112,Mumbai,Moderate
30-10-2019,89,Mumbai,Satisfactory
31-10-2019,76,Mumbai,Satisfactory
01-11-2019,65,Mumbai,Satisfactory
02-11-2019,43,Mumbai,Good
03-11-2019,69,Mumbai,Satisfactory
04-11-2019,71,Mumbai,Satisfactory
05-11-2019,71,Mumbai,Satisfactory
06-11-2019,109,Mumbai,Moderate
07-11-2019,71,Mumbai,Satisfactory
08-11-2019,46,Mumbai,Good
09-11-2019,75,Mumbai,Satisfactory
10-11-2019,92,Mumbai,Satisfactory
11-11-2019,109,Mumbai,Moderate
12-11-2019,138,Mumbai,Moderate
13-11-2019,132,Mumbai,Moderate
14-11-2019,115,Mumbai,Moderate
15-11-2019,139,Mumbai,Moderate
16-11-2019,151,Mumbai,Moderate
17-11-2019,145,Mumbai,Moderate
18-11-2019,135,Mumbai,Moderate
19-11-2019,192,Mumbai,Moderate
20-11-2019,207,Mumbai,Poor
21-11-2019,202,Mumbai,Poor
22-11-2019,205,Mumbai,Poor
23-11-2019,180,Mumbai,Moderate
24-11-2019,172,Mumbai,Moderate
25-11-2019,205,Mumbai,Poor
26-11-2019,184,Mumbai,Moderate
27-11-2019,171,Mumbai,Moderate
28-11-2019,153,Mumbai,Moderate
29-11-2019,163,Mumbai,Moderate
30-11-2019,190,Mumbai,Moderate
01-12-2019,211,Mumbai,Poor
02-12-2019,151,Mumbai,Moderate
03-12-2019,104,Mumbai,Moderate
04-12-2019,92,Mumbai,Satisfactory
05-12-2019,112,Mumbai,Moderate
06-12-2019,199,Mumbai,Moderate
07-12-2019,145,Mumbai,Moderate
08-12-2019,174,Mumbai,Moderate
09-12-2019,206,Mumbai,Poor
10-12-2019,174,Mumbai,Moderate
11-12-2019,206,Mumbai,Poor
12-12-2019,215,Mumbai,Poor
13-12-2019,185,Mumbai,Moderate
14-12-2019,99,Mumbai,Satisfactory
15-12-2019,133,Mumbai,Moderate
16-12-2019,191,Mumbai,Moderate
17-12-2019,175,Mumbai,Moderate
18-12-2019,161,Mumbai,Moderate
19-12-2019,166,Mumbai,Moderate
20-12-2019,197,Mumbai,Moderate
21-12-2019,203,Mumbai,Poor
22-12-2019,213,Mumbai,Poor
23-12-2019,212,Mumbai,Poor
24-12-2019,245,Mumbai,Poor
25-12-2019,280,Mumbai,Poor
26-12-2019,244,Mumbai,Poor
27-12-2019,183,Mumbai,Moderate
28-12-2019,162,Mumbai,Moderate
29-12-2019,153,Mumbai,Moderate
30-12-2019,197,Mumbai,Moderate
31-12-2019,147,Mumbai,Moderate
01-01-2020,198,Mumbai,Moderate
02-01-2020,243,Mumbai,Poor
03-01-2020,201,Mumbai,Poor
04-01-2020,221,Mumbai,Poor
05-01-2020,211,Mumbai,Poor
06-01-2020,137,Mumbai,Moderate
07-01-2020,189,Mumbai,Moderate
08-01-2020,152,Mumbai,Moderate
09-01-2020,124,Mumbai,Moderate
10-01-2020,125,Mumbai,Moderate
11-01-2020,155,Mumbai,Moderate
12-01-2020,217,Mumbai,Poor
13-01-2020,163,Mumbai,Moderate
14-01-2020,84,Mumbai,Satisfactory
15-01-2020,96,Mumbai,Satisfactory
16-01-2020,81,Mumbai,Satisfactory
17-01-2020,88,Mumbai,Satisfactory
18-01-2020,188,Mumbai,Moderate
19-01-2020,210,Mumbai,Poor
20-01-2020,193,Mumbai,Moderate
21-01-2020,229,Mumbai,Poor
22-01-2020,174,Mumbai,Moderate
23-01-2020,195,Mumbai,Moderate
24-01-2020,171,Mumbai,Moderate
25-01-2020,188,Mumbai,Moderate
26-01-2020,250,Mumbai,Poor
27-01-2020,148,Mumbai,Moderate
28-01-2020,82,Mumbai,Satisfactory
29-01-2020,82,Mumbai,Satisfactory
30-01-2020,127,Mumbai,Moderate
31-01-2020,146,Mumbai,Moderate
01-02-2020,164,Mumbai,Moderate
02-02-2020,179,Mumbai,Moderate
03-02-2020,188,Mumbai,Moderate
04-02-2020,176,Mumbai,Moderate
05-02-2020,137,Mumbai,Moderate
06-02-2020,123,Mumbai,Moderate
07-02-2020,126,Mumbai,Moderate
08-02-2020,135,Mumbai,Moderate
09-02-2020,138,Mumbai,Moderate
10-02-2020,134,Mumbai,Moderate
11-02-2020,139,Mumbai,Moderate
12-02-2020,133,Mumbai,Moderate
13-02-2020,155,Mumbai,Moderate
14-02-2020,136,Mumbai,Moderate
15-02-2020,146,Mumbai,Moderate
16-02-2020,150,Mumbai,Moderate
17-02-2020,233,Mumbai,Poor
18-02-2020,202,Mumbai,Poor
19-02-2020,220,Mumbai,Poor
20-02-2020,155,Mumbai,Moderate
21-02-2020,98,Mumbai,Satisfactory
22-02-2020,123,Mumbai,Moderate
23-02-2020,193,Mumbai,Moderate
24-02-2020,170,Mumbai,Moderate
25-02-2020,150,Mumbai,Moderate
26-02-2020,131,Mumbai,Moderate
27-02-2020,131,Mumbai,Moderate
28-02-2020,172,Mumbai,Moderate
01-03-2020,107,Mumbai,Moderate
02-03-2020,122,Mumbai,Moderate
03-03-2020,125,Mumbai,Moderate
04-03-2020,117,Mumbai,Moderate
05-03-2020,104,Mumbai,Moderate
06-03-2020,101,Mumbai,Moderate
07-03-2020,108,Mumbai,Moderate
08-03-2020,119,Mumbai,Moderate
09-03-2020,123,Mumbai,Moderate
10-03-2020,130,Mumbai,Moderate
11-03-2020,73,Mumbai,Satisfactory
12-03-2020,79,Mumbai,Satisfactory
13-03-2020,84,Mumbai,Satisfactory
14-03-2020,112,Mumbai,Moderate
15-03-2020,158,Mumbai,Moderate
16-03-2020,153,Mumbai,Moderate
17-03-2020,197,Mumbai,Moderate
18-03-2020,146,Mumbai,Moderate
19-03-2020,102,Mumbai,Moderate
20-03-2020,82,Mumbai,Satisfactory
21-03-2020,72,Mumbai,Satisfactory
22-03-2020,54,Mumbai,Satisfactory
23-03-2020,64,Mumbai,Satisfactory
24-03-2020,81,Mumbai,Satisfactory
25-03-2020,87,Mumbai,Satisfactory
26-03-2020,69,Mumbai,Satisfactory
27-03-2020,66,Mumbai,Satisfactory
28-03-2020,72,Mumbai,Satisfactory
29-03-2020,71,Mumbai,Satisfactory
30-03-2020,69,Mumbai,Satisfactory
31-03-2020,67,Mumbai,Satisfactory
01-04-2020,57,Mumbai,Satisfactory
02-04-2020,72,Mumbai,Satisfactory
03-04-2020,85,Mumbai,Satisfactory
04-04-2020,81,Mumbai,Satisfactory
05-04-2020,77,Mumbai,Satisfactory
06-04-2020,58,Mumbai,Satisfactory
07-04-2020,64,Mumbai,Satisfactory
08-04-2020,97,Mumbai,Satisfactory
09-04-2020,94,Mumbai,Satisfactory
10-04-2020,83,Mumbai,Satisfactory
11-04-2020,77,Mumbai,Satisfactory
12-04-2020,87,Mumbai,Satisfactory
13-04-2020,76,Mumbai,Satisfactory
14-04-2020,81,Mumbai,Satisfactory
15-04-2020,81,Mumbai,Satisfactory
16-04-2020,65,Mumbai,Satisfactory
17-04-2020,65,Mumbai,Satisfactory
18-04-2020,68,Mumbai,Satisfactory
19-04-2020,67,Mumbai,Satisfactory
20-04-2020,82,Mumbai,Satisfactory
21-04-2020,65,Mumbai,Satisfactory
22-04-2020,51,Mumbai,Satisfactory
23-04-2020,63,Mumbai,Satisfactory
24-04-2020,50,Mumbai,Good
25-04-2020,48,Mumbai,Good
26-04-2020,57,Mumbai,Satisfactory
27-04-2020,52,Mumbai,Satisfactory
28-04-2020,53,Mumbai,Satisfactory
29-04-2020,81,Mumbai,Satisfactory
30-04-2020,60,Mumbai,Satisfactory
01-05-2020,51,Mumbai,Satisfactory
02-05-2020,43,Mumbai,Good
03-05-2020,40,Mumbai,Good
04-05-2020,37,Mumbai,Good
05-05-2020,38,Mumbai,Good
06-05-2020,50,Mumbai,Good
07-05-2020,55,Mumbai,Satisfactory
08-05-2020,67,Mumbai,Satisfactory
09-05-2020,65,Mumbai,Satisfactory
10-05-2020,64,Mumbai,Satisfactory
11-05-2020,61,Mumbai,Satisfactory
12-05-2020,67,Mumbai,Satisfactory
13-05-2020,67,Mumbai,Satisfactory
14-05-2020,54,Mumbai,Satisfactory
15-05-2020,70,Mumbai,Satisfactory
16-05-2020,76,Mumbai,Satisfactory
17-05-2020,120,Mumbai,Moderate
18-05-2020,78,Mumbai,Satisfactory
19-05-2020,74,Mumbai,Satisfactory
20-05-2020,48,Mumbai,Good
21-05-2020,43,Mumbai,Good
22-05-2020,42,Mumbai,Good
23-05-2020,45,Mumbai,Good
24-05-2020,40,Mumbai,Good
25-05-2020,45,Mumbai,Good
26-05-2020,51,Mumbai,Satisfactory
27-05-2020,45,Mumbai,Good
28-05-2020,45,Mumbai,Good
29-05-2020,35,Mumbai,Good
30-05-2020,37,Mumbai,Good
31-05-2020,43,Mumbai,Good
01-06-2020,34,Mumbai,Good
02-06-2020,46,Mumbai,Good
03-06-2020,32,Mumbai,Good
04-06-2020,36,Mumbai,Good
05-06-2020,41,Mumbai,Good
06-06-2020,30,Mumbai,Good
07-06-2020,41,Mumbai,Good
08-06-2020,36,Mumbai,Good
09-06-2020,34,Mumbai,Good
10-06-2020,40,Mumbai,Good
11-06-2020,35,Mumbai,Good
12-06-2020,38,Mumbai,Good
13-06-2020,33,Mumbai,Good
14-06-2020,32,Mumbai,Good
15-06-2020,31,Mumbai,Good
16-06-2020,37,Mumbai,Good
17-06-2020,36,Mumbai,Good
18-06-2020,35,Mumbai,Good
19-06-2020,42,Mumbai,Good
20-06-2020,51,Mumbai,Satisfactory
21-06-2020,43,Mumbai,Good
22-06-2020,42,Mumbai,Good
23-06-2020,41,Mumbai,Good
24-06-2020,33,Mumbai,Good
25-06-2020,36,Mumbai,Good
26-06-2020,42,Mumbai,Good
27-06-2020,50,Mumbai,Good
28-06-2020,49,Mumbai,Good
29-06-2020,36,Mumbai,Good
30-06-2020,33,Mumbai,Good
01-07-2020,31,Mumbai,Good
02-07-2020,29,Mumbai,Good
03-07-2020,34,Mumbai,Good
04-07-2020,28,Mumbai,Good
05-07-2020,33,Mumbai,Good
06-07-2020,56,Mumbai,Satisfactory
07-07-2020,38,Mumbai,Good
08-07-2020,38,Mumbai,Good
09-07-2020,45,Mumbai,Good
10-07-2020,48,Mumbai,Good
11-07-2020,45,Mumbai,Good
12-07-2020,36,Mumbai,Good
13-07-2020,36,Mumbai,Good
14-07-2020,36,Mumbai,Good
15-07-2020,31,Mumbai,Good
16-07-2020,33,Mumbai,Good
17-07-2020,34,Mumbai,Good
18-07-2020,37,Mumbai,Good
19-07-2020,46,Mumbai,Good
20-07-2020,47,Mumbai,Good
21-07-2020,49,Mumbai,Good
22-07-2020,54,Mumbai,Satisfactory
23-07-2020,39,Mumbai,Good
24-07-2020,50,Mumbai,Good
25-07-2020,44,Mumbai,Good
26-07-2020,45,Mumbai,Good
27-07-2020,26,Mumbai,Good
28-07-2020,35,Mumbai,Good
29-07-2020,37,Mumbai,Good
30-07-2020,32,Mumbai,Good
31-07-2020,35,Mumbai,Good
01-08-2020,34,Mumbai,Good
02-08-2020,27,Mumbai,Good
03-08-2020,26,Mumbai,Good
04-08-2020,25,Mumbai,Good
05-08-2020,30,Mumbai,Good
06-08-2020,36,Mumbai,Good
07-08-2020,36,Mumbai,Good
08-08-2020,49,Mumbai,Good
09-08-2020,44,Mumbai,Good
10-08-2020,42,Mumbai,Good
11-08-2020,41,Mumbai,Good
12-08-2020,38,Mumbai,Good
13-08-2020,38,Mumbai,Good
14-08-2020,35,Mumbai,Good
15-08-2020,37,Mumbai,Good
16-08-2020,47,Mumbai,Good
17-08-2020,43,Mumbai,Good
18-08-2020,28,Mumbai,Good
19-08-2020,33,Mumbai,Good
20-08-2020,41,Mumbai,Good
21-08-2020,39,Mumbai,Good
22-08-2020,35,Mumbai,Good
23-08-2020,37,Mumbai,Good
24-08-2020,36,Mumbai,Good
25-08-2020,49,Mumbai,Good
26-08-2020,36,Mumbai,Good
27-08-2020,35,Mumbai,Good
28-08-2020,32,Mumbai,Good
29-08-2020,31,Mumbai,Good
30-08-2020,28,Mumbai,Good
31-08-2020,30,Mumbai,Good
01-09-2020,36,Mumbai,Good
02-09-2020,47,Mumbai,Good
03-09-2020,57,Mumbai,Satisfactory
04-09-2020,69,Mumbai,Satisfactory
05-09-2020,84,Mumbai,Satisfactory
06-09-2020,128,Mumbai,Moderate
07-09-2020,55,Mumbai,Satisfactory
08-09-2020,49,Mumbai,Good
09-09-2020,55,Mumbai,Satisfactory
10-09-2020,68,Mumbai,Satisfactory
11-09-2020,68,Mumbai,Satisfactory
12-09-2020,48,Mumbai,Good
13-09-2020,39,Mumbai,Good
14-09-2020,44,Mumbai,Good
15-09-2020,40,Mumbai,Good
16-09-2020,39,Mumbai,Good
17-09-2020,40,Mumbai,Good
18-09-2020,52,Mumbai,Satisfactory
19-09-2020,59,Mumbai,Satisfactory
20-09-2020,53,Mumbai,Satisfactory
21-09-2020,58,Mumbai,Satisfactory
22-09-2020,64,Mumbai,Satisfactory
23-09-2020,42,Mumbai,Good
24-09-2020,44,Mumbai,Good
25-09-2020,53,Mumbai,Satisfactory
26-09-2020,63,Mumbai,Satisfactory
27-09-2020,65,Mumbai,Satisfactory
28-09-2020,69,Mumbai,Satisfactory
29-09-2020,75,Mumbai,Satisfactory
30-09-2020,80,Mumbai,Satisfactory
01-10-2020,75,Mumbai,Satisfactory
02-10-2020,77,Mumbai,Satisfactory
03-10-2020,100,Mumbai,Satisfactory
04-10-2020,70,Mumbai,Satisfactory
05-10-2020,55,Mumbai,Satisfactory
06-10-2020,76,Mumbai,Satisfactory
07-10-2020,93,Mumbai,Satisfactory
08-10-2020,106,Mumbai,Moderate
09-10-2020,124,Mumbai,Moderate
10-10-2020,145,Mumbai,Moderate
11-10-2020,110,Mumbai,Moderate
12-10-2020,99,Mumbai,Satisfactory
13-10-2020,110,Mumbai,Moderate
14-10-2020,106,Mumbai,Moderate
15-10-2020,68,Mumbai,Satisfactory
16-10-2020,59,Mumbai,Satisfactory
17-10-2020,71,Mumbai,Satisfactory
18-10-2020,82,Mumbai,Satisfactory
19-10-2020,78,Mumbai,Satisfactory
20-10-2020,90,Mumbai,Satisfactory
21-10-2020,83,Mumbai,Satisfactory
22-10-2020,90,Mumbai,Satisfactory
23-10-2020,82,Mumbai,Satisfactory
24-10-2020,113,Mumbai,Moderate
25-10-2020,83,Mumbai,Satisfactory
26-10-2020,94,Mumbai,Satisfactory
27-10-2020,100,Mumbai,Satisfactory
28-10-2020,130,Mumbai,Moderate
29-10-2020,146,Mumbai,Moderate
30-10-2020,131,Mumbai,Moderate
31-10-2020,119,Mumbai,Moderate
01-11-2020,111,Mumbai,Moderate
02-11-2020,125,Mumbai,Moderate
03-11-2020,194,Mumbai,Moderate
04-11-2020,160,Mumbai,Moderate
05-11-2020,163,Mumbai,Moderate
06-11-2020,128,Mumbai,Moderate
07-11-2020,130,Mumbai,Moderate
08-11-2020,142,Mumbai,Moderate
09-11-2020,148,Mumbai,Moderate
10-11-2020,146,Mumbai,Moderate
11-11-2020,182,Mumbai,Moderate
12-11-2020,170,Mumbai,Moderate
13-11-2020,171,Mumbai,Moderate
14-11-2020,131,Mumbai,Moderate
15-11-2020,148,Mumbai,Moderate
16-11-2020,143,Mumbai,Moderate
17-11-2020,175,Mumbai,Moderate
18-11-2020,167,Mumbai,Moderate
19-11-2020,146,Mumbai,Moderate
20-11-2020,143,Mumbai,Moderate
21-11-2020,160,Mumbai,Moderate
22-11-2020,170,Mumbai,Moderate
23-11-2020,156,Mumbai,Moderate
24-11-2020,139,Mumbai,Moderate
25-11-2020,210,Mumbai,Poor
26-11-2020,225,Mumbai,Poor
27-11-2020,182,Mumbai,Moderate
28-11-2020,139,Mumbai,Moderate
29-11-2020,110,Mumbai,Moderate
30-11-2020,125,Mumbai,Moderate
01-12-2020,152,Mumbai,Moderate
02-12-2020,163,Mumbai,Moderate
03-12-2020,170,Mumbai,Moderate
04-12-2020,167,Mumbai,Moderate
05-12-2020,185,Mumbai,Moderate
06-12-2020,149,Mumbai,Moderate
07-12-2020,144,Mumbai,Moderate
08-12-2020,157,Mumbai,Moderate
09-12-2020,136,Mumbai,Moderate
10-12-2020,143,Mumbai,Moderate
11-12-2020,151,Mumbai,Moderate
12-12-2020,139,Mumbai,Moderate
13-12-2020,146,Mumbai,Moderate
14-12-2020,105,Mumbai,Moderate
15-12-2020,152,Mumbai,Moderate
16-12-2020,194,Mumbai,Moderate
17-12-2020,205,Mumbai,Poor
18-12-2020,203,Mumbai,Poor
19-12-2020,185,Mumbai,Moderate
20-12-2020,178,Mumbai,Moderate
21-12-2020,151,Mumbai,Moderate
22-12-2020,141,Mumbai,Moderate
23-12-2020,172,Mumbai,Moderate
24-12-2020,193,Mumbai,Moderate
25-12-2020,209,Mumbai,Poor
26-12-2020,221,Mumbai,Poor
27-12-2020,225,Mumbai,Poor
28-12-2020,168,Mumbai,Moderate
29-12-2020,192,Mumbai,Moderate
30-12-2020,225,Mumbai,Poor
31-12-2020,245,Mumbai,Poor
01-01-2021,244,Mumbai,Poor
02-01-2021,255,Mumbai,Poor
03-01-2021,251,Mumbai,Poor
04-01-2021,226,Mumbai,Poor
05-01-2021,234,Mumbai,Poor
06-01-2021,274,Mumbai,Poor
07-01-2021,285,Mumbai,Poor
08-01-2021,272,Mumbai,Poor
09-01-2021,234,Mumbai,Poor
10-01-2021,244,Mumbai,Poor
11-01-2021,214,Mumbai,Poor
12-01-2021,194,Mumbai,Moderate
13-01-2021,193,Mumbai,Moderate
14-01-2021,193,Mumbai,Moderate
15-01-2021,145,Mumbai,Moderate
16-01-2021,140,Mumbai,Moderate
17-01-2021,173,Mumbai,Moderate
18-01-2021,124,Mumbai,Moderate
19-01-2021,153,Mumbai,Moderate
20-01-2021,193,Mumbai,Moderate
21-01-2021,189,Mumbai,Moderate
22-01-2021,233,Mumbai,Poor
23-01-2021,255,Mumbai,Poor
24-01-2021,198,Mumbai,Moderate
25-01-2021,207,Mumbai,Poor
26-01-2021,223,Mumbai,Poor
27-01-2021,231,Mumbai,Poor
28-01-2021,247,Mumbai,Poor
29-01-2021,224,Mumbai,Poor
30-01-2021,218,Mumbai,Poor
31-01-2021,196,Mumbai,Moderate
01-02-2021,184,Mumbai,Moderate
02-02-2021,180,Mumbai,Moderate
03-02-2021,188,Mumbai,Moderate
04-02-2021,182,Mumbai,Moderate
05-02-2021,182,Mumbai,Moderate
06-02-2021,149,Mumbai,Moderate
07-02-2021,151,Mumbai,Moderate
08-02-2021,150,Mumbai,Moderate
09-02-2021,165,Mumbai,Moderate
10-02-2021,196,Mumbai,Moderate
11-02-2021,245,Mumbai,Poor
12-02-2021,249,Mumbai,Poor
13-02-2021,182,Mumbai,Moderate
14-02-2021,132,Mumbai,Moderate
15-02-2021,100,Mumbai,Satisfactory
16-02-2021,99,Mumbai,Satisfactory
17-02-2021,100,Mumbai,Satisfactory
18-02-2021,206,Mumbai,Poor
19-02-2021,120,Mumbai,Moderate
20-02-2021,116,Mumbai,Moderate
21-02-2021,119,Mumbai,Moderate
22-02-2021,144,Mumbai,Moderate
23-02-2021,169,Mumbai,Moderate
24-02-2021,224,Mumbai,Poor
25-02-2021,191,Mumbai,Moderate
26-02-2021,127,Mumbai,Moderate
27-02-2021,110,Mumbai,Moderate
28-02-2021,139,Mumbai,Moderate
01-03-2021,161,Mumbai,Moderate
02-03-2021,175,Mumbai,Moderate
03-03-2021,142,Mumbai,Moderate
04-03-2021,185,Mumbai,Moderate
05-03-2021,211,Mumbai,Poor
06-03-2021,147,Mumbai,Moderate
07-03-2021,128,Mumbai,Moderate
08-03-2021,110,Mumbai,Moderate
09-03-2021,137,Mumbai,Moderate
10-03-2021,151,Mumbai,Moderate
11-03-2021,120,Mumbai,Moderate
12-03-2021,98,Mumbai,Satisfactory
13-03-2021,152,Mumbai,Moderate
14-03-2021,157,Mumbai,Moderate
15-03-2021,156,Mumbai,Moderate
16-03-2021,151,Mumbai,Moderate
17-03-2021,158,Mumbai,Moderate
18-03-2021,154,Mumbai,Moderate
19-03-2021,145,Mumbai,Moderate
20-03-2021,161,Mumbai,Moderate
21-03-2021,171,Mumbai,Moderate
22-03-2021,143,Mumbai,Moderate
23-03-2021,160,Mumbai,Moderate
24-03-2021,193,Mumbai,Moderate
25-03-2021,170,Mumbai,Moderate
26-03-2021,170,Mumbai,Moderate
27-03-2021,177,Mumbai,Moderate
28-03-2021,172,Mumbai,Moderate
29-03-2021,130,Mumbai,Moderate
30-03-2021,75,Mumbai,Satisfactory
31-03-2021,81,Mumbai,Satisfactory
01-04-2021,113,Mumbai,Moderate
02-04-2021,162,Mumbai,Moderate
03-04-2021,139,Mumbai,Moderate
04-04-2021,102,Mumbai,Moderate
05-04-2021,90,Mumbai,Satisfactory
06-04-2021,115,Mumbai,Moderate
07-04-2021,101,Mumbai,Moderate
08-04-2021,99,Mumbai,Satisfactory
09-04-2021,99,Mumbai,Satisfactory
10-04-2021,137,Mumbai,Moderate
11-04-2021,106,Mumbai,Moderate
12-04-2021,92,Mumbai,Satisfactory
13-04-2021,111,Mumbai,Moderate
14-04-2021,94,Mumbai,Satisfactory
15-04-2021,88,Mumbai,Satisfactory
16-04-2021,79,Mumbai,Satisfactory
17-04-2021,63,Mumbai,Satisfactory
18-04-2021,72,Mumbai,Satisfactory
19-04-2021,88,Mumbai,Satisfactory
20-04-2021,67,Mumbai,Satisfactory
21-04-2021,58,Mumbai,Satisfactory
22-04-2021,70,Mumbai,Satisfactory
23-04-2021,79,Mumbai,Satisfactory
24-04-2021,75,Mumbai,Satisfactory
25-04-2021,74,Mumbai,Satisfactory
26-04-2021,129,Mumbai,Moderate
27-04-2021,185,Mumbai,Moderate
28-04-2021,125,Mumbai,Moderate
29-04-2021,81,Mumbai,Satisfactory
30-04-2021,72,Mumbai,Satisfactory
01-05-2021,68,Mumbai,Satisfactory
02-05-2021,71,Mumbai,Satisfactory
03-05-2021,105,Mumbai,Moderate
04-05-2021,80,Mumbai,Satisfactory
05-05-2021,76,Mumbai,Satisfactory
06-05-2021,72,Mumbai,Satisfactory
07-05-2021,72,Mumbai,Satisfactory
08-05-2021,69,Mumbai,Satisfactory
09-05-2021,78,Mumbai,Satisfactory
10-05-2021,68,Mumbai,Satisfactory
11-05-2021,67,Mumbai,Satisfactory
12-05-2021,59,Mumbai,Satisfactory
13-05-2021,64,Mumbai,Satisfactory
14-05-2021,65,Mumbai,Satisfactory
15-05-2021,85,Mumbai,Satisfactory
16-05-2021,80,Mumbai,Satisfactory
17-05-2021,47,Mumbai,Good
18-05-2021,48,Mumbai,Good
19-05-2021,54,Mumbai,Satisfactory
20-05-2021,88,Mumbai,Satisfactory
21-05-2021,120,Mumbai,Moderate
22-05-2021,92,Mumbai,Satisfactory
23-05-2021,81,Mumbai,Satisfactory
24-05-2021,71,Mumbai,Satisfactory
25-05-2021,74,Mumbai,Satisfactory
26-05-2021,71,Mumbai,Satisfactory
27-05-2021,73,Mumbai,Satisfactory
28-05-2021,65,Mumbai,Satisfactory
29-05-2021,69,Mumbai,Satisfactory
30-05-2021,55,Mumbai,Satisfactory
31-05-2021,58,Mumbai,Satisfactory
01-06-2021,61,Mumbai,Satisfactory
02-06-2021,50,Mumbai,Good
03-06-2021,53,Mumbai,Satisfactory
04-06-2021,46,Mumbai,Good
05-06-2021,51,Mumbai,Satisfactory
06-06-2021,49,Mumbai,Good
07-06-2021,42,Mumbai,Good
08-06-2021,49,Mumbai,Good
09-06-2021,39,Mumbai,Good
10-06-2021,33,Mumbai,Good
11-06-2021,45,Mumbai,Good
12-06-2021,34,Mumbai,Good
13-06-2021,41,Mumbai,Good
14-06-2021,56,Mumbai,Satisfactory
15-06-2021,64,Mumbai,Satisfactory
16-06-2021,41,Mumbai,Good
17-06-2021,70,Mumbai,Satisfactory
18-06-2021,72,Mumbai,Satisfactory
19-06-2021,68,Mumbai,Satisfactory
20-06-2021,96,Mumbai,Satisfactory
21-06-2021,117,Mumbai,Moderate
22-06-2021,92,Mumbai,Satisfactory
23-06-2021,93,Mumbai,Satisfactory
24-06-2021,85,Mumbai,Satisfactory
25-06-2021,56,Mumbai,Satisfactory
26-06-2021,67,Mumbai,Satisfactory
27-06-2021,66,Mumbai,Satisfactory
28-06-2021,55,Mumbai,Satisfactory
29-06-2021,60,Mumbai,Satisfactory
30-06-2021,56,Mumbai,Satisfactory
01-07-2021,70,Mumbai,Satisfactory
02-07-2021,62,Mumbai,Satisfactory
03-07-2021,60,Mumbai,Satisfactory
04-07-2021,56,Mumbai,Satisfactory
05-07-2021,64,Mumbai,Satisfactory
06-07-2021,76,Mumbai,Satisfactory
07-07-2021,74,Mumbai,Satisfactory
08-07-2021,66,Mumbai,Satisfactory
09-07-2021,52,Mumbai,Satisfactory
10-07-2021,59,Mumbai,Satisfactory
11-07-2021,50,Mumbai,Good
12-07-2021,40,Mumbai,Good
13-07-2021,56,Mumbai,Satisfactory
14-07-2021,47,Mumbai,Good
15-07-2021,42,Mumbai,Good
16-07-2021,42,Mumbai,Good
17-07-2021,42,Mumbai,Good
18-07-2021,55,Mumbai,Satisfactory
19-07-2021,52,Mumbai,Satisfactory
20-07-2021,57,Mumbai,Satisfactory
21-07-2021,54,Mumbai,Satisfactory
22-07-2021,63,Mumbai,Satisfactory
23-07-2021,78,Mumbai,Satisfactory
24-07-2021,59,Mumbai,Satisfactory
25-07-2021,63,Mumbai,Satisfactory
26-07-2021,63,Mumbai,Satisfactory
27-07-2021,63,Mumbai,Satisfactory
28-07-2021,68,Mumbai,Satisfactory
29-07-2021,68,Mumbai,Satisfactory
30-07-2021,65,Mumbai,Satisfactory
31-07-2021,66,Mumbai,Satisfactory
01-08-2021,63,Mumbai,Satisfactory
02-08-2021,58,Mumbai,Satisfactory
03-08-2021,50,Mumbai,Good
04-08-2021,53,Mumbai,Satisfactory
05-08-2021,55,Mumbai,Satisfactory
06-08-2021,63,Mumbai,Satisfactory
07-08-2021,59,Mumbai,Satisfactory
08-08-2021,71,Mumbai,Satisfactory
09-08-2021,57,Mumbai,Satisfactory
10-08-2021,68,Mumbai,Satisfactory
11-08-2021,54,Mumbai,Satisfactory
12-08-2021,58,Mumbai,Satisfactory
13-08-2021,61,Mumbai,Satisfactory
14-08-2021,53,Mumbai,Satisfactory
15-08-2021,51,Mumbai,Satisfactory
16-08-2021,58,Mumbai,Satisfactory
17-08-2021,52,Mumbai,Satisfactory
18-08-2021,48,Mumbai,Good
19-08-2021,49,Mumbai,Good
20-08-2021,45,Mumbai,Good
21-08-2021,40,Mumbai,Good
22-08-2021,50,Mumbai,Good
23-08-2021,54,Mumbai,Satisfactory
24-08-2021,48,Mumbai,Good
25-08-2021,52,Mumbai,Satisfactory
26-08-2021,47,Mumbai,Good
27-08-2021,56,Mumbai,Satisfactory
28-08-2021,69,Mumbai,Satisfactory
29-08-2021,66,Mumbai,Satisfactory
30-08-2021,74,Mumbai,Satisfactory
31-08-2021,59,Mumbai,Satisfactory
01-09-2021,54,Mumbai,Satisfactory
02-09-2021,52,Mumbai,Satisfactory
03-09-2021,53,Mumbai,Satisfactory
04-09-2021,54,Mumbai,Satisfactory
05-09-2021,53,Mumbai,Satisfactory
06-09-2021,64,Mumbai,Satisfactory
07-09-2021,58,Mumbai,Satisfactory
08-09-2021,47,Mumbai,Good
09-09-2021,46,Mumbai,Good
10-09-2021,49,Mumbai,Good
11-09-2021,48,Mumbai,Good
12-09-2021,44,Mumbai,Good
13-09-2021,52,Mumbai,Satisfactory
14-09-2021,67,Mumbai,Satisfactory
15-09-2021,66,Mumbai,Satisfactory
16-09-2021,75,Mumbai,Satisfactory
17-09-2021,68,Mumbai,Satisfactory
18-09-2021,58,Mumbai,Satisfactory
19-09-2021,46,Mumbai,Good
20-09-2021,48,Mumbai,Good
21-09-2021,47,Mumbai,Good
22-09-2021,53,Mumbai,Satisfactory
23-09-2021,58,Mumbai,Satisfactory
24-09-2021,66,Mumbai,Satisfactory
25-09-2021,72,Mumbai,Satisfactory
26-09-2021,64,Mumbai,Satisfactory
27-09-2021,61,Mumbai,Satisfactory
28-09-2021,62,Mumbai,Satisfactory
29-09-2021,45,Mumbai,Good
30-09-2021,48,Mumbai,Good
01-10-2021,76,Mumbai,Satisfactory
02-10-2021,77,Mumbai,Satisfactory
03-10-2021,78,Mumbai,Satisfactory
04-10-2021,78,Mumbai,Satisfactory
05-10-2021,71,Mumbai,Satisfactory
06-10-2021,74,Mumbai,Satisfactory
07-10-2021,61,Mumbai,Satisfactory
08-10-2021,64,Mumbai,Satisfactory
09-10-2021,54,Mumbai,Satisfactory
10-10-2021,58,Mumbai,Satisfactory
11-10-2021,63,Mumbai,Satisfactory
12-10-2021,69,Mumbai,Satisfactory
13-10-2021,84,Mumbai,Satisfactory
14-10-2021,140,Mumbai,Moderate
15-10-2021,141,Mumbai,Moderate
16-10-2021,107,Mumbai,Moderate
17-10-2021,153,Mumbai,Moderate
18-10-2021,102,Mumbai,Moderate
19-10-2021,94,Mumbai,Satisfactory
20-10-2021,87,Mumbai,Satisfactory
21-10-2021,106,Mumbai,Moderate
22-10-2021,143,Mumbai,Moderate
23-10-2021,111,Mumbai,Moderate
24-10-2021,74,Mumbai,Satisfactory
25-10-2021,58,Mumbai,Satisfactory
26-10-2021,96,Mumbai,Satisfactory
27-10-2021,119,Mumbai,Moderate
28-10-2021,130,Mumbai,Moderate
29-10-2021,126,Mumbai,Moderate
30-10-2021,128,Mumbai,Moderate
31-10-2021,155,Mumbai,Moderate
01-11-2021,188,Mumbai,Moderate
02-11-2021,211,Mumbai,Poor
03-11-2021,179,Mumbai,Moderate
04-11-2021,164,Mumbai,Moderate
05-11-2021,199,Mumbai,Moderate
06-11-2021,117,Mumbai,Moderate
07-11-2021,110,Mumbai,Moderate
08-11-2021,176,Mumbai,Moderate
09-11-2021,172,Mumbai,Moderate
10-11-2021,164,Mumbai,Moderate
11-11-2021,174,Mumbai,Moderate
12-11-2021,171,Mumbai,Moderate
13-11-2021,195,Mumbai,Moderate
14-11-2021,201,Mumbai,Poor
15-11-2021,200,Mumbai,Moderate
16-11-2021,222,Mumbai,Poor
17-11-2021,153,Mumbai,Moderate
18-11-2021,81,Mumbai,Satisfactory
19-11-2021,84,Mumbai,Satisfactory
20-11-2021,102,Mumbai,Moderate
21-11-2021,84,Mumbai,Satisfactory
22-11-2021,66,Mumbai,Satisfactory
23-11-2021,76,Mumbai,Satisfactory
24-11-2021,94,Mumbai,Satisfactory
25-11-2021,149,Mumbai,Moderate
26-11-2021,136,Mumbai,Moderate
27-11-2021,152,Mumbai,Moderate
28-11-2021,145,Mumbai,Moderate
29-11-2021,120,Mumbai,Moderate
30-11-2021,150,Mumbai,Moderate
01-12-2021,154,Mumbai,Moderate
02-12-2021,78,Mumbai,Satisfactory
03-12-2021,93,Mumbai,Satisfactory
04-12-2021,116,Mumbai,Moderate
05-12-2021,109,Mumbai,Moderate
06-12-2021,95,Mumbai,Satisfactory
07-12-2021,218,Mumbai,Poor
08-12-2021,216,Mumbai,Poor
09-12-2021,211,Mumbai,Poor
10-12-2021,193,Mumbai,Moderate
11-12-2021,173,Mumbai,Moderate
12-12-2021,184,Mumbai,Moderate
13-12-2021,181,Mumbai,Moderate
14-12-2021,119,Mumbai,Moderate
15-12-2021,176,Mumbai,Moderate
16-12-2021,223,Mumbai,Poor
17-12-2021,241,Mumbai,Poor
18-12-2021,236,Mumbai,Poor
19-12-2021,214,Mumbai,Poor
20-12-2021,199,Mumbai,Moderate
21-12-2021,232,Mumbai,Poor
22-12-2021,230,Mumbai,Poor
23-12-2021,214,Mumbai,Poor
24-12-2021,180,Mumbai,Moderate
25-12-2021,110,Mumbai,Moderate
26-12-2021,182,Mumbai,Moderate
27-12-2021,215,Mumbai,Poor
28-12-2021,201,Mumbai,Poor
29-12-2021,138,Mumbai,Moderate
30-12-2021,155,Mumbai,Moderate
31-12-2021,176,Mumbai,Moderate
01-01-2022,173,Mumbai,Moderate
02-01-2022,150,Mumbai,Moderate
03-01-2022,156,Mumbai,Moderate
04-01-2022,184,Mumbai,Moderate
05-01-2022,219,Mumbai,Poor
06-01-2022,170,Mumbai,Moderate
07-01-2022,204,Mumbai,Poor
08-01-2022,134,Mumbai,Moderate
09-01-2022,88,Mumbai,Satisfactory
10-01-2022,74,Mumbai,Satisfactory
11-01-2022,137,Mumbai,Moderate
12-01-2022,132,Mumbai,Moderate
13-01-2022,172,Mumbai,Moderate
14-01-2022,208,Mumbai,Poor
15-01-2022,182,Mumbai,Moderate
16-01-2022,160,Mumbai,Moderate
17-01-2022,147,Mumbai,Moderate
18-01-2022,171,Mumbai,Moderate
19-01-2022,181,Mumbai,Moderate
20-01-2022,154,Mumbai,Moderate
21-01-2022,110,Mumbai,Moderate
22-01-2022,99,Mumbai,Satisfactory
23-01-2022,247,Mumbai,Poor
24-01-2022,381,Mumbai,Very Poor
25-01-2022,268,Mumbai,Poor
26-01-2022,267,Mumbai,Poor
27-01-2022,212,Mumbai,Poor
28-01-2022,160,Mumbai,Moderate
29-01-2022,162,Mumbai,Moderate
30-01-2022,168,Mumbai,Moderate
31-01-2022,176,Mumbai,Moderate
01-02-2022,177,Mumbai,Moderate
02-02-2022,179,Mumbai,Moderate
03-02-2022,187,Mumbai,Moderate
04-02-2022,162,Mumbai,Moderate
05-02-2022,276,Mumbai,Poor
06-02-2022,228,Mumbai,Poor
07-02-2022,181,Mumbai,Moderate
08-02-2022,116,Mumbai,Moderate
09-02-2022,103,Mumbai,Moderate
10-02-2022,138,Mumbai,Moderate
11-02-2022,159,Mumbai,Moderate
12-02-2022,153,Mumbai,Moderate
13-02-2022,174,Mumbai,Moderate
14-02-2022,128,Mumbai,Moderate
15-02-2022,105,Mumbai,Moderate
16-02-2022,93,Mumbai,Satisfactory
17-02-2022,88,Mumbai,Satisfactory
18-02-2022,111,Mumbai,Moderate
19-02-2022,143,Mumbai,Moderate
20-02-2022,132,Mumbai,Moderate
21-02-2022,154,Mumbai,Moderate
22-02-2022,158,Mumbai,Moderate
23-02-2022,119,Mumbai,Moderate
24-02-2022,166,Mumbai,Moderate
25-02-2022,219,Mumbai,Poor
26-02-2022,223,Mumbai,Poor
27-02-2022,156,Mumbai,Moderate
28-02-2022,215,Mumbai,Poor
01-03-2022,187,Mumbai,Moderate
02-03-2022,216,Mumbai,Poor
03-03-2022,204,Mumbai,Poor
04-03-2022,177,Mumbai,Moderate
05-03-2022,167,Mumbai,Moderate
06-03-2022,185,Mumbai,Moderate
07-03-2022,170,Mumbai,Moderate
08-03-2022,204,Mumbai,Poor
09-03-2022,210,Mumbai,Poor
10-03-2022,206,Mumbai,Poor
11-03-2022,195,Mumbai,Moderate
12-03-2022,168,Mumbai,Moderate
13-03-2022,170,Mumbai,Moderate
14-03-2022,167,Mumbai,Moderate
15-03-2022,198,Mumbai,Moderate
16-03-2022,184,Mumbai,Moderate
17-03-2022,189,Mumbai,Moderate
18-03-2022,187,Mumbai,Moderate
19-03-2022,111,Mumbai,Moderate
20-03-2022,106,Mumbai,Moderate
21-03-2022,159,Mumbai,Moderate
22-03-2022,152,Mumbai,Moderate
23-03-2022,155,Mumbai,Moderate
24-03-2022,211,Mumbai,Poor
25-03-2022,132,Mumbai,Moderate
26-03-2022,109,Mumbai,Moderate
27-03-2022,110,Mumbai,Moderate
28-03-2022,113,Mumbai,Moderate
29-03-2022,127,Mumbai,Moderate
30-03-2022,128,Mumbai,Moderate
31-03-2022,105,Mumbai,Moderate
01-04-2022,196,Mumbai,Moderate
02-04-2022,214,Mumbai,Poor
03-04-2022,172,Mumbai,Moderate
04-04-2022,142,Mumbai,Moderate
05-04-2022,108,Mumbai,Moderate
06-04-2022,98,Mumbai,Satisfactory
07-04-2022,104,Mumbai,Moderate
08-04-2022,106,Mumbai,Moderate
09-04-2022,81,Mumbai,Satisfactory
10-04-2022,75,Mumbai,Satisfactory
11-04-2022,71,Mumbai,Satisfactory
12-04-2022,94,Mumbai,Satisfactory
13-04-2022,90,Mumbai,Satisfactory
14-04-2022,88,Mumbai,Satisfactory
15-04-2022,72,Mumbai,Satisfactory
16-04-2022,89,Mumbai,Satisfactory
17-04-2022,94,Mumbai,Satisfactory
18-04-2022,83,Mumbai,Satisfactory
19-04-2022,80,Mumbai,Satisfactory
20-04-2022,81,Mumbai,Satisfactory
21-04-2022,125,Mumbai,Moderate
22-04-2022,127,Mumbai,Moderate
23-04-2022,139,Mumbai,Moderate
24-04-2022,104,Mumbai,Moderate
25-04-2022,91,Mumbai,Satisfactory
26-04-2022,101,Mumbai,Moderate
27-04-2022,85,Mumbai,Satisfactory
28-04-2022,114,Mumbai,Moderate
29-04-2022,102,Mumbai,Moderate
30-04-2022,86,Mumbai,Satisfactory
01-05-2022,89,Mumbai,Satisfactory
02-05-2022,103,Mumbai,Moderate
03-05-2022,91,Mumbai,Satisfactory
04-05-2022,103,Mumbai,Moderate
05-05-2022,118,Mumbai,Moderate
06-05-2022,139,Mumbai,Moderate
07-05-2022,189,Mumbai,Moderate
08-05-2022,169,Mumbai,Moderate
09-05-2022,117,Mumbai,Moderate
10-05-2022,114,Mumbai,Moderate
11-05-2022,118,Mumbai,Moderate
12-05-2022,122,Mumbai,Moderate
13-05-2022,123,Mumbai,Moderate
14-05-2022,132,Mumbai,Moderate
15-05-2022,118,Mumbai,Moderate
16-05-2022,131,Mumbai,Moderate
17-05-2022,157,Mumbai,Moderate
18-05-2022,212,Mumbai,Poor
19-05-2022,238,Mumbai,Poor
20-05-2022,179,Mumbai,Moderate
21-05-2022,147,Mumbai,Moderate
22-05-2022,106,Mumbai,Moderate
23-05-2022,83,Mumbai,Satisfactory
24-05-2022,88,Mumbai,Satisfactory
25-05-2022,97,Mumbai,Satisfactory
26-05-2022,95,Mumbai,Satisfactory
27-05-2022,76,Mumbai,Satisfactory
28-05-2022,86,Mumbai,Satisfactory
29-05-2022,83,Mumbai,Satisfactory
30-05-2022,66,Mumbai,Satisfactory
31-05-2022,87,Mumbai,Satisfactory
01-06-2022,79,Mumbai,Satisfactory
02-06-2022,99,Mumbai,Satisfactory
03-06-2022,108,Mumbai,Moderate
04-06-2022,77,Mumbai,Satisfactory
05-06-2022,69,Mumbai,Satisfactory
06-06-2022,70,Mumbai,Satisfactory
07-06-2022,71,Mumbai,Satisfactory
08-06-2022,70,Mumbai,Satisfactory
09-06-2022,56,Mumbai,Satisfactory
10-06-2022,62,Mumbai,Satisfactory
11-06-2022,59,Mumbai,Satisfactory
12-06-2022,55,Mumbai,Satisfactory
13-06-2022,56,Mumbai,Satisfactory
14-06-2022,65,Mumbai,Satisfactory
15-06-2022,56,Mumbai,Satisfactory
16-06-2022,51,Mumbai,Satisfactory
17-06-2022,65,Mumbai,Satisfactory
18-06-2022,60,Mumbai,Satisfactory
19-06-2022,45,Mumbai,Good
20-06-2022,44,Mumbai,Good
21-06-2022,48,Mumbai,Good
22-06-2022,58,Mumbai,Satisfactory
23-06-2022,52,Mumbai,Satisfactory
24-06-2022,48,Mumbai,Good
25-06-2022,49,Mumbai,Good
26-06-2022,55,Mumbai,Satisfactory
27-06-2022,54,Mumbai,Satisfactory
28-06-2022,51,Mumbai,Satisfactory
29-06-2022,59,Mumbai,Satisfactory
30-06-2022,58,Mumbai,Satisfactory
01-07-2022,58,Mumbai,Satisfactory
02-07-2022,67,Mumbai,Satisfactory
03-07-2022,72,Mumbai,Satisfactory
04-07-2022,65,Mumbai,Satisfactory
05-07-2022,60,Mumbai,Satisfactory
06-07-2022,61,Mumbai,Satisfactory
07-07-2022,56,Mumbai,Satisfactory
08-07-2022,68,Mumbai,Satisfactory
09-07-2022,68,Mumbai,Satisfactory
10-07-2022,65,Mumbai,Satisfactory
11-07-2022,68,Mumbai,Satisfactory
12-07-2022,54,Mumbai,Satisfactory
14-07-2022,53,Mumbai,Satisfactory
15-07-2022,56,Mumbai,Satisfactory
16-07-2022,62,Mumbai,Satisfactory
17-07-2022,64,Mumbai,Satisfactory
18-07-2022,85,Mumbai,Satisfactory
19-07-2022,83,Mumbai,Satisfactory
20-07-2022,58,Mumbai,Satisfactory
21-07-2022,63,Mumbai,Satisfactory
22-07-2022,63,Mumbai,Satisfactory
23-07-2022,60,Mumbai,Satisfactory
24-07-2022,48,Mumbai,Good
25-07-2022,49,Mumbai,Good
26-07-2022,50,Mumbai,Good
27-07-2022,67,Mumbai,Satisfactory
28-07-2022,73,Mumbai,Satisfactory
29-07-2022,81,Mumbai,Satisfactory
30-07-2022,71,Mumbai,Satisfactory
31-07-2022,74,Mumbai,Satisfactory
01-08-2022,65,Mumbai,Satisfactory
02-08-2022,63,Mumbai,Satisfactory
03-08-2022,89,Mumbai,Satisfactory
04-08-2022,61,Mumbai,Satisfactory
05-08-2022,71,Mumbai,Satisfactory
06-08-2022,50,Mumbai,Good
07-08-2022,51,Mumbai,Satisfactory
08-08-2022,48,Mumbai,Good
09-08-2022,45,Mumbai,Good
10-08-2022,46,Mumbai,Good
11-08-2022,43,Mumbai,Good
12-08-2022,46,Mumbai,Good
13-08-2022,45,Mumbai,Good
14-08-2022,68,Mumbai,Satisfactory
15-08-2022,79,Mumbai,Satisfactory
16-08-2022,80,Mumbai,Satisfactory
17-08-2022,67,Mumbai,Satisfactory
18-08-2022,55,Mumbai,Satisfactory
19-08-2022,56,Mumbai,Satisfactory
20-08-2022,55,Mumbai,Satisfactory
21-08-2022,56,Mumbai,Satisfactory
22-08-2022,58,Mumbai,Satisfactory
23-08-2022,53,Mumbai,Satisfactory
24-08-2022,53,Mumbai,Satisfactory
25-08-2022,71,Mumbai,Satisfactory
26-08-2022,63,Mumbai,Satisfactory
27-08-2022,73,Mumbai,Satisfactory
28-08-2022,71,Mumbai,Satisfactory
29-08-2022,67,Mumbai,Satisfactory
30-08-2022,86,Mumbai,Satisfactory
31-08-2022,80,Mumbai,Satisfactory
01-09-2022,61,Mumbai,Satisfactory
02-09-2022,73,Mumbai,Satisfactory
03-09-2022,79,Mumbai,Satisfactory
04-09-2022,67,Mumbai,Satisfactory
05-09-2022,59,Mumbai,Satisfactory
06-09-2022,59,Mumbai,Satisfactory
07-09-2022,68,Mumbai,Satisfactory
08-09-2022,62,Mumbai,Satisfactory
09-09-2022,71,Mumbai,Satisfactory
10-09-2022,66,Mumbai,Satisfactory
11-09-2022,71,Mumbai,Satisfactory
12-09-2022,65,Mumbai,Satisfactory
13-09-2022,60,Mumbai,Satisfactory
14-09-2022,53,Mumbai,Satisfactory
15-09-2022,51,Mumbai,Satisfactory
16-09-2022,50,Mumbai,Good
17-09-2022,46,Mumbai,Good
18-09-2022,39,Mumbai,Good
19-09-2022,45,Mumbai,Good
20-09-2022,60,Mumbai,Satisfactory
21-09-2022,53,Mumbai,Satisfactory
22-09-2022,50,Mumbai,Good
23-09-2022,61,Mumbai,Satisfactory
24-09-2022,47,Mumbai,Good
25-09-2022,54,Mumbai,Satisfactory
26-09-2022,58,Mumbai,Satisfactory
27-09-2022,65,Mumbai,Satisfactory
28-09-2022,66,Mumbai,Satisfactory
29-09-2022,73,Mumbai,Satisfactory
30-09-2022,70,Mumbai,Satisfactory
01-10-2022,78,Mumbai,Satisfactory
02-10-2022,57,Mumbai,Satisfactory
03-10-2022,56,Mumbai,Satisfactory
04-10-2022,66,Mumbai,Satisfactory
05-10-2022,75,Mumbai,Satisfactory
06-10-2022,66,Mumbai,Satisfactory
07-10-2022,69,Mumbai,Satisfactory
08-10-2022,68,Mumbai,Satisfactory
09-10-2022,60,Mumbai,Satisfactory
10-10-2022,71,Mumbai,Satisfactory
11-10-2022,67,Mumbai,Satisfactory
12-10-2022,73,Mumbai,Satisfactory
13-10-2022,81,Mumbai,Satisfactory
14-10-2022,79,Mumbai,Satisfactory
15-10-2022,82,Mumbai,Satisfactory
16-10-2022,107,Mumbai,Moderate
17-10-2022,99,Mumbai,Satisfactory
18-10-2022,85,Mumbai,Satisfactory
19-10-2022,80,Mumbai,Satisfactory
20-10-2022,87,Mumbai,Satisfactory
21-10-2022,100,Mumbai,Satisfactory
22-10-2022,82,Mumbai,Satisfactory
23-10-2022,123,Mumbai,Moderate
24-10-2022,136,Mumbai,Moderate
25-10-2022,213,Mumbai,Poor
26-10-2022,159,Mumbai,Moderate
27-10-2022,163,Mumbai,Moderate
28-10-2022,151,Mumbai,Moderate
29-10-2022,144,Mumbai,Moderate
30-10-2022,127,Mumbai,Moderate
31-10-2022,130,Mumbai,Moderate
01-11-2022,152,Mumbai,Moderate
02-11-2022,169,Mumbai,Moderate
03-11-2022,141,Mumbai,Moderate
04-11-2022,145,Mumbai,Moderate
05-11-2022,159,Mumbai,Moderate
06-11-2022,158,Mumbai,Moderate
07-11-2022,146,Mumbai,Moderate
08-11-2022,168,Mumbai,Moderate
09-11-2022,192,Mumbai,Moderate
10-11-2022,179,Mumbai,Moderate
11-11-2022,158,Mumbai,Moderate
12-11-2022,156,Mumbai,Moderate
13-11-2022,161,Mumbai,Moderate
14-11-2022,178,Mumbai,Moderate
15-11-2022,220,Mumbai,Poor
16-11-2022,190,Mumbai,Moderate
17-11-2022,167,Mumbai,Moderate
18-11-2022,128,Mumbai,Moderate
19-11-2022,134,Mumbai,Moderate
20-11-2022,143,Mumbai,Moderate
21-11-2022,138,Mumbai,Moderate
22-11-2022,173,Mumbai,Moderate
23-11-2022,195,Mumbai,Moderate
24-11-2022,211,Mumbai,Poor
25-11-2022,231,Mumbai,Poor
26-11-2022,243,Mumbai,Poor
27-11-2022,238,Mumbai,Poor
28-11-2022,167,Mumbai,Moderate
29-11-2022,158,Mumbai,Moderate
30-11-2022,198,Mumbai,Moderate
01-12-2022,213,Mumbai,Poor
02-12-2022,216,Mumbai,Poor
03-12-2022,219,Mumbai,Poor
04-12-2022,249,Mumbai,Poor
05-12-2022,272,Mumbai,Poor
06-12-2022,275,Mumbai,Poor
07-12-2022,271,Mumbai,Poor
08-12-2022,255,Mumbai,Poor
09-12-2022,190,Mumbai,Moderate
10-12-2022,170,Mumbai,Moderate
11-12-2022,198,Mumbai,Moderate
12-12-2022,168,Mumbai,Moderate
13-12-2022,169,Mumbai,Moderate
14-12-2022,127,Mumbai,Moderate
15-12-2022,117,Mumbai,Moderate
16-12-2022,142,Mumbai,Moderate
17-12-2022,152,Mumbai,Moderate
18-12-2022,165,Mumbai,Moderate
19-12-2022,138,Mumbai,Moderate
20-12-2022,161,Mumbai,Moderate
21-12-2022,189,Mumbai,Moderate
22-12-2022,242,Mumbai,Poor
23-12-2022,238,Mumbai,Poor
24-12-2022,175,Mumbai,Moderate
25-12-2022,186,Mumbai,Moderate
26-12-2022,198,Mumbai,Moderate
27-12-2022,241,Mumbai,Poor
28-12-2022,240,Mumbai,Poor
29-12-2022,238,Mumbai,Poor
30-12-2022,229,Mumbai,Poor
31-12-2022,222,Mumbai,Poor
01-01-2023,147,Mumbai,Moderate
02-01-2023,188,Mumbai,Moderate
03-01-2023,214,Mumbai,Poor
04-01-2023,204,Mumbai,Poor
05-01-2023,223,Mumbai,Poor
06-01-2023,255,Mumbai,Poor
07-01-2023,204,Mumbai,Poor
08-01-2023,198,Mumbai,Moderate
09-01-2023,137,Mumbai,Moderate
10-01-2023,158,Mumbai,Moderate
11-01-2023,213,Mumbai,Poor
12-01-2023,196,Mumbai,Moderate
13-01-2023,134,Mumbai,Moderate
14-01-2023,240,Mumbai,Poor
15-01-2023,198,Mumbai,Moderate
16-01-2023,214,Mumbai,Poor
17-01-2023,236,Mumbai,Poor
18-01-2023,264,Mumbai,Poor
19-01-2023,256,Mumbai,Poor
20-01-2023,231,Mumbai,Poor
21-01-2023,175,Mumbai,Moderate
22-01-2023,168,Mumbai,Moderate
23-01-2023,170,Mumbai,Moderate
24-01-2023,175,Mumbai,Moderate
25-01-2023,209,Mumbai,Poor
26-01-2023,232,Mumbai,Poor
27-01-2023,254,Mumbai,Poor
28-01-2023,244,Mumbai,Poor
29-01-2023,176,Mumbai,Moderate
30-01-2023,154,Mumbai,Moderate
31-01-2023,225,Mumbai,Poor
01-02-2023,227,Mumbai,Poor
02-02-2023,180,Mumbai,Moderate
03-02-2023,198,Mumbai,Moderate
04-02-2023,201,Mumbai,Poor
05-02-2023,226,Mumbai,Poor
06-02-2023,185,Mumbai,Moderate
07-02-2023,177,Mumbai,Moderate
08-02-2023,233,Mumbai,Poor
09-02-2023,236,Mumbai,Poor
10-02-2023,200,Mumbai,Moderate
11-02-2023,172,Mumbai,Moderate
12-02-2023,165,Mumbai,Moderate
13-02-2023,146,Mumbai,Moderate
14-02-2023,203,Mumbai,Poor
15-02-2023,224,Mumbai,Poor
16-02-2023,199,Mumbai,Moderate
17-02-2023,201,Mumbai,Poor
18-02-2023,185,Mumbai,Moderate
19-02-2023,191,Mumbai,Moderate
20-02-2023,183,Mumbai,Moderate
21-02-2023,201,Mumbai,Poor
22-02-2023,123,Mumbai,Moderate
23-02-2023,172,Mumbai,Moderate
24-02-2023,219,Mumbai,Poor
25-02-2023,197,Mumbai,Moderate
26-02-2023,208,Mumbai,Poor
27-02-2023,194,Mumbai,Moderate
28-02-2023,188,Mumbai,Moderate
01-03-2023,174,Mumbai,Moderate
02-03-2023,205,Mumbai,Poor
03-03-2023,262,Mumbai,Poor
04-03-2023,281,Mumbai,Poor
05-03-2023,260,Mumbai,Poor
06-03-2023,246,Mumbai,Poor
07-03-2023,139,Mumbai,Moderate
08-03-2023,136,Mumbai,Moderate
09-03-2023,156,Mumbai,Moderate
10-03-2023,145,Mumbai,Moderate
11-03-2023,163,Mumbai,Moderate
12-03-2023,186,Mumbai,Moderate
13-03-2023,213,Mumbai,Poor
14-03-2023,199,Mumbai,Moderate
15-03-2023,165,Mumbai,Moderate
16-03-2023,146,Mumbai,Moderate
17-03-2023,117,Mumbai,Moderate
18-03-2023,118,Mumbai,Moderate
19-03-2023,97,Mumbai,Satisfactory
20-03-2023,90,Mumbai,Satisfactory
21-03-2023,91,Mumbai,Satisfactory
22-03-2023,96,Mumbai,Satisfactory
23-03-2023,86,Mumbai,Satisfactory
24-03-2023,73,Mumbai,Satisfactory
25-03-2023,88,Mumbai,Satisfactory
26-03-2023,98,Mumbai,Satisfactory
27-03-2023,97,Mumbai,Satisfactory
28-03-2023,117,Mumbai,Moderate
29-03-2023,125,Mumbai,Moderate
30-03-2023,106,Mumbai,Moderate
31-03-2023,82,Mumbai,Satisfactory
01-04-2023,108,Mumbai,Moderate
02-04-2023,93,Mumbai,Satisfactory
03-04-2023,86,Mumbai,Satisfactory
04-04-2023,86,Mumbai,Satisfactory
05-04-2023,87,Mumbai,Satisfactory
06-04-2023,99,Mumbai,Satisfactory
07-04-2023,149,Mumbai,Moderate
08-04-2023,182,Mumbai,Moderate
09-04-2023,156,Mumbai,Moderate
10-04-2023,132,Mumbai,Moderate
11-04-2023,112,Mumbai,Moderate
12-04-2023,134,Mumbai,Moderate
13-04-2023,130,Mumbai,Moderate
14-04-2023,126,Mumbai,Moderate
15-04-2023,110,Mumbai,Moderate
16-04-2023,100,Mumbai,Satisfactory
17-04-2023,95,Mumbai,Satisfactory
18-04-2023,103,Mumbai,Moderate
19-04-2023,125,Mumbai,Moderate
20-04-2023,106,Mumbai,Moderate
21-04-2023,79,Mumbai,Satisfactory
22-04-2023,74,Mumbai,Satisfactory
23-04-2023,86,Mumbai,Satisfactory
24-04-2023,77,Mumbai,Satisfactory
25-04-2023,101,Mumbai,Moderate
26-04-2023,94,Mumbai,Satisfactory
27-04-2023,92,Mumbai,Satisfactory
28-04-2023,71,Mumbai,Satisfactory
29-04-2023,81,Mumbai,Satisfactory
30-04-2023,81,Mumbai,Satisfactory
01-05-2023,74,Mumbai,Satisfactory
02-05-2023,78,Mumbai,Satisfactory
03-05-2023,80,Mumbai,Satisfactory
04-05-2023,76,Mumbai,Satisfactory
05-05-2023,75,Mumbai,Satisfactory
06-05-2023,74,Mumbai,Satisfactory
07-05-2023,84,Mumbai,Satisfactory
08-05-2023,82,Mumbai,Satisfactory
09-05-2023,91,Mumbai,Satisfactory
10-05-2023,112,Mumbai,Moderate
11-05-2023,121,Mumbai,Moderate
12-05-2023,120,Mumbai,Moderate
13-05-2023,99,Mumbai,Satisfactory
14-05-2023,52,Mumbai,Satisfactory
15-05-2023,68,Mumbai,Satisfactory
16-05-2023,67,Mumbai,Satisfactory
17-05-2023,69,Mumbai,Satisfactory
18-05-2023,75,Mumbai,Satisfactory
19-05-2023,76,Mumbai,Satisfactory
20-05-2023,80,Mumbai,Satisfactory
21-05-2023,73,Mumbai,Satisfactory
22-05-2023,70,Mumbai,Satisfactory
23-05-2023,79,Mumbai,Satisfactory
24-05-2023,69,Mumbai,Satisfactory
25-05-2023,68,Mumbai,Satisfactory
26-05-2023,67,Mumbai,Satisfactory
27-05-2023,73,Mumbai,Satisfactory
28-05-2023,75,Mumbai,Satisfactory
29-05-2023,78,Mumbai,Satisfactory
30-05-2023,80,Mumbai,Satisfactory
31-05-2023,97,Mumbai,Satisfactory
01-06-2023,89,Mumbai,Satisfactory
02-06-2023,84,Mumbai,Satisfactory
03-06-2023,74,Mumbai,Satisfactory
04-06-2023,72,Mumbai,Satisfactory
05-06-2023,73,Mumbai,Satisfactory
06-06-2023,81,Mumbai,Satisfactory
07-06-2023,87,Mumbai,Satisfactory
08-06-2023,89,Mumbai,Satisfactory
09-06-2023,81,Mumbai,Satisfactory
10-06-2023,85,Mumbai,Satisfactory
11-06-2023,85,Mumbai,Satisfactory
12-06-2023,90,Mumbai,Satisfactory
13-06-2023,83,Mumbai,Satisfactory
14-06-2023,78,Mumbai,Satisfactory
15-06-2023,83,Mumbai,Satisfactory
16-06-2023,84,Mumbai,Satisfactory
17-06-2023,89,Mumbai,Satisfactory
18-06-2023,98,Mumbai,Satisfactory
19-06-2023,92,Mumbai,Satisfactory
20-06-2023,93,Mumbai,Satisfactory
21-06-2023,100,Mumbai,Satisfactory
22-06-2023,97,Mumbai,Satisfactory
23-06-2023,77,Mumbai,Satisfactory
24-06-2023,73,Mumbai,Satisfactory
25-06-2023,61,Mumbai,Satisfactory
26-06-2023,73,Mumbai,Satisfactory
27-06-2023,58,Mumbai,Satisfactory
28-06-2023,61,Mumbai,Satisfactory
29-06-2023,53,Mumbai,Satisfactory
30-06-2023,56,Mumbai,Satisfactory
01-07-2023,67,Mumbai,Satisfactory
02-07-2023,54,Mumbai,Satisfactory
03-07-2023,62,Mumbai,Satisfactory
04-07-2023,65,Mumbai,Satisfactory
05-07-2023,65,Mumbai,Satisfactory
06-07-2023,51,Mumbai,Satisfactory
07-07-2023,54,Mumbai,Satisfactory
08-07-2023,91,Mumbai,Satisfactory
09-07-2023,70,Mumbai,Satisfactory
10-07-2023,65,Mumbai,Satisfactory
11-07-2023,73,Mumbai,Satisfactory
12-07-2023,77,Mumbai,Satisfactory
13-07-2023,108,Mumbai,Moderate
14-07-2023,87,Mumbai,Satisfactory
15-07-2023,82,Mumbai,Satisfactory
16-07-2023,87,Mumbai,Satisfactory
17-07-2023,83,Mumbai,Satisfactory
18-07-2023,80,Mumbai,Satisfactory
19-07-2023,86,Mumbai,Satisfactory
20-07-2023,86,Mumbai,Satisfactory
21-07-2023,87,Mumbai,Satisfactory
22-07-2023,88,Mumbai,Satisfactory
23-07-2023,88,Mumbai,Satisfactory
24-07-2023,87,Mumbai,Satisfactory
25-07-2023,81,Mumbai,Satisfactory
26-07-2023,48,Mumbai,Good
27-07-2023,45,Mumbai,Good
28-07-2023,49,Mumbai,Good
29-07-2023,51,Mumbai,Satisfactory
30-07-2023,52,Mumbai,Satisfactory
31-07-2023,53,Mumbai,Satisfactory
01-08-2023,54,Mumbai,Satisfactory
02-08-2023,58,Mumbai,Satisfactory
03-08-2023,62,Mumbai,Satisfactory
04-08-2023,73,Mumbai,Satisfactory
05-08-2023,62,Mumbai,Satisfactory
06-08-2023,68,Mumbai,Satisfactory
07-08-2023,70,Mumbai,Satisfactory
08-08-2023,71,Mumbai,Satisfactory
09-08-2023,78,Mumbai,Satisfactory
10-08-2023,65,Mumbai,Satisfactory
11-08-2023,61,Mumbai,Satisfactory
12-08-2023,65,Mumbai,Satisfactory
13-08-2023,68,Mumbai,Satisfactory
14-08-2023,67,Mumbai,Satisfactory
15-08-2023,62,Mumbai,Satisfactory
16-08-2023,56,Mumbai,Satisfactory
17-08-2023,55,Mumbai,Satisfactory
18-08-2023,55,Mumbai,Satisfactory
19-08-2023,50,Mumbai,Good
20-08-2023,53,Mumbai,Satisfactory
21-08-2023,51,Mumbai,Satisfactory
22-08-2023,50,Mumbai,Good
23-08-2023,52,Mumbai,Satisfactory
24-08-2023,53,Mumbai,Satisfactory
25-08-2023,54,Mumbai,Satisfactory
26-08-2023,61,Mumbai,Satisfactory
27-08-2023,60,Mumbai,Satisfactory
28-08-2023,56,Mumbai,Satisfactory
29-08-2023,64,Mumbai,Satisfactory
30-08-2023,87,Mumbai,Satisfactory
31-08-2023,91,Mumbai,Satisfactory
01-09-2023,84,Mumbai,Satisfactory
02-09-2023,81,Mumbai,Satisfactory
03-09-2023,80,Mumbai,Satisfactory
04-09-2023,86,Mumbai,Satisfactory
05-09-2023,81,Mumbai,Satisfactory
06-09-2023,78,Mumbai,Satisfactory
07-09-2023,71,Mumbai,Satisfactory
08-09-2023,65,Mumbai,Satisfactory
09-09-2023,61,Mumbai,Satisfactory
10-09-2023,54,Mumbai,Satisfactory
11-09-2023,54,Mumbai,Satisfactory
12-09-2023,59,Mumbai,Satisfactory
13-09-2023,58,Mumbai,Satisfactory
14-09-2023,63,Mumbai,Satisfactory
15-09-2023,65,Mumbai,Satisfactory
16-09-2023,60,Mumbai,Satisfactory
17-09-2023,57,Mumbai,Satisfactory
18-09-2023,58,Mumbai,Satisfactory
19-09-2023,53,Mumbai,Satisfactory
20-09-2023,51,Mumbai,Satisfactory
21-09-2023,59,Mumbai,Satisfactory
22-09-2023,59,Mumbai,Satisfactory
23-09-2023,58,Mumbai,Satisfactory
24-09-2023,53,Mumbai,Satisfactory
25-09-2023,59,Mumbai,Satisfactory
26-09-2023,67,Mumbai,Satisfactory
27-09-2023,68,Mumbai,Satisfactory
28-09-2023,77,Mumbai,Satisfactory
29-09-2023,94,Mumbai,Satisfactory
30-09-2023,72,Mumbai,Satisfactory
01-10-2023,87,Mumbai,Satisfactory
02-10-2023,97,Mumbai,Satisfactory
03-10-2023,116,Mumbai,Moderate
04-10-2023,121,Mumbai,Moderate
05-10-2023,120,Mumbai,Moderate
06-10-2023,131,Mumbai,Moderate
07-10-2023,120,Mumbai,Moderate
08-10-2023,110,Mumbai,Moderate
09-10-2023,144,Mumbai,Moderate
10-10-2023,109,Mumbai,Moderate
11-10-2023,88,Mumbai,Satisfactory
12-10-2023,100,Mumbai,Satisfactory
13-10-2023,159,Mumbai,Moderate
14-10-2023,177,Mumbai,Moderate
15-10-2023,150,Mumbai,Moderate
16-10-2023,185,Mumbai,Moderate
17-10-2023,189,Mumbai,Moderate
18-10-2023,199,Mumbai,Moderate
19-10-2023,156,Mumbai,Moderate
20-10-2023,185,Mumbai,Moderate
21-10-2023,155,Mumbai,Moderate
22-10-2023,172,Mumbai,Moderate
23-10-2023,177,Mumbai,Moderate
24-10-2023,182,Mumbai,Moderate
25-10-2023,157,Mumbai,Moderate
26-10-2023,157,Mumbai,Moderate
27-10-2023,139,Mumbai,Moderate
28-10-2023,153,Mumbai,Moderate
29-10-2023,152,Mumbai,Moderate
30-10-2023,157,Mumbai,Moderate
31-10-2023,168,Mumbai,Moderate
01-11-2023,175,Mumbai,Moderate
02-11-2023,169,Mumbai,Moderate
03-11-2023,178,Mumbai,Moderate
04-11-2023,180,Mumbai,Moderate
05-11-2023,198,Mumbai,Moderate
06-11-2023,198,Mumbai,Moderate
07-11-2023,186,Mumbai,Moderate
08-11-2023,131,Mumbai,Moderate
09-11-2023,111,Mumbai,Moderate
10-11-2023,87,Mumbai,Satisfactory
11-11-2023,90,Mumbai,Satisfactory
12-11-2023,154,Mumbai,Moderate
13-11-2023,193,Mumbai,Moderate
14-11-2023,168,Mumbai,Moderate
15-11-2023,201,Mumbai,Poor
16-11-2023,168,Mumbai,Moderate
17-11-2023,140,Mumbai,Moderate
18-11-2023,162,Mumbai,Moderate
19-11-2023,159,Mumbai,Moderate
20-11-2023,115,Mumbai,Moderate
21-11-2023,132,Mumbai,Moderate
22-11-2023,123,Mumbai,Moderate
23-11-2023,137,Mumbai,Moderate
24-11-2023,152,Mumbai,Moderate
25-11-2023,124,Mumbai,Moderate
26-11-2023,98,Mumbai,Satisfactory
27-11-2023,59,Mumbai,Satisfactory
28-11-2023,61,Mumbai,Satisfactory
29-11-2023,94,Mumbai,Satisfactory
30-11-2023,102,Mumbai,Moderate
01-12-2023,127,Mumbai,Moderate
02-12-2023,138,Mumbai,Moderate
03-12-2023,144,Mumbai,Moderate
04-12-2023,128,Mumbai,Moderate
05-12-2023,136,Mumbai,Moderate
06-12-2023,154,Mumbai,Moderate
07-12-2023,125,Mumbai,Moderate
08-12-2023,117,Mumbai,Moderate
09-12-2023,114,Mumbai,Moderate
10-12-2023,114,Mumbai,Moderate
11-12-2023,108,Mumbai,Moderate
12-12-2023,114,Mumbai,Moderate
13-12-2023,115,Mumbai,Moderate
14-12-2023,134,Mumbai,Moderate
15-12-2023,139,Mumbai,Moderate
16-12-2023,133,Mumbai,Moderate
17-12-2023,126,Mumbai,Moderate
18-12-2023,136,Mumbai,Moderate
19-12-2023,138,Mumbai,Moderate
20-12-2023,134,Mumbai,Moderate
21-12-2023,157,Mumbai,Moderate
22-12-2023,189,Mumbai,Moderate
23-12-2023,190,Mumbai,Moderate
24-12-2023,166,Mumbai,Moderate
25-12-2023,155,Mumbai,Moderate
26-12-2023,178,Mumbai,Moderate
27-12-2023,174,Mumbai,Moderate
28-12-2023,194,Mumbai,Moderate
29-12-2023,181,Mumbai,Moderate
30-12-2023,161,Mumbai,Moderate
31-12-2023,143,Mumbai,Moderate
01-01-2024,132,Mumbai,Moderate
02-01-2024,133,Mumbai,Moderate
03-01-2024,117,Mumbai,Moderate
04-01-2024,129,Mumbai,Moderate
05-01-2024,123,Mumbai,Moderate
06-01-2024,128,Mumbai,Moderate
07-01-2024,124,Mumbai,Moderate
08-01-2024,97,Mumbai,Satisfactory
09-01-2024,115,Mumbai,Moderate
10-01-2024,82,Mumbai,Satisfactory
11-01-2024,128,Mumbai,Moderate
12-01-2024,146,Mumbai,Moderate
13-01-2024,135,Mumbai,Moderate
14-01-2024,111,Mumbai,Moderate
15-01-2024,76,Mumbai,Satisfactory
16-01-2024,74,Mumbai,Satisfactory
17-01-2024,101,Mumbai,Moderate
18-01-2024,100,Mumbai,Satisfactory
19-01-2024,110,Mumbai,Moderate
20-01-2024,151,Mumbai,Moderate
21-01-2024,103,Mumbai,Moderate
22-01-2024,128,Mumbai,Moderate
23-01-2024,116,Mumbai,Moderate
24-01-2024,100,Mumbai,Satisfactory
25-01-2024,107,Mumbai,Moderate
26-01-2024,144,Mumbai,Moderate
27-01-2024,123,Mumbai,Moderate
28-01-2024,121,Mumbai,Moderate
29-01-2024,116,Mumbai,Moderate
30-01-2024,114,Mumbai,Moderate
31-01-2024,120,Mumbai,Moderate
01-02-2024,93,Mumbai,Satisfactory
02-02-2024,63,Mumbai,Satisfactory
03-02-2024,122,Mumbai,Moderate
04-02-2024,158,Mumbai,Moderate
05-02-2024,154,Mumbai,Moderate
06-02-2024,127,Mumbai,Moderate
07-02-2024,115,Mumbai,Moderate
08-02-2024,131,Mumbai,Moderate
09-02-2024,127,Mumbai,Moderate
10-02-2024,120,Mumbai,Moderate
11-02-2024,121,Mumbai,Moderate
12-02-2024,128,Mumbai,Moderate
13-02-2024,130,Mumbai,Moderate
14-02-2024,116,Mumbai,Moderate
15-02-2024,124,Mumbai,Moderate
16-02-2024,191,Mumbai,Moderate
17-02-2024,174,Mumbai,Moderate
18-02-2024,146,Mumbai,Moderate
19-02-2024,111,Mumbai,Moderate
20-02-2024,76,Mumbai,Satisfactory
21-02-2024,60,Mumbai,Satisfactory
22-02-2024,64,Mumbai,Satisfactory
23-02-2024,77,Mumbai,Satisfactory
24-02-2024,100,Mumbai,Satisfactory
25-02-2024,118,Mumbai,Moderate
26-02-2024,158,Mumbai,Moderate
27-02-2024,148,Mumbai,Moderate
28-02-2024,112,Mumbai,Moderate
29-02-2024,165,Mumbai,Moderate
01-03-2024,118,Mumbai,Moderate
02-03-2024,71,Mumbai,Satisfactory
03-03-2024,55,Mumbai,Satisfactory
04-03-2024,72,Mumbai,Satisfactory
05-03-2024,109,Mumbai,Moderate
06-03-2024,119,Mumbai,Moderate
07-03-2024,108,Mumbai,Moderate
08-03-2024,124,Mumbai,Moderate
09-03-2024,122,Mumbai,Moderate
10-03-2024,113,Mumbai,Moderate
11-03-2024,111,Mumbai,Moderate
12-03-2024,111,Mumbai,Moderate
13-03-2024,87,Mumbai,Satisfactory
14-03-2024,74,Mumbai,Satisfactory
15-03-2024,125,Mumbai,Moderate
16-03-2024,122,Mumbai,Moderate
17-03-2024,97,Mumbai,Satisfactory
18-03-2024,86,Mumbai,Satisfactory
19-03-2024,106,Mumbai,Moderate
20-03-2024,120,Mumbai,Moderate
21-03-2024,130,Mumbai,Moderate
22-03-2024,144,Mumbai,Moderate
23-03-2024,102,Mumbai,Moderate
24-03-2024,73,Mumbai,Satisfactory
25-03-2024,74,Mumbai,Satisfactory
26-03-2024,63,Mumbai,Satisfactory
27-03-2024,74,Mumbai,Satisfactory
28-03-2024,75,Mumbai,Satisfactory
29-03-2024,88,Mumbai,Satisfactory
30-03-2024,93,Mumbai,Satisfactory
31-03-2024,95,Mumbai,Satisfactory
01-04-2024,106,Mumbai,Moderate
02-04-2024,160,Mumbai,Moderate
03-04-2024,128,Mumbai,Moderate
04-04-2024,89,Mumbai,Satisfactory
05-04-2024,91,Mumbai,Satisfactory
06-04-2024,131,Mumbai,Moderate
07-04-2024,95,Mumbai,Satisfactory
08-04-2024,74,Mumbai,Satisfactory
09-04-2024,93,Mumbai,Satisfactory
10-04-2024,88,Mumbai,Satisfactory
11-04-2024,88,Mumbai,Satisfactory
12-04-2024,79,Mumbai,Satisfactory
13-04-2024,68,Mumbai,Satisfactory
14-04-2024,69,Mumbai,Satisfactory
15-04-2024,80,Mumbai,Satisfactory
16-04-2024,136,Mumbai,Moderate
17-04-2024,107,Mumbai,Moderate
18-04-2024,98,Mumbai,Satisfactory
19-04-2024,80,Mumbai,Satisfactory
20-04-2024,108,Mumbai,Moderate
21-04-2024,82,Mumbai,Satisfactory
22-04-2024,69,Mumbai,Satisfactory
23-04-2024,72,Mumbai,Satisfactory
24-04-2024,93,Mumbai,Satisfactory
25-04-2024,100,Mumbai,Satisfactory
26-04-2024,84,Mumbai,Satisfactory
27-04-2024,88,Mumbai,Satisfactory
28-04-2024,155,Mumbai,Moderate
29-04-2024,133,Mumbai,Moderate
30-04-2024,118,Mumbai,Moderate
01-05-2024,102,Mumbai,Moderate
02-05-2024,92,Mumbai,Satisfactory
03-05-2024,117,Mumbai,Moderate
04-05-2024,89,Mumbai,Satisfactory
05-05-2024,79,Mumbai,Satisfactory
06-05-2024,68,Mumbai,Satisfactory
07-05-2024,65,Mumbai,Satisfactory
08-05-2024,77,Mumbai,Satisfactory
09-05-2024,70,Mumbai,Satisfactory
10-05-2024,67,Mumbai,Satisfactory
11-05-2024,68,Mumbai,Satisfactory
12-05-2024,77,Mumbai,Satisfactory
13-05-2024,73,Mumbai,Satisfactory
14-05-2024,132,Mumbai,Moderate
15-05-2024,137,Mumbai,Moderate
16-05-2024,96,Mumbai,Satisfactory
17-05-2024,97,Mumbai,Satisfactory
18-05-2024,90,Mumbai,Satisfactory
19-05-2024,89,Mumbai,Satisfactory
20-05-2024,68,Mumbai,Satisfactory
21-05-2024,66,Mumbai,Satisfactory
22-05-2024,74,Mumbai,Satisfactory
23-05-2024,75,Mumbai,Satisfactory
24-05-2024,70,Mumbai,Satisfactory
25-05-2024,64,Mumbai,Satisfactory
26-05-2024,61,Mumbai,Satisfactory
27-05-2024,69,Mumbai,Satisfactory
28-05-2024,69,Mumbai,Satisfactory
29-05-2024,71,Mumbai,Satisfactory
30-05-2024,82,Mumbai,Satisfactory
31-05-2024,71,Mumbai,Satisfactory
01-06-2024,62,Mumbai,Satisfactory
02-06-2024,50,Mumbai,Good
03-06-2024,68,Mumbai,Satisfactory
04-06-2024,82,Mumbai,Satisfactory
05-06-2024,69,Mumbai,Satisfactory
06-06-2024,59,Mumbai,Satisfactory
07-06-2024,62,Mumbai,Satisfactory
08-06-2024,57,Mumbai,Satisfactory
09-06-2024,56,Mumbai,Satisfactory
10-06-2024,48,Mumbai,Good
11-06-2024,48,Mumbai,Good
12-06-2024,52,Mumbai,Satisfactory
13-06-2024,50,Mumbai,Good
14-06-2024,45,Mumbai,Good
15-06-2024,48,Mumbai,Good
16-06-2024,49,Mumbai,Good
17-06-2024,64,Mumbai,Satisfactory
18-06-2024,54,Mumbai,Satisfactory
19-06-2024,46,Mumbai,Good
20-06-2024,50,Mumbai,Good
21-06-2024,64,Mumbai,Satisfactory
22-06-2024,48,Mumbai,Good
23-06-2024,64,Mumbai,Satisfactory
24-06-2024,44,Mumbai,Good
25-06-2024,45,Mumbai,Good
26-06-2024,43,Mumbai,Good
27-06-2024,36,Mumbai,Good
28-06-2024,38,Mumbai,Good
29-06-2024,58,Mumbai,Satisfactory
30-06-2024,52,Mumbai,Satisfactory
01-07-2024,60,Mumbai,Satisfactory
02-07-2024,54,Mumbai,Satisfactory
03-07-2024,61,Mumbai,Satisfactory
04-07-2024,59,Mumbai,Satisfactory
05-07-2024,51,Mumbai,Satisfactory
06-07-2024,56,Mumbai,Satisfactory
07-07-2024,74,Mumbai,Satisfactory
08-07-2024,47,Mumbai,Good
09-07-2024,36,Mumbai,Good
10-07-2024,42,Mumbai,Good
11-07-2024,38,Mumbai,Good
12-07-2024,36,Mumbai,Good
13-07-2024,37,Mumbai,Good
14-07-2024,35,Mumbai,Good
15-07-2024,47,Mumbai,Good
16-07-2024,34,Mumbai,Good
17-07-2024,40,Mumbai,Good
18-07-2024,33,Mumbai,Good
19-07-2024,30,Mumbai,Good
20-07-2024,32,Mumbai,Good
21-07-2024,36,Mumbai,Good
22-07-2024,33,Mumbai,Good
23-07-2024,34,Mumbai,Good
24-07-2024,42,Mumbai,Good
25-07-2024,34,Mumbai,Good
26-07-2024,42,Mumbai,Good
27-07-2024,47,Mumbai,Good
28-07-2024,62,Mumbai,Satisfactory
29-07-2024,51,Mumbai,Satisfactory
30-07-2024,52,Mumbai,Satisfactory
31-07-2024,42,Mumbai,Good
01-08-2024,41,Mumbai,Good
02-08-2024,32,Mumbai,Good
03-08-2024,31,Mumbai,Good
04-08-2024,36,Mumbai,Good
05-08-2024,37,Mumbai,Good
06-08-2024,35,Mumbai,Good
07-08-2024,34,Mumbai,Good
08-08-2024,38,Mumbai,Good
09-08-2024,39,Mumbai,Good
10-08-2024,37,Mumbai,Good
11-08-2024,36,Mumbai,Good
12-08-2024,42,Mumbai,Good
13-08-2024,43,Mumbai,Good
14-08-2024,45,Mumbai,Good
15-08-2024,48,Mumbai,Good
16-08-2024,44,Mumbai,Good
17-08-2024,51,Mumbai,Satisfactory
18-08-2024,58,Mumbai,Satisfactory
19-08-2024,56,Mumbai,Satisfactory
20-08-2024,59,Mumbai,Satisfactory
21-08-2024,55,Mumbai,Satisfactory
22-08-2024,63,Mumbai,Satisfactory
23-08-2024,41,Mumbai,Good
24-08-2024,34,Mumbai,Good
25-08-2024,32,Mumbai,Good
26-08-2024,39,Mumbai,Good
27-08-2024,41,Mumbai,Good
28-08-2024,39,Mumbai,Good
29-08-2024,43,Mumbai,Good
30-08-2024,45,Mumbai,Good
31-08-2024,38,Mumbai,Good
01-09-2024,39,Mumbai,Good
02-09-2024,45,Mumbai,Good
03-09-2024,43,Mumbai,Good
04-09-2024,46,Mumbai,Good
05-09-2024,36,Mumbai,Good
06-09-2024,40,Mumbai,Good
07-09-2024,37,Mumbai,Good
08-09-2024,34,Mumbai,Good
09-09-2024,37,Mumbai,Good
10-09-2024,31,Mumbai,Good
11-09-2024,40,Mumbai,Good
12-09-2024,43,Mumbai,Good
13-09-2024,59,Mumbai,Satisfactory
14-09-2024,51,Mumbai,Satisfactory
15-09-2024,43,Mumbai,Good
16-09-2024,65,Mumbai,Satisfactory
17-09-2024,60,Mumbai,Satisfactory
18-09-2024,65,Mumbai,Satisfactory
19-09-2024,66,Mumbai,Satisfactory
20-09-2024,76,Mumbai,Satisfactory
21-09-2024,64,Mumbai,Satisfactory
22-09-2024,56,Mumbai,Satisfactory
23-09-2024,53,Mumbai,Satisfactory
24-09-2024,44,Mumbai,Good
25-09-2024,50,Mumbai,Good
26-09-2024,38,Mumbai,Good
27-09-2024,34,Mumbai,Good
28-09-2024,30,Mumbai,Good
29-09-2024,33,Mumbai,Good
30-09-2024,43,Mumbai,Good
01-10-2024,66,Mumbai,Satisfactory
02-10-2024,101,Mumbai,Moderate
03-10-2024,58,Mumbai,Satisfactory
04-10-2024,54,Mumbai,Satisfactory
05-10-2024,54,Mumbai,Satisfactory
06-10-2024,61,Mumbai,Satisfactory
07-10-2024,116,Mumbai,Moderate
08-10-2024,115,Mumbai,Moderate
09-10-2024,84,Mumbai,Satisfactory
10-10-2024,59,Mumbai,Satisfactory
11-10-2024,55,Mumbai,Satisfactory
12-10-2024,68,Mumbai,Satisfactory
13-10-2024,56,Mumbai,Satisfactory
14-10-2024,67,Mumbai,Satisfactory
15-10-2024,58,Mumbai,Satisfactory
16-10-2024,77,Mumbai,Satisfactory
17-10-2024,75,Mumbai,Satisfactory
18-10-2024,87,Mumbai,Satisfactory
19-10-2024,45,Mumbai,Good
20-10-2024,76,Mumbai,Satisfactory
21-10-2024,51,Mumbai,Satisfactory
22-10-2024,86,Mumbai,Satisfactory
23-10-2024,71,Mumbai,Satisfactory
24-10-2024,102,Mumbai,Moderate
25-10-2024,124,Mumbai,Moderate
26-10-2024,112,Mumbai,Moderate
27-10-2024,144,Mumbai,Moderate
28-10-2024,132,Mumbai,Moderate
29-10-2024,96,Mumbai,Satisfactory
30-10-2024,94,Mumbai,Satisfactory
31-10-2024,167,Mumbai,Moderate
01-11-2024,169,Mumbai,Moderate
02-11-2024,208,Mumbai,Poor
03-11-2024,157,Mumbai,Moderate
04-11-2024,159,Mumbai,Moderate
05-11-2024,150,Mumbai,Moderate
06-11-2024,158,Mumbai,Moderate
07-11-2024,137,Mumbai,Moderate
08-11-2024,146,Mumbai,Moderate
09-11-2024,144,Mumbai,Moderate
10-11-2024,141,Mumbai,Moderate
11-11-2024,152,Mumbai,Moderate
12-11-2024,144,Mumbai,Moderate
13-11-2024,132,Mumbai,Moderate
14-11-2024,138,Mumbai,Moderate
15-11-2024,141,Mumbai,Moderate
16-11-2024,154,Mumbai,Moderate
17-11-2024,179,Mumbai,Moderate
18-11-2024,144,Mumbai,Moderate
19-11-2024,123,Mumbai,Moderate
20-11-2024,140,Mumbai,Moderate
21-11-2024,150,Mumbai,Moderate
22-11-2024,170,Mumbai,Moderate
23-11-2024,190,Mumbai,Moderate
24-11-2024,204,Mumbai,Poor
25-11-2024,184,Mumbai,Moderate
26-11-2024,156,Mumbai,Moderate
27-11-2024,137,Mumbai,Moderate
28-11-2024,133,Mumbai,Moderate
29-11-2024,134,Mumbai,Moderate
30-11-2024,135,Mumbai,Moderate
01-12-2024,167,Mumbai,Moderate
02-12-2024,174,Mumbai,Moderate
03-12-2024,129,Mumbai,Moderate
04-12-2024,139,Mumbai,Moderate
05-12-2024,154,Mumbai,Moderate
06-12-2024,148,Mumbai,Moderate
07-12-2024,126,Mumbai,Moderate
08-12-2024,125,Mumbai,Moderate
09-12-2024,112,Mumbai,Moderate
10-12-2024,131,Mumbai,Moderate
11-12-2024,139,Mumbai,Moderate
12-12-2024,137,Mumbai,Moderate
13-12-2024,128,Mumbai,Moderate
14-12-2024,134,Mumbai,Moderate
15-12-2024,159,Mumbai,Moderate
16-12-2024,158,Mumbai,Moderate
17-12-2024,188,Mumbai,Moderate
18-12-2024,199,Mumbai,Moderate
19-12-2024,198,Mumbai,Moderate
20-12-2024,180,Mumbai,Moderate
21-12-2024,194,Mumbai,Moderate
22-12-2024,178,Mumbai,Moderate
23-12-2024,131,Mumbai,Moderate
24-12-2024,146,Mumbai,Moderate
25-12-2024,186,Mumbai,Moderate
26-12-2024,160,Mumbai,Moderate
27-12-2024,154,Mumbai,Moderate
28-12-2024,188,Mumbai,Moderate
29-12-2024,186,Mumbai,Moderate
30-12-2024,121,Mumbai,Moderate
31-12-2024,124,Mumbai,Moderate
01-01-2025,140,Mumbai,Moderate
02-01-2025,119,Mumbai,Moderate
03-01-2025,126,Mumbai,Moderate
04-01-2025,154,Mumbai,Moderate
05-01-2025,162,Mumbai,Moderate
06-01-2025,132,Mumbai,Moderate
07-01-2025,143,Mumbai,Moderate
08-01-2025,137,Mumbai,Moderate
09-01-2025,133,Mumbai,Moderate
10-01-2025,141,Mumbai,Moderate
11-01-2025,147,Mumbai,Moderate
12-01-2025,107,Mumbai,Moderate
13-01-2025,128,Mumbai,Moderate
14-01-2025,132,Mumbai,Moderate
15-01-2025,140,Mumbai,Moderate
16-01-2025,132,Mumbai,Moderate
17-01-2025,140,Mumbai,Moderate
18-01-2025,132,Mumbai,Moderate
19-01-2025,155,Mumbai,Moderate
20-01-2025,149,Mumbai,Moderate
21-01-2025,144,Mumbai,Moderate
22-01-2025,154,Mumbai,Moderate
23-01-2025,134,Mumbai,Moderate
24-01-2025,126,Mumbai,Moderate
25-01-2025,154,Mumbai,Moderate
26-01-2025,159,Mumbai,Moderate
27-01-2025,148,Mumbai,Moderate
28-01-2025,120,Mumbai,Moderate
29-01-2025,117,Mumbai,Moderate
30-01-2025,124,Mumbai,Moderate
31-01-2025,109,Mumbai,Moderate
01-02-2025,89,Mumbai,Satisfactory
02-02-2025,122,Mumbai,Moderate
03-02-2025,128,Mumbai,Moderate
04-02-2025,111,Mumbai,Moderate
05-02-2025,113,Mumbai,Moderate
06-02-2025,128,Mumbai,Moderate
07-02-2025,166,Mumbai,Moderate
08-02-2025,163,Mumbai,Moderate
09-02-2025,141,Mumbai,Moderate
10-02-2025,114,Mumbai,Moderate
11-02-2025,115,Mumbai,Moderate
12-02-2025,109,Mumbai,Moderate
13-02-2025,121,Mumbai,Moderate
14-02-2025,122,Mumbai,Moderate
15-02-2025,129,Mumbai,Moderate
16-02-2025,127,Mumbai,Moderate
17-02-2025,91,Mumbai,Satisfactory
18-02-2025,110,Mumbai,Moderate
19-02-2025,122,Mumbai,Moderate
20-02-2025,118,Mumbai,Moderate
21-02-2025,109,Mumbai,Moderate
22-02-2025,113,Mumbai,Moderate
23-02-2025,120,Mumbai,Moderate
24-02-2025,112,Mumbai,Moderate
25-02-2025,123,Mumbai,Moderate
26-02-2025,132,Mumbai,Moderate
27-02-2025,141,Mumbai,Moderate
28-02-2025,137,Mumbai,Moderate
01-03-2025,109,Mumbai,Moderate
02-03-2025,109,Mumbai,Moderate
03-03-2025,111,Mumbai,Moderate
04-03-2025,120,Mumbai,Moderate
05-03-2025,117,Mumbai,Moderate
06-03-2025,121,Mumbai,Moderate
07-03-2025,130,Mumbai,Moderate
08-03-2025,126,Mumbai,Moderate
09-03-2025,98,Mumbai,Satisfactory
10-03-2025,117,Mumbai,Moderate
11-03-2025,159,Mumbai,Moderate
12-03-2025,147,Mumbai,Moderate
13-03-2025,121,Mumbai,Moderate
14-03-2025,120,Mumbai,Moderate
15-03-2025,71,Mumbai,Satisfactory
16-03-2025,83,Mumbai,Satisfactory
17-03-2025,101,Mumbai,Moderate
18-03-2025,87,Mumbai,Satisfactory
19-03-2025,84,Mumbai,Satisfactory
20-03-2025,88,Mumbai,Satisfactory
21-03-2025,86,Mumbai,Satisfactory
22-03-2025,74,Mumbai,Satisfactory
23-03-2025,82,Mumbai,Satisfactory
24-03-2025,92,Mumbai,Satisfactory
25-03-2025,96,Mumbai,Satisfactory
26-03-2025,74,Mumbai,Satisfactory
27-03-2025,59,Mumbai,Satisfactory
28-03-2025,73,Mumbai,Satisfactory
29-03-2025,131,Mumbai,Moderate
30-03-2025,129,Mumbai,Moderate
31-03-2025,109,Mumbai,Moderate
